date,VN30,VNAllshare,VNMidcap,VNSmallcap
2014-11-20,628.8,584.43,665.47,744.71
2014-11-21,623.74,579.36,657.75,731.69
2014-11-24,616.39,572.72,654.25,717.98
2014-11-25,623.23,578.24,656.87,723.07
2014-11-26,616.48,572.42,650.56,715.54
2014-11-27,615.57,572.7,655.56,721.95
2014-11-28,611.15,570.24,658.45,724.26
2014-12-01,614.44,572.21,655.63,723.77
2014-12-02,613.57,571.91,658.18,724.88
2014-12-03,619.29,576.55,661.72,729.54
2014-12-04,624.31,580.18,663.23,727.78
2014-12-05,624.67,580.46,664.28,727.68
2014-12-08,619.87,576.49,660.13,720.45
2014-12-09,603.85,561.34,640.26,695.17
2014-12-10,610.81,568.69,654.24,706.49
2014-12-11,604.8,563.25,649.47,698.83
2014-12-12,609.33,567.22,653.36,705.24
2014-12-15,603.92,563.16,650.08,706.11
2014-12-16,591.78,552.34,637.64,693.06
2014-12-17,569.71,532.97,621.62,670.18
2014-12-18,578.88,540.4,623.16,685.29
2014-12-19,570.61,532.83,615.29,671.67
2014-12-22,587.56,545.85,624.03,679.26
2014-12-23,589.61,547.18,621.8,675.78
2014-12-24,591.19,548.8,624.73,676.01
2014-12-25,585.19,543.55,620.3,668.49
2014-12-26,582.45,539.61,612.44,657.09
2014-12-29,583.36,538.43,606.12,641.64
2014-12-30,591.18,545.79,616.62,654.59
2014-12-31,601.66,556.52,631.36,673.39
2015-01-05,599.69,555.18,627.56,679.26
2015-01-06,606.37,560.74,632.42,685.34
2015-01-07,607.65,561.99,631.47,688.39
2015-01-08,606.85,561.0,628.54,686.31
2015-01-09,618.41,570.62,634.22,692.64
2015-01-12,615.73,566.94,628.24,683.34
2015-01-13,619.39,570.55,632.8,685.89
2015-01-14,616.84,569.32,636.34,688.13
2015-01-15,617.62,570.1,638.1,692.45
2015-01-16,614.72,568.42,637.63,696.04
2015-01-19,611.64,566.0,636.49,693.62
2015-01-20,609.19,564.58,637.93,694.28
2015-01-21,606.53,562.33,634.17,695.79
2015-01-22,610.31,565.12,636.25,696.8
2015-01-23,615.16,568.91,638.11,701.29
2015-01-26,612.64,568.89,644.6,702.26
2015-01-27,609.98,567.15,645.75,691.98
2015-01-28,613.53,570.32,651.21,692.79
2015-01-29,613.9,572.04,654.79,690.76
2015-01-30,606.54,565.66,647.59,685.46
2015-02-02,598.46,558.86,643.91,675.15
2015-02-03,585.47,546.54,628.44,666.27
2015-02-04,588.83,549.54,630.94,665.14
2015-02-05,591.28,552.36,636.14,668.61
2015-02-06,595.69,556.74,643.36,672.02
2015-02-09,594.77,555.35,639.82,668.25
2015-02-10,595.53,555.66,640.8,667.83
2015-02-11,607.33,565.04,646.88,676.69
2015-02-12,613.36,569.78,649.56,681.49
2015-02-13,617.2,572.87,650.46,685.44
2015-02-24,624.17,578.29,653.1,691.37
2015-02-25,619.44,575.1,651.11,686.37
2015-02-26,623.84,578.42,655.17,689.67
2015-02-27,618.39,574.91,654.14,691.55
2015-03-02,617.05,573.42,651.85,690.06
2015-03-03,627.27,581.16,655.87,694.81
2015-03-04,629.69,584.01,660.41,700.63
2015-03-05,625.25,581.25,661.17,702.0
2015-03-06,622.75,579.85,662.57,703.91
2015-03-09,620.88,577.12,657.48,694.59
2015-03-10,621.1,577.45,657.49,693.73
2015-03-11,619.27,575.43,654.0,691.67
2015-03-12,620.24,576.23,654.1,691.3
2015-03-13,616.94,574.08,654.52,690.0
2015-03-16,610.63,569.63,651.48,687.54
2015-03-17,611.24,569.92,650.23,691.0
2015-03-18,607.18,567.19,647.93,691.52
2015-03-19,601.31,562.75,645.28,690.29
2015-03-20,603.76,564.86,649.54,693.01
2015-03-23,598.07,560.15,645.29,685.67
2015-03-24,593.8,556.63,641.96,681.62
2015-03-25,590.17,554.27,641.32,682.3
2015-03-26,586.7,552.53,644.7,678.66
2015-03-27,583.02,548.9,641.5,674.15
2015-03-30,576.6,543.33,636.97,665.23
2015-03-31,579.97,547.46,643.49,669.49
2015-04-01,569.48,537.57,633.2,654.24
2015-04-02,576.13,543.73,642.04,660.24
2015-04-03,577.66,545.04,643.36,662.26
2015-04-06,572.71,540.95,640.03,659.72
2015-04-07,577.69,545.75,644.35,669.62
2015-04-08,575.94,545.35,648.52,668.51
2015-04-09,578.35,548.25,654.32,674.39
2015-04-10,583.34,551.94,654.41,675.69
2015-04-13,589.77,555.96,652.19,673.87
2015-04-14,587.24,553.21,647.92,668.41
2015-04-15,590.78,556.16,652.47,669.9
2015-04-16,595.09,559.3,656.45,669.68
2015-04-17,599.12,562.05,656.77,671.74
2015-04-20,595.82,559.41,653.76,669.4
2015-04-21,593.67,557.51,652.04,666.48
2015-04-22,594.0,557.74,653.18,661.31
2015-04-23,592.71,556.27,650.42,658.13
2015-04-24,596.1,558.63,652.02,658.15
2015-04-27,593.15,556.19,648.84,658.76
2015-05-04,576.52,540.42,628.78,638.23
2015-05-05,585.45,546.54,632.73,637.11
2015-05-06,579.39,540.62,626.25,625.41
2015-05-07,582.4,544.51,633.69,629.84
2015-05-08,582.91,545.45,635.29,637.09
2015-05-11,579.41,542.4,631.02,635.42
2015-05-12,571.0,535.39,624.46,632.78
2015-05-13,569.28,534.27,623.56,633.22
2015-05-14,569.89,535.59,628.62,631.83
2015-05-15,561.87,528.61,620.81,624.37
2015-05-18,552.9,520.13,609.84,612.58
2015-05-19,556.44,524.37,618.2,619.52
2015-05-20,572.34,537.61,631.0,633.71
2015-05-21,578.64,542.37,633.86,639.46
2015-05-22,586.58,548.85,638.77,644.3
2015-05-25,588.36,551.12,644.37,650.79
2015-05-26,591.13,553.15,645.0,651.72
2015-05-27,589.82,552.76,646.27,653.17
2015-05-28,594.27,557.99,654.39,661.22
2015-05-29,589.32,554.88,654.92,657.84
2015-06-01,593.61,557.87,654.76,658.5
2015-06-02,588.63,552.75,646.74,654.66
2015-06-03,585.6,551.45,647.51,662.4
2015-06-04,587.48,553.9,651.28,665.06
2015-06-05,592.22,558.67,658.84,669.09
2015-06-08,594.51,561.17,663.75,669.37
2015-06-09,593.36,558.37,656.82,662.62
2015-06-10,595.06,558.92,654.78,662.6
2015-06-11,601.4,564.4,659.92,670.26
2015-06-12,604.29,566.85,662.37,674.76
2015-06-15,604.53,567.29,664.27,674.49
2015-06-16,600.92,563.51,658.63,668.57
2015-06-17,598.25,561.43,657.96,663.75
2015-06-18,600.45,562.78,657.43,664.56
2015-06-19,603.26,565.05,658.63,667.45
2015-06-22,615.1,572.89,657.8,666.75
2015-06-23,614.42,572.61,657.38,668.0
2015-06-24,610.73,569.86,656.14,668.41
2015-06-25,609.49,568.59,653.09,665.5
2015-06-26,608.92,567.55,648.64,663.85
2015-06-29,620.22,575.04,651.73,663.31
2015-06-30,622.43,575.39,646.97,661.18
2015-07-01,622.91,575.03,644.38,657.5
2015-07-02,633.28,583.44,652.34,661.47
2015-07-03,639.87,589.02,657.99,663.46
2015-07-06,649.54,597.2,666.8,665.65
2015-07-07,653.27,600.18,669.42,667.38
2015-07-08,645.67,595.15,669.95,665.6
2015-07-09,646.58,595.36,667.84,665.99
2015-07-10,648.73,598.06,674.98,666.08
2015-07-13,652.28,602.88,684.58,666.37
2015-07-14,658.28,607.85,688.62,665.1
2015-07-15,651.45,602.07,681.55,661.35
2015-07-16,649.06,598.57,676.18,661.07
2015-07-17,651.03,600.76,680.07,665.24
2015-07-20,644.19,595.57,676.95,662.17
2015-07-21,641.45,593.56,675.13,661.13
2015-07-22,655.06,604.25,682.5,664.79
2015-07-23,655.74,604.67,682.94,660.73
2015-07-24,657.97,607.18,689.67,659.75
2015-07-27,665.66,613.62,699.51,663.75
2015-07-28,659.6,608.52,693.76,661.43
2015-07-29,651.21,601.81,687.87,659.9
2015-07-30,651.7,602.53,690.15,661.63
2015-07-31,647.36,599.06,685.49,662.95
2015-08-03,636.92,590.23,674.68,656.87
2015-08-04,631.27,585.99,676.33,658.14
2015-08-05,639.33,593.2,686.01,670.59
2015-08-06,633.53,588.86,682.08,668.55
2015-08-07,638.4,592.99,683.62,667.91
2015-08-10,649.99,602.75,689.23,671.33
2015-08-11,643.42,598.21,688.11,669.05
2015-08-12,632.9,590.18,683.87,664.79
2015-08-13,622.83,582.26,676.29,657.25
2015-08-14,618.94,580.18,678.49,659.3
2015-08-17,607.44,571.45,672.86,651.82
2015-08-18,611.8,574.52,674.27,651.84
2015-08-19,608.91,571.72,672.86,648.83
2015-08-20,598.22,563.28,666.97,644.19
2015-08-21,587.83,554.51,658.48,636.29
2015-08-24,558.92,528.16,625.82,613.39
2015-08-25,561.0,529.36,625.36,608.7
2015-08-26,574.88,541.69,639.91,621.47
2015-08-27,581.51,547.6,645.9,629.76
2015-08-28,597.81,559.72,651.42,630.5
2015-08-31,586.23,551.27,649.15,625.97
2015-09-01,583.61,549.41,649.45,627.9
2015-09-03,575.58,543.08,642.75,628.54
2015-09-04,578.78,546.28,645.21,632.13
2015-09-07,574.09,541.74,640.09,630.64
2015-09-08,583.35,548.93,646.03,637.48
2015-09-09,587.69,552.57,650.12,639.99
2015-09-10,588.54,553.29,648.12,641.18
2015-09-11,583.27,549.04,646.49,638.62
2015-09-14,576.0,542.74,639.66,633.52
2015-09-15,571.53,539.36,638.03,632.05
2015-09-16,576.78,543.21,639.16,632.79
2015-09-17,576.68,543.56,641.06,632.89
2015-09-18,582.73,548.54,647.94,637.65
2015-09-21,590.46,555.06,653.49,641.99
2015-09-22,592.78,557.17,656.51,640.2
2015-09-23,591.23,556.31,658.7,641.59
2015-09-24,589.42,555.23,659.4,643.26
2015-09-25,588.11,555.37,664.3,645.24
2015-09-28,582.42,551.14,660.29,642.6
2015-09-29,578.98,547.77,656.72,640.29
2015-09-30,580.32,549.6,661.14,643.07
2015-10-01,582.33,551.13,662.86,640.3
2015-10-02,580.74,550.75,666.52,644.09
2015-10-05,588.73,557.6,673.51,649.1
2015-10-06,599.92,567.33,685.95,658.65
2015-10-07,598.42,565.41,681.63,654.42
2015-10-08,604.91,571.78,692.24,661.32
2015-10-09,605.6,571.65,689.36,660.87
2015-10-12,609.55,573.79,687.13,662.03
2015-10-13,607.03,572.96,690.14,665.96
2015-10-14,607.57,574.12,692.43,666.08
2015-10-15,607.95,575.16,697.37,668.79
2015-10-16,609.73,577.13,700.34,669.59
2015-10-19,611.37,579.6,704.01,671.2
2015-10-20,605.56,575.25,700.53,669.69
2015-10-21,604.34,574.38,698.73,672.45
2015-10-22,609.78,579.79,705.67,679.98
2015-10-23,616.07,584.88,707.96,679.9
2015-10-26,612.21,581.62,705.76,677.6
2015-10-27,611.57,581.87,706.99,681.22
2015-10-28,609.68,581.33,708.97,686.21
2015-10-29,618.01,589.32,717.16,693.14
2015-10-30,619.21,590.18,720.41,690.01
2015-11-02,613.19,583.61,710.07,678.31
2015-11-03,623.85,592.87,717.95,683.59
2015-11-04,621.35,590.72,715.72,680.01
2015-11-05,625.71,594.69,719.7,683.33
2015-11-06,622.67,591.92,715.28,680.54
2015-11-09,619.44,589.83,715.88,682.46
2015-11-10,614.56,586.28,714.73,680.87
2015-11-11,612.71,584.8,713.86,677.36
2015-11-12,614.39,587.46,722.71,679.48
2015-11-13,622.34,595.27,734.26,683.35
2015-11-16,619.14,593.59,737.35,681.31
2015-11-17,614.39,589.99,735.7,684.9
2015-11-18,612.25,588.59,735.62,686.77
2015-11-19,609.05,587.05,740.35,687.02
2015-11-20,611.16,589.65,745.24,692.48
2015-11-23,606.93,587.16,748.58,695.28
2015-11-24,600.21,581.63,744.87,694.39
2015-11-25,602.67,583.72,745.26,698.71
2015-11-26,598.04,579.65,742.55,693.1
2015-11-27,590.59,572.66,732.49,686.78
2015-11-30,581.94,565.68,724.74,678.61
2015-12-01,579.06,563.98,726.6,677.43
2015-12-02,583.94,568.63,732.78,684.77
2015-12-03,585.23,569.15,730.05,684.75
2015-12-04,582.96,567.42,729.42,683.21
2015-12-07,575.34,561.76,725.74,683.11
2015-12-08,584.85,569.82,733.8,687.36
2015-12-09,574.54,561.11,725.22,681.59
2015-12-10,572.5,557.8,716.28,675.48
2015-12-11,578.01,562.32,722.17,677.41
2015-12-14,579.42,563.22,723.62,677.56
2015-12-15,582.28,566.27,728.22,681.3
2015-12-16,583.97,569.1,737.16,683.54
2015-12-17,586.47,571.93,743.54,688.45
2015-12-18,578.85,566.12,738.84,687.15
2015-12-21,577.73,564.55,736.84,682.59
2015-12-22,576.8,563.3,732.42,682.62
2015-12-23,575.46,561.78,728.18,681.08
2015-12-24,576.71,563.52,730.43,683.15
2015-12-25,579.32,565.43,728.69,679.96
2015-12-28,583.16,568.93,728.99,673.24
2015-12-29,589.43,574.11,731.95,678.73
2015-12-30,594.8,578.61,737.69,681.77
2015-12-31,595.57,579.94,739.87,688.05
2016-01-04,589.91,575.79,735.89,686.57
2016-01-05,583.62,570.72,731.05,683.84
2016-01-06,589.97,575.94,735.65,687.61
2016-01-07,582.3,569.0,724.74,678.22
2016-01-08,575.96,562.96,719.2,666.14
2016-01-11,573.72,560.07,712.12,662.07
2016-01-12,582.39,568.09,724.0,669.82
2016-01-13,578.63,564.9,723.08,666.69
2016-01-14,569.17,557.15,715.45,659.58
2016-01-15,555.76,546.57,709.35,655.54
2016-01-18,541.18,533.64,692.97,642.43
2016-01-19,550.29,541.86,703.11,650.28
2016-01-20,544.24,536.9,697.85,647.61
2016-01-21,538.53,532.17,693.08,641.18
2016-01-22,539.37,533.49,697.8,643.11
2016-01-25,562.19,552.24,715.93,660.36
2016-01-26,554.52,545.12,707.98,653.42
2016-01-27,558.98,549.32,714.25,658.18
2016-01-28,556.86,547.29,710.65,653.91
2016-01-29,561.61,551.21,716.72,659.64
2016-02-01,557.98,548.12,711.31,656.42
2016-02-02,555.09,545.73,709.29,652.67
2016-02-03,556.53,547.31,710.09,654.72
2016-02-04,561.22,551.47,714.64,659.31
2016-02-05,563.97,554.8,720.55,666.01
2016-02-15,559.19,552.34,723.13,667.67
2016-02-16,562.32,556.68,732.38,674.13
2016-02-17,561.1,556.54,732.65,676.83
2016-02-18,566.85,561.1,737.04,681.85
2016-02-19,567.51,561.46,739.14,682.56
2016-02-22,574.37,567.7,747.35,687.8
2016-02-23,573.78,567.4,746.85,687.44
2016-02-24,578.87,570.72,748.03,688.28
2016-02-25,573.02,565.7,743.09,684.0
2016-02-26,577.71,569.39,745.65,689.59
2016-02-29,570.66,564.34,745.34,690.23
2016-03-01,572.99,566.38,745.22,694.59
2016-03-02,579.17,572.24,750.38,701.09
2016-03-03,579.11,571.57,746.12,701.28
2016-03-04,580.94,574.55,752.61,706.63
2016-03-07,582.6,574.78,749.87,705.31
2016-03-08,582.54,574.77,748.03,704.79
2016-03-09,581.25,574.17,748.38,704.9
2016-03-10,583.77,577.83,757.98,712.92
2016-03-11,583.89,578.14,757.97,714.34
2016-03-14,587.09,580.09,756.92,719.09
2016-03-15,583.02,576.16,750.7,714.63
2016-03-16,583.79,576.97,752.24,717.28
2016-03-17,586.47,580.08,757.76,720.33
2016-03-18,581.95,576.67,756.21,720.92
2016-03-21,579.95,574.22,750.1,717.95
2016-03-22,577.97,572.4,745.44,722.48
2016-03-23,580.6,576.1,754.27,727.87
2016-03-24,577.31,574.36,755.79,725.66
2016-03-25,578.24,574.69,753.54,724.86
2016-03-28,582.37,579.47,760.1,732.32
2016-03-29,575.16,573.81,753.37,731.67
2016-03-30,577.11,576.14,756.7,734.12
2016-03-31,571.69,570.55,746.83,728.16
2016-04-01,568.27,566.81,738.08,725.54
2016-04-04,565.71,564.43,735.07,722.23
2016-04-05,570.43,568.28,737.17,725.1
2016-04-06,576.4,573.47,744.21,727.25
2016-04-07,579.28,576.61,747.49,733.2
2016-04-08,578.97,578.18,753.23,738.49
2016-04-11,586.78,586.45,761.61,747.03
2016-04-12,587.47,587.88,763.42,747.58
2016-04-13,584.63,586.0,762.98,748.74
2016-04-14,586.21,587.63,762.62,755.08
2016-04-15,584.47,586.28,762.34,753.08
2016-04-19,575.06,576.08,750.87,741.44
2016-04-20,575.35,576.12,752.6,736.65
2016-04-21,582.76,581.96,754.25,742.29
2016-04-22,595.38,592.88,761.0,750.15
2016-04-25,594.16,591.99,764.4,753.04
2016-04-26,601.27,597.46,765.67,755.74
2016-04-27,597.43,594.36,764.77,755.86
2016-04-28,595.63,592.1,761.52,753.5
2016-04-29,601.25,597.38,767.57,759.39
2016-05-04,602.57,598.9,771.06,762.81
2016-05-05,604.69,600.73,773.69,761.3
2016-05-06,607.55,601.73,769.15,755.97
2016-05-09,604.24,598.97,767.85,748.57
2016-05-10,604.56,598.27,764.7,745.82
2016-05-11,611.96,605.41,771.68,751.47
2016-05-12,612.04,605.32,771.79,751.24
2016-05-13,609.97,603.39,770.86,747.19
2016-05-16,615.17,607.23,771.38,743.39
2016-05-17,622.93,612.85,774.82,749.02
2016-05-18,623.92,612.63,774.47,747.52
2016-05-19,621.13,610.95,773.35,751.16
2016-05-20,616.4,607.87,773.63,756.59
2016-05-23,614.45,607.3,776.2,755.88
2016-05-24,614.62,608.23,780.36,757.9
2016-05-25,612.74,607.17,781.31,759.09
2016-05-26,607.16,601.59,774.82,756.2
2016-05-27,611.0,605.14,777.84,759.26
2016-05-30,616.73,610.3,783.1,761.04
2016-05-31,617.52,611.56,789.32,761.87
2016-06-01,619.38,613.5,789.95,768.11
2016-06-02,621.18,616.09,793.15,780.65
2016-06-03,621.05,616.66,797.44,780.14
2016-06-06,618.88,614.53,798.25,775.69
2016-06-07,624.01,620.34,808.1,781.4
2016-06-08,630.09,625.29,812.05,786.87
2016-06-09,630.66,626.39,813.4,794.21
2016-06-10,629.27,626.11,816.71,797.81
2016-06-13,621.75,619.51,809.49,795.8
2016-06-14,625.36,623.28,813.69,801.82
2016-06-15,624.19,624.27,821.27,806.82
2016-06-16,622.54,624.0,824.02,809.94
2016-06-17,615.75,618.32,819.25,805.87
2016-06-20,624.19,627.09,834.16,813.18
2016-06-21,626.97,629.83,836.03,817.12
2016-06-22,624.18,628.83,841.0,822.4
2016-06-23,626.5,633.36,854.06,828.92
2016-06-24,612.69,622.35,849.08,816.17
2016-06-27,614.42,622.83,844.04,811.7
2016-06-28,614.31,623.56,846.2,815.94
2016-06-29,621.39,631.75,861.64,832.08
2016-06-30,621.79,633.18,862.65,834.03
2016-07-01,626.34,638.39,865.79,846.19
2016-07-04,633.57,645.23,874.07,856.46
2016-07-05,636.27,647.05,875.99,856.12
2016-07-06,636.18,648.65,882.61,864.63
2016-07-07,644.52,659.13,903.66,877.74
2016-07-08,643.56,658.5,903.36,877.6
2016-07-11,636.02,649.84,891.14,856.16
2016-07-12,641.58,654.63,894.09,860.77
2016-07-13,656.89,666.84,900.61,868.09
2016-07-14,651.14,660.04,893.53,850.41
2016-07-15,653.63,660.28,886.11,843.48
2016-07-18,662.29,668.14,897.04,849.56
2016-07-19,654.17,660.82,887.7,846.51
2016-07-20,645.15,652.7,876.25,840.68
2016-07-21,643.16,649.95,871.01,830.71
2016-07-22,634.34,642.57,865.48,821.13
2016-07-25,633.21,641.63,864.16,821.57
2016-07-26,634.68,643.42,865.97,820.85
2016-07-27,639.63,648.47,872.11,828.37
2016-07-28,644.33,652.35,870.8,829.72
2016-07-29,639.17,647.72,868.75,828.83
2016-08-01,635.41,642.71,858.61,819.42
2016-08-02,623.16,630.03,840.48,800.46
2016-08-03,619.8,626.15,834.23,796.34
2016-08-04,617.41,622.36,826.0,790.84
2016-08-05,615.06,618.58,820.48,785.39
2016-08-08,614.65,618.48,822.23,782.65
2016-08-09,621.43,625.39,829.35,791.19
2016-08-10,632.86,637.32,842.62,797.88
2016-08-11,645.1,647.67,852.69,803.56
2016-08-12,641.11,643.6,846.31,797.3
2016-08-15,645.66,647.86,852.83,800.27
2016-08-16,646.44,649.36,860.32,806.97
2016-08-17,650.82,653.69,867.81,809.31
2016-08-18,652.87,654.93,866.3,807.89
2016-08-19,654.42,654.52,861.69,805.47
2016-08-22,647.46,648.21,858.51,795.87
2016-08-23,650.92,652.31,861.17,796.92
2016-08-24,650.95,652.28,857.7,800.87
2016-08-25,649.06,651.26,857.87,803.85
2016-08-26,656.71,656.53,860.83,806.6
2016-08-29,656.23,654.82,853.99,792.05
2016-08-30,661.2,659.14,859.94,793.14
2016-08-31,665.25,663.44,866.23,795.68
2016-09-01,659.09,659.89,867.69,800.29
2016-09-05,655.08,656.56,863.27,801.96
2016-09-06,656.02,657.51,868.89,801.77
2016-09-07,654.79,656.53,872.8,800.97
2016-09-08,659.25,660.84,878.37,805.88
2016-09-09,658.66,661.05,879.44,809.48
2016-09-12,651.63,653.74,865.19,795.22
2016-09-13,651.8,653.46,862.54,795.02
2016-09-14,646.93,649.08,860.08,790.78
2016-09-15,645.02,649.54,862.71,786.67
2016-09-16,639.37,646.24,859.84,784.99
2016-09-19,648.83,652.28,865.25,788.56
2016-09-20,653.66,656.44,869.59,792.97
2016-09-21,657.44,660.11,869.29,797.21
2016-09-22,662.31,664.87,876.89,801.97
2016-09-23,664.31,666.7,874.85,806.1
2016-09-26,666.1,669.02,879.16,807.67
2016-09-27,671.21,674.33,885.17,811.81
2016-09-28,669.17,672.58,889.44,809.22
2016-09-29,670.3,673.59,890.86,807.11
2016-09-30,668.44,671.46,888.04,804.88
2016-10-03,662.42,667.23,890.53,806.85
2016-10-04,661.89,665.65,881.83,798.38
2016-10-05,663.95,667.38,884.85,799.96
2016-10-06,663.12,667.05,887.26,806.11
2016-10-07,657.54,663.12,884.77,803.91
2016-10-10,647.25,654.22,876.19,797.87
2016-10-11,654.88,659.25,877.32,800.65
2016-10-12,653.25,659.34,881.44,802.23
2016-10-13,658.29,663.82,883.36,808.21
2016-10-14,657.59,663.97,883.23,812.81
2016-10-17,650.46,658.86,881.76,808.55
2016-10-18,653.32,660.58,879.73,810.11
2016-10-19,659.39,665.26,879.75,809.84
2016-10-20,657.15,662.29,872.89,812.11
2016-10-21,655.17,659.31,864.73,812.38
2016-10-24,648.29,652.46,854.96,807.21
2016-10-25,644.91,649.13,850.99,801.36
2016-10-26,641.81,647.26,852.75,798.71
2016-10-27,644.18,649.33,853.88,797.94
2016-10-28,649.27,653.62,858.76,800.45
2016-10-31,644.22,649.24,855.72,795.61
2016-11-01,643.05,648.74,855.79,796.42
2016-11-02,636.54,642.32,846.41,790.85
2016-11-03,632.81,638.95,841.06,786.75
2016-11-04,632.54,638.89,843.49,783.14
2016-11-07,639.91,644.92,849.55,789.22
2016-11-08,642.01,645.91,847.87,788.51
2016-11-09,635.42,639.81,841.14,778.73
2016-11-10,641.9,647.02,851.17,795.55
2016-11-11,642.0,647.27,848.79,794.95
2016-11-14,634.13,640.67,845.37,793.19
2016-11-15,637.51,641.85,842.35,792.55
2016-11-16,638.72,643.11,842.6,795.38
2016-11-17,636.02,641.22,842.68,791.3
2016-11-18,634.35,638.83,837.75,789.82
2016-11-21,638.87,641.38,835.48,789.7
2016-11-22,643.76,644.76,835.89,788.95
2016-11-23,647.59,646.76,835.98,787.83
2016-11-24,647.47,645.99,834.6,789.46
2016-11-25,643.38,642.34,830.82,788.16
2016-11-28,630.62,631.75,822.36,782.55
2016-11-29,625.78,627.56,813.94,781.3
2016-11-30,631.89,633.33,818.45,785.16
2016-12-01,631.55,632.72,818.35,787.35
2016-12-02,629.64,630.99,815.57,786.76
2016-12-05,625.32,627.06,808.14,787.38
2016-12-06,616.26,618.87,799.01,776.41
2016-12-07,615.0,618.37,801.81,774.13
2016-12-08,619.45,621.92,803.98,773.76
2016-12-09,619.64,622.3,807.61,766.19
2016-12-12,612.83,614.97,797.88,750.06
2016-12-13,606.71,609.19,791.42,743.79
2016-12-14,615.26,616.71,798.58,756.3
2016-12-15,613.25,613.7,793.51,756.36
2016-12-16,621.04,620.95,804.36,754.16
2016-12-19,623.85,623.43,807.44,757.71
2016-12-20,616.74,616.84,803.49,754.42
2016-12-21,618.43,618.48,805.56,758.13
2016-12-22,618.35,617.35,802.1,754.12
2016-12-23,620.75,618.56,800.74,751.02
2016-12-26,621.73,618.11,798.45,746.98
2016-12-27,623.46,619.91,799.72,745.03
2016-12-28,624.83,620.46,799.7,744.89
2016-12-29,626.95,623.01,802.06,747.44
2016-12-30,628.21,623.19,800.86,749.59
2017-01-03,633.89,627.36,805.26,749.63
2017-01-04,632.7,627.8,810.46,747.88
2017-01-05,634.83,628.9,807.65,751.13
2017-01-06,636.34,630.25,808.53,749.92
2017-01-09,638.4,631.5,808.11,750.27
2017-01-10,639.36,631.69,807.09,749.87
2017-01-11,643.39,634.98,810.68,749.58
2017-01-12,642.25,634.74,812.81,750.44
2017-01-13,640.07,633.62,812.49,751.6
2017-01-16,632.7,627.71,808.77,744.83
2017-01-17,637.54,629.85,806.68,742.04
2017-01-18,633.1,626.25,805.24,737.42
2017-01-19,631.0,624.62,804.35,735.21
2017-01-20,634.28,627.78,809.04,737.43
2017-01-23,635.42,628.39,807.5,736.64
2017-01-24,639.32,632.08,814.29,742.31
2017-01-25,644.79,637.84,822.47,750.17
2017-02-02,652.98,644.82,825.37,754.69
2017-02-03,651.18,643.0,822.37,753.37
2017-02-06,654.03,645.26,824.24,754.08
2017-02-07,656.48,647.63,826.01,757.37
2017-02-08,657.97,649.36,829.57,760.65
2017-02-09,658.83,650.99,833.74,767.27
2017-02-10,658.78,651.88,839.42,769.43
2017-02-13,662.68,656.31,848.9,776.0
2017-02-14,663.43,656.49,846.01,780.41
2017-02-15,669.08,662.25,849.77,788.14
2017-02-16,667.72,660.8,849.88,785.61
2017-02-17,668.1,661.94,856.89,787.79
2017-02-20,667.56,665.27,871.6,798.16
2017-02-21,671.52,669.66,875.59,806.79
2017-02-22,668.61,667.46,876.99,804.03
2017-02-23,667.42,666.83,879.23,804.37
2017-02-24,661.81,664.01,882.1,805.01
2017-02-27,666.22,667.41,882.55,807.47
2017-02-28,657.95,660.03,874.63,803.4
2017-03-01,655.99,658.27,874.59,799.82
2017-03-02,653.76,656.43,875.48,798.97
2017-03-03,656.77,658.53,875.97,796.82
2017-03-06,658.61,661.31,881.88,802.15
2017-03-07,659.9,663.38,888.48,806.59
2017-03-08,662.48,665.98,894.2,808.33
2017-03-09,664.3,666.51,891.77,807.07
2017-03-10,663.49,665.88,892.86,804.31
2017-03-13,662.67,665.3,891.63,807.08
2017-03-14,665.46,667.81,894.48,809.69
2017-03-15,663.57,667.19,896.69,811.52
2017-03-16,668.07,672.03,904.38,816.0
2017-03-17,668.35,672.07,903.0,818.78
2017-03-20,676.02,678.33,910.35,825.47
2017-03-21,679.69,680.54,913.77,825.03
2017-03-22,677.96,677.25,903.2,813.3
2017-03-23,689.32,685.9,904.78,814.19
2017-03-24,691.76,687.12,900.9,815.65
2017-03-27,693.49,689.05,906.65,813.34
2017-03-28,688.31,685.14,905.73,812.4
2017-03-29,689.91,687.36,911.63,812.15
2017-03-30,692.5,690.22,914.86,816.69
2017-03-31,693.22,690.42,915.15,816.99
2017-04-03,696.73,693.53,919.96,818.08
2017-04-04,699.07,695.17,919.64,817.89
2017-04-05,691.07,689.68,918.75,819.16
2017-04-07,697.62,693.94,918.77,819.13
2017-04-10,696.72,694.77,925.55,820.25
2017-04-11,697.93,696.36,928.79,821.27
2017-04-12,692.4,691.36,923.6,814.93
2017-04-13,687.72,688.63,925.32,813.55
2017-04-14,678.45,680.37,917.14,807.26
2017-04-17,669.31,671.87,903.73,798.42
2017-04-18,675.71,677.64,910.34,802.64
2017-04-19,679.69,682.76,924.68,806.72
2017-04-20,674.3,678.24,921.99,806.57
2017-04-21,672.6,677.7,926.59,805.06
2017-04-24,667.08,673.51,926.61,801.24
2017-04-25,668.58,674.99,928.6,803.24
2017-04-26,673.53,679.98,936.45,809.9
2017-04-27,681.36,687.18,942.8,816.82
2017-04-28,680.49,687.03,942.92,819.09
2017-05-03,684.99,690.77,947.28,823.38
2017-05-04,686.29,692.53,951.42,828.6
2017-05-05,684.17,693.01,960.68,839.23
2017-05-08,681.11,692.83,969.86,846.9
2017-05-09,688.08,699.57,981.24,855.96
2017-05-10,690.53,701.13,981.26,856.64
2017-05-11,691.02,701.69,981.18,859.98
2017-05-12,690.84,703.11,987.97,866.56
2017-05-15,695.22,708.61,1000.01,877.99
2017-05-16,692.91,705.98,994.02,871.46
2017-05-17,696.37,709.53,998.91,872.1
2017-05-18,695.3,707.64,996.64,861.49
2017-05-19,702.03,713.07,1002.14,862.71
2017-05-22,710.86,718.92,1000.74,859.2
2017-05-23,708.62,716.9,996.95,859.3
2017-05-24,718.28,724.95,1007.68,863.33
2017-05-25,716.4,725.13,1017.73,868.07
2017-05-26,718.87,728.0,1020.89,871.3
2017-05-29,722.26,729.95,1018.09,873.97
2017-05-30,711.48,719.4,1003.2,863.28
2017-05-31,713.43,720.42,1002.71,860.67
2017-06-01,719.76,726.17,1008.06,865.01
2017-06-02,718.33,726.52,1014.42,871.73
2017-06-05,721.74,728.97,1010.88,876.71
2017-06-06,732.69,737.38,1016.79,880.92
2017-06-07,737.18,741.46,1021.33,885.81
2017-06-08,737.52,741.72,1022.17,883.26
2017-06-09,740.2,742.88,1017.71,882.48
2017-06-12,736.86,740.61,1017.56,878.25
2017-06-13,741.39,744.17,1019.22,879.79
2017-06-14,745.53,746.22,1018.0,881.13
2017-06-15,746.59,747.75,1021.11,879.83
2017-06-16,750.07,750.98,1025.7,880.58
2017-06-19,757.5,758.2,1037.41,884.7
2017-06-20,759.67,759.84,1042.18,886.45
2017-06-21,759.84,760.6,1044.3,885.45
2017-06-22,757.94,760.88,1055.41,889.92
2017-06-23,758.24,762.86,1064.84,894.76
2017-06-26,760.8,765.29,1067.58,893.34
2017-06-27,755.07,759.25,1055.25,888.49
2017-06-28,757.1,761.68,1059.39,891.96
2017-06-29,761.21,765.45,1065.21,897.29
2017-06-30,765.41,769.11,1067.2,896.77
2017-07-03,765.8,769.34,1068.14,898.76
2017-07-04,763.92,767.47,1064.5,901.16
2017-07-05,765.87,769.93,1069.39,907.56
2017-07-06,770.58,773.77,1069.56,913.82
2017-07-07,761.61,766.0,1064.36,907.94
2017-07-10,750.79,755.2,1047.95,902.64
2017-07-11,752.75,758.53,1054.62,907.51
2017-07-12,757.57,764.33,1064.02,915.97
2017-07-13,761.36,767.83,1068.33,919.3
2017-07-14,759.97,767.13,1071.02,919.17
2017-07-17,745.59,755.28,1061.75,912.64
2017-07-18,741.32,749.98,1047.88,907.52
2017-07-19,737.77,748.88,1054.24,910.5
2017-07-20,736.64,747.47,1049.29,911.74
2017-07-21,728.47,740.31,1038.93,909.01
2017-07-24,729.54,739.25,1029.24,903.98
2017-07-25,737.93,746.59,1038.11,908.82
2017-07-26,745.79,756.15,1058.57,921.81
2017-07-27,743.7,754.42,1057.17,921.11
2017-07-28,749.86,759.97,1063.71,925.43
2017-07-31,756.24,764.52,1063.55,927.33
2017-08-01,758.36,765.27,1059.94,929.56
2017-08-02,756.04,763.19,1055.0,930.44
2017-08-03,757.88,765.81,1058.62,939.75
2017-08-04,761.44,769.28,1061.65,949.39
2017-08-07,763.08,771.38,1062.67,964.35
2017-08-08,758.42,766.51,1051.24,969.51
2017-08-09,741.36,750.95,1034.1,955.9
2017-08-10,743.42,751.38,1029.93,947.09
2017-08-11,744.99,751.87,1030.03,936.35
2017-08-14,751.39,757.79,1040.39,940.62
2017-08-15,746.07,753.15,1036.89,937.63
2017-08-16,749.37,755.26,1037.54,935.92
2017-08-17,743.2,748.33,1023.24,924.12
2017-08-18,744.3,749.55,1023.98,929.1
2017-08-21,743.66,748.69,1023.1,924.56
2017-08-22,738.2,743.28,1016.93,913.36
2017-08-23,743.1,746.72,1019.13,908.38
2017-08-24,747.72,750.57,1024.11,907.25
2017-08-25,751.14,753.54,1025.68,911.53
2017-08-28,758.02,759.41,1032.72,911.63
2017-08-29,754.59,756.76,1033.61,904.84
2017-08-30,764.57,764.35,1035.69,904.59
2017-08-31,770.08,767.45,1031.58,903.23
2017-09-01,774.06,771.56,1034.63,909.22
2017-09-05,777.02,773.22,1031.83,905.18
2017-09-06,776.97,772.32,1028.91,903.29
2017-09-07,779.2,774.15,1032.79,902.87
2017-09-08,784.74,777.8,1031.81,903.06
2017-09-11,779.58,772.04,1021.66,896.19
2017-09-12,782.54,775.45,1028.67,902.65
2017-09-13,786.43,780.21,1040.37,910.2
2017-09-14,789.41,782.8,1041.51,914.41
2017-09-15,789.49,783.36,1042.33,922.41
2017-09-18,793.7,787.47,1046.65,929.15
2017-09-19,792.68,786.58,1045.81,929.73
2017-09-20,790.48,785.65,1048.83,930.07
2017-09-21,786.41,783.34,1052.85,929.82
2017-09-22,789.7,785.97,1053.88,934.81
2017-09-25,789.89,785.68,1051.63,932.92
2017-09-26,791.05,786.72,1053.98,929.79
2017-09-27,788.31,783.82,1047.61,925.4
2017-09-28,790.75,783.96,1039.03,919.72
2017-09-29,792.72,785.48,1041.86,913.72
2017-10-02,790.7,782.21,1034.06,904.13
2017-10-03,787.02,778.38,1027.61,900.15
2017-10-04,795.76,786.41,1035.63,910.98
2017-10-05,797.42,787.28,1032.71,911.29
2017-10-06,800.42,789.58,1033.51,914.0
2017-10-09,801.49,790.81,1036.92,915.08
2017-10-10,805.3,794.69,1045.15,916.08
2017-10-11,806.83,795.9,1043.28,918.11
2017-10-12,809.6,797.97,1043.16,922.97
2017-10-13,815.47,802.56,1045.21,921.46
2017-10-16,811.85,799.61,1043.17,923.96
2017-10-17,818.48,804.29,1043.23,923.34
2017-10-18,816.84,801.31,1034.47,915.39
2017-10-19,817.39,801.68,1032.83,920.06
2017-10-20,813.99,797.24,1021.02,914.99
2017-10-23,809.36,790.51,1001.72,903.95
2017-10-24,815.24,795.35,1005.56,905.94
2017-10-25,821.45,800.04,1008.41,904.46
2017-10-26,822.53,798.61,995.46,897.69
2017-10-27,834.91,807.8,996.1,899.99
2017-10-30,837.52,807.24,981.39,894.29
2017-10-31,831.62,801.33,972.59,883.21
2017-11-01,835.38,803.25,967.89,872.91
2017-11-02,827.66,795.18,949.27,860.57
2017-11-03,840.04,804.98,957.56,866.09
2017-11-06,844.73,812.05,975.76,876.03
2017-11-07,846.03,813.89,978.06,878.28
2017-11-08,853.57,821.35,982.3,880.85
2017-11-09,853.05,823.1,986.28,881.14
2017-11-10,858.55,828.41,988.68,885.0
2017-11-13,868.11,837.71,991.19,881.44
2017-11-14,871.08,839.59,996.39,879.19
2017-11-15,877.58,845.49,1003.55,879.52
2017-11-16,890.01,856.85,1017.63,885.61
2017-11-17,887.41,854.95,1014.18,882.89
2017-11-20,899.31,865.86,1018.05,883.39
2017-11-21,910.54,872.8,1011.89,880.09
2017-11-22,922.18,880.57,1018.7,880.45
2017-11-23,922.92,881.77,1020.22,885.4
2017-11-24,926.21,886.81,1038.82,897.12
2017-11-27,930.9,893.31,1052.91,908.92
2017-11-28,935.74,896.01,1050.04,906.18
2017-11-29,946.55,903.8,1053.34,907.51
2017-11-30,943.05,901.88,1056.12,912.4
2017-12-01,952.46,911.3,1064.0,917.62
2017-12-04,966.44,923.61,1070.49,922.28
2017-12-05,944.07,905.75,1065.48,915.33
2017-12-06,939.06,901.77,1067.16,911.54
2017-12-07,928.74,894.25,1073.37,916.71
2017-12-08,930.25,895.91,1072.99,916.8
2017-12-11,908.29,878.53,1058.79,904.59
2017-12-12,914.82,881.88,1053.24,896.44
2017-12-13,913.33,880.92,1051.36,896.4
2017-12-14,928.21,895.03,1066.25,910.83
2017-12-15,926.7,893.73,1071.65,913.96
2017-12-18,950.81,913.52,1076.57,918.35
2017-12-19,947.62,909.28,1067.43,915.12
2017-12-20,948.78,910.66,1072.64,914.67
2017-12-21,936.53,902.1,1070.22,911.92
2017-12-22,945.88,908.21,1065.5,909.53
2017-12-25,949.28,909.57,1057.32,909.59
2017-12-26,955.73,915.36,1063.25,910.98
2017-12-27,958.02,916.73,1060.12,914.97
2017-12-28,966.91,923.42,1063.56,917.16
2017-12-29,975.52,930.17,1066.03,918.57
2018-01-02,992.72,942.88,1065.68,926.8
2018-01-03,1004.66,953.02,1073.47,922.89
2018-01-04,1014.15,962.36,1088.61,929.02
2018-01-05,1007.73,956.82,1085.35,925.68
2018-01-08,1023.5,968.61,1094.72,931.27
2018-01-09,1039.64,980.27,1101.76,935.0
2018-01-10,1039.7,982.86,1111.82,939.52
2018-01-11,1047.2,988.81,1114.71,949.71
2018-01-12,1049.86,991.21,1108.36,951.67
2018-01-15,1063.11,1002.89,1122.57,956.49
2018-01-16,1061.78,1001.84,1124.99,954.82
2018-01-17,1030.0,974.18,1099.43,944.13
2018-01-18,1048.56,988.2,1104.2,944.29
2018-01-19,1053.47,993.51,1117.15,947.5
2018-01-22,1082.71,1015.41,1124.97,944.57
2018-01-23,1082.71,1015.41,1124.97,944.57
2018-01-25,1095.52,1025.15,1135.83,943.57
2018-01-26,1104.42,1032.36,1138.27,944.68
2018-01-29,1096.78,1025.67,1136.18,936.31
2018-01-30,1099.16,1029.52,1149.89,943.87
2018-01-31,1095.9,1025.2,1138.08,937.96
2018-02-01,1086.9,1015.91,1121.83,926.29
2018-02-02,1090.4,1018.95,1122.85,923.29
2018-02-05,1035.02,969.39,1070.57,892.61
2018-02-06,1007.72,940.91,1023.64,861.18
2018-02-07,1030.91,962.72,1052.99,881.01
2018-02-08,1013.56,948.55,1044.82,876.95
2018-02-09,996.77,934.34,1035.17,871.73
2018-02-12,1034.76,966.42,1059.71,889.78
2018-02-13,1054.09,983.86,1077.52,902.2
2018-02-21,1075.47,1003.23,1090.94,911.4
2018-02-22,1064.28,993.3,1079.93,903.98
2018-02-23,1089.96,1013.74,1095.98,906.06
2018-02-26,1099.71,1018.46,1082.68,901.02
2018-02-27,1106.09,1022.42,1083.55,898.88
2018-02-28,1108.23,1024.38,1087.48,900.37
2018-03-01,1105.84,1022.03,1084.18,900.56
2018-03-02,1106.92,1026.96,1103.56,909.6
2018-03-05,1080.83,1009.84,1104.88,909.48
2018-03-06,1103.31,1029.36,1124.33,912.9
2018-03-07,1092.17,1022.92,1127.15,913.77
2018-03-08,1105.03,1034.25,1132.34,919.06
2018-03-09,1106.54,1034.79,1129.24,920.37
2018-03-12,1106.97,1033.14,1124.74,918.78
2018-03-13,1111.38,1039.33,1136.17,922.43
2018-03-14,1115.0,1043.45,1144.29,922.3
2018-03-15,1110.26,1039.23,1144.74,922.57
2018-03-16,1112.93,1042.21,1147.57,925.23
2018-03-19,1130.26,1054.71,1148.33,922.2
2018-03-20,1134.19,1056.11,1144.55,918.84
2018-03-21,1147.26,1067.16,1153.62,916.34
2018-03-22,1144.58,1065.02,1153.05,912.26
2018-03-23,1128.93,1050.75,1133.72,900.31
2018-03-26,1146.73,1064.4,1136.45,899.7
2018-03-27,1150.3,1066.72,1133.83,898.3
2018-03-28,1151.09,1067.53,1135.53,896.75
2018-03-29,1144.74,1063.01,1136.5,897.16
2018-03-30,1153.08,1070.95,1149.62,900.56
2018-04-02,1171.21,1085.45,1156.84,903.32
2018-04-03,1160.97,1077.98,1160.82,901.98
2018-04-04,1165.75,1084.8,1170.77,906.85
2018-04-05,1169.12,1089.47,1182.78,914.64
2018-04-06,1174.37,1094.23,1185.59,921.69
2018-04-09,1177.68,1096.16,1183.02,919.58
2018-04-10,1168.06,1086.34,1168.98,912.83
2018-04-11,1137.2,1059.67,1143.55,899.43
2018-04-12,1143.5,1065.1,1148.66,902.04
2018-04-13,1134.21,1057.41,1140.66,901.24
2018-04-16,1128.03,1051.97,1138.14,900.91
2018-04-17,1130.32,1054.87,1149.68,904.38
2018-04-18,1115.7,1043.08,1136.07,902.33
2018-04-19,1066.09,1005.43,1116.35,895.74
2018-04-20,1089.45,1023.64,1129.04,903.15
2018-04-23,1055.37,992.77,1087.86,889.17
2018-04-24,1053.99,990.65,1079.11,884.27
2018-04-26,1018.97,961.49,1050.64,862.84
2018-04-27,1027.97,971.3,1069.39,868.19
2018-05-02,1012.84,957.38,1050.66,861.12
2018-05-03,1010.35,954.32,1044.74,860.69
2018-05-04,1010.89,956.18,1051.97,862.49
2018-05-07,1048.03,985.97,1073.89,870.27
2018-05-08,1047.83,983.73,1068.37,865.59
2018-05-09,1046.39,982.77,1070.09,864.94
2018-05-10,1019.69,960.06,1050.96,858.14
2018-05-11,1030.79,969.42,1059.36,858.92
2018-05-14,1051.45,986.52,1066.9,862.04
2018-05-15,1055.49,990.2,1073.26,866.25
2018-05-16,1034.3,974.21,1072.59,862.52
2018-05-17,1007.09,953.31,1070.68,859.45
2018-05-18,1022.21,963.8,1067.44,859.92
2018-05-21,997.21,942.7,1058.11,858.55
2018-05-22,958.95,908.35,1025.83,841.44
2018-05-23,968.54,915.81,1032.1,841.74
2018-05-24,960.55,909.34,1023.96,839.06
2018-05-25,936.32,890.07,1005.05,832.93
2018-05-28,898.0,855.17,952.49,808.26
2018-05-29,924.9,879.12,981.58,823.39
2018-05-30,918.64,873.3,973.13,823.33
2018-05-31,947.31,896.97,992.01,831.1
2018-06-01,969.15,914.86,1002.21,836.45
2018-06-04,996.67,938.52,1023.9,844.01
2018-06-05,1007.32,949.75,1043.2,849.95
2018-06-06,1022.72,963.38,1060.02,852.97
2018-06-07,1026.75,966.52,1060.48,852.91
2018-06-08,1025.87,965.71,1060.34,850.24
2018-06-11,1024.85,963.46,1047.93,850.17
2018-06-12,1008.76,949.49,1029.62,843.9
2018-06-13,1018.59,957.38,1032.73,846.15
2018-06-14,1004.31,948.04,1036.89,847.09
2018-06-15,1005.04,947.73,1035.12,846.15
2018-06-18,970.35,918.17,1007.74,837.55
2018-06-19,945.11,892.78,970.79,817.43
2018-06-20,966.86,911.24,986.6,825.26
2018-06-21,955.75,900.96,970.5,822.83
2018-06-22,973.05,915.85,982.73,825.51
2018-06-25,982.09,923.34,989.27,825.14
2018-06-26,973.9,916.87,986.47,825.91
2018-06-27,961.29,906.83,976.34,825.54
2018-06-28,947.03,893.07,952.97,819.5
2018-06-29,947.55,893.22,950.55,823.17
2018-07-02,930.12,876.93,927.92,807.65
2018-07-03,891.97,842.79,893.8,789.66
2018-07-04,900.89,851.17,903.76,790.51
2018-07-05,883.77,835.53,882.76,779.45
2018-07-06,905.62,854.47,904.85,787.88
2018-07-09,898.73,848.03,894.84,787.22
2018-07-10,897.96,846.49,892.16,784.71
2018-07-11,881.14,831.46,873.05,769.63
2018-07-12,883.87,834.54,880.53,771.45
2018-07-13,899.45,847.68,896.32,777.83
2018-07-16,904.18,852.88,906.89,779.53
2018-07-17,915.53,864.15,926.04,781.83
2018-07-18,935.42,882.96,952.28,793.58
2018-07-19,941.09,887.85,956.19,796.85
2018-07-20,926.5,878.36,960.28,798.16
2018-07-23,931.31,881.5,959.32,796.1
2018-07-24,923.53,877.1,963.78,796.97
2018-07-25,915.68,872.52,966.79,801.62
2018-07-26,921.33,876.22,962.43,801.01
2018-07-27,927.19,882.91,980.23,804.06
2018-07-30,939.6,894.1,996.73,807.07
2018-07-31,944.38,897.66,997.91,810.02
2018-08-01,939.31,893.24,993.41,808.52
2018-08-02,937.86,891.59,991.86,805.25
2018-08-03,941.12,895.18,997.3,803.13
2018-08-06,939.84,893.86,996.59,801.63
2018-08-07,936.92,888.88,986.97,798.52
2018-08-08,945.89,896.09,992.94,801.25
2018-08-09,943.91,894.26,995.09,801.66
2018-08-10,948.32,897.82,998.28,802.16
2018-08-13,960.02,906.44,1005.17,803.51
2018-08-14,965.6,911.09,1007.35,805.35
2018-08-15,947.82,896.26,993.41,800.54
2018-08-16,950.18,897.82,992.31,801.9
2018-08-17,949.23,897.05,991.18,802.28
2018-08-20,945.65,896.23,999.93,800.67
2018-08-21,955.27,905.66,1013.07,804.99
2018-08-22,959.63,909.07,1013.92,808.68
2018-08-23,960.94,911.11,1017.93,812.57
2018-08-24,960.42,910.73,1018.7,815.04
2018-08-27,966.55,914.72,1017.68,818.84
2018-08-28,971.01,918.1,1022.29,814.85
2018-08-29,964.99,913.62,1024.1,812.18
2018-08-30,975.43,921.97,1031.66,814.5
2018-08-31,969.23,917.15,1027.4,814.92
2018-09-04,951.14,902.53,1015.56,812.37
2018-09-05,941.0,893.32,1008.62,808.86
2018-09-06,932.12,884.89,1003.68,805.1
2018-09-07,945.59,895.64,1008.48,807.99
2018-09-10,943.31,894.15,1005.25,807.87
2018-09-11,958.91,908.85,1021.11,814.48
2018-09-12,958.67,908.87,1020.49,817.29
2018-09-13,957.17,908.45,1024.86,820.68
2018-09-14,960.33,911.05,1024.52,823.98
2018-09-17,953.79,906.66,1023.27,827.1
2018-09-18,959.75,913.03,1032.62,832.94
2018-09-19,962.7,916.2,1039.58,838.49
2018-09-20,971.18,923.7,1051.56,841.15
2018-09-21,974.43,926.14,1050.78,841.74
2018-09-24,985.59,934.3,1052.24,846.04
2018-09-25,985.11,935.41,1059.54,851.27
2018-09-26,984.39,936.27,1065.96,859.74
2018-09-27,989.45,941.46,1073.39,865.24
2018-09-28,994.73,944.71,1073.46,863.99
2018-10-01,990.41,941.04,1071.02,860.07
2018-10-02,987.88,939.36,1065.78,858.94
2018-10-03,990.6,942.04,1069.64,861.74
2018-10-04,993.61,945.34,1078.76,864.8
2018-10-05,980.75,933.34,1066.09,859.48
2018-10-08,970.28,924.37,1061.92,857.39
2018-10-09,967.37,921.44,1059.08,857.36
2018-10-10,966.27,919.27,1052.02,855.36
2018-10-11,920.02,875.59,993.18,820.51
2018-10-12,943.49,896.58,1015.09,831.24
2018-10-15,928.55,883.76,1004.27,824.16
2018-10-16,939.41,893.8,1012.04,831.4
2018-10-17,945.91,899.97,1020.43,834.75
2018-10-18,937.54,892.45,1009.77,831.69
2018-10-19,931.69,888.64,1009.34,829.7
2018-10-22,922.75,879.5,993.5,822.13
2018-10-23,908.0,865.13,972.5,811.44
2018-10-24,896.5,854.77,959.35,806.9
2018-10-25,888.86,846.44,948.91,798.27
2018-10-26,881.06,839.56,938.62,795.33
2018-10-29,874.43,833.65,931.76,791.03
2018-10-30,874.06,831.73,925.97,789.15
2018-10-31,901.57,854.56,948.03,801.65
2018-11-01,887.72,842.92,940.54,797.79
2018-11-02,903.43,857.07,953.52,806.19
2018-11-05,904.83,858.17,956.86,806.39
2018-11-06,899.61,855.26,958.54,810.72
2018-11-07,899.25,854.71,954.14,809.89
2018-11-08,900.4,856.8,962.04,810.04
2018-11-09,885.65,844.37,951.62,807.8
2018-11-12,888.2,846.01,950.87,807.9
2018-11-13,873.87,834.51,945.08,809.26
2018-11-14,871.55,833.46,945.68,805.63
2018-11-15,864.98,827.4,941.71,804.34
2018-11-16,869.24,830.37,946.5,805.62
2018-11-19,888.76,846.66,954.42,810.53
2018-11-20,893.09,850.28,955.39,812.17
2018-11-21,897.1,853.97,956.85,813.91
2018-11-22,898.9,855.65,957.09,814.98
2018-11-23,890.62,848.51,950.04,813.01
2018-11-26,895.05,852.24,945.83,811.3
2018-11-27,895.3,852.7,942.84,807.83
2018-11-28,901.4,857.92,947.08,806.84
2018-11-29,897.58,854.23,944.3,802.07
2018-11-30,894.79,853.07,946.65,803.65
2018-12-03,921.72,876.19,966.27,809.85
2018-12-04,927.46,881.54,970.31,812.31
2018-12-05,925.68,879.17,967.57,812.69
2018-12-06,922.86,877.52,971.95,810.81
2018-12-07,929.59,883.58,976.72,814.48
2018-12-10,922.82,877.96,969.08,814.22
2018-12-11,922.34,877.23,967.44,811.87
2018-12-12,927.7,882.34,977.1,814.14
2018-12-13,928.9,883.48,976.84,814.45
2018-12-14,918.79,876.16,975.16,812.81
2018-12-17,901.41,860.36,955.64,802.26
2018-12-18,890.68,850.37,944.79,795.44
2018-12-19,882.79,843.55,940.7,791.81
2018-12-20,877.03,840.26,949.48,791.39
2018-12-21,873.09,836.68,948.79,791.84
2018-12-24,873.64,835.89,939.23,784.97
2018-12-25,865.69,826.96,921.8,774.64
2018-12-26,861.02,823.12,918.87,773.74
2018-12-27,865.45,828.39,932.49,777.72
2018-12-28,854.99,818.39,929.79,773.39
2019-01-02,855.66,817.77,912.29,767.38
2019-01-03,838.79,803.37,900.18,755.12
2019-01-04,840.17,805.26,903.33,754.02
2019-01-07,851.41,815.29,907.13,760.03
2019-01-08,845.43,810.67,905.28,759.91
2019-01-09,855.51,819.62,913.87,763.35
2019-01-10,857.95,821.15,913.36,763.22
2019-01-11,860.3,824.22,918.84,765.34
2019-01-14,859.42,823.11,914.38,764.56
2019-01-15,865.1,828.51,921.89,770.87
2019-01-16,864.29,827.6,921.96,769.79
2019-01-17,853.34,819.37,918.99,768.5
2019-01-18,854.79,820.58,917.5,768.83
2019-01-21,864.1,827.85,922.85,769.66
2019-01-22,859.17,825.63,930.7,768.45
2019-01-23,861.73,828.3,934.64,771.34
2019-01-24,865.52,831.15,934.39,771.86
2019-01-25,867.7,832.42,931.64,773.14
2019-01-28,868.76,833.14,931.53,768.04
2019-01-29,872.03,836.15,936.31,767.88
2019-01-30,869.16,833.99,935.62,770.33
2019-01-31,866.06,832.1,937.7,771.07
2019-02-01,859.81,828.9,948.98,778.93
2019-02-11,878.67,845.72,962.11,785.01
2019-02-12,888.33,856.39,975.76,789.38
2019-02-13,897.42,864.07,984.6,795.76
2019-02-14,900.12,869.12,985.78,797.15
2019-02-15,897.74,867.1,988.06,796.38
2019-02-18,904.93,875.08,999.82,798.47
2019-02-19,907.82,878.27,989.58,791.7
2019-02-20,911.8,882.69,989.76,791.25
2019-02-21,926.09,897.08,989.35,790.01
2019-02-22,929.5,898.15,992.18,788.21
2019-02-25,939.47,905.3,1001.63,792.23
2019-02-26,929.51,898.75,1008.89,793.7
2019-02-27,930.54,902.19,1019.01,795.39
2019-02-28,904.98,878.33,1005.87,791.24
2019-03-01,915.32,889.6,1018.55,803.18
2019-03-04,928.42,902.18,1029.47,812.58
2019-03-05,923.66,897.96,1028.36,815.66
2019-03-06,923.58,899.59,1033.98,826.04
2019-03-07,922.29,898.52,1027.2,825.87
2019-03-08,914.74,890.37,1013.7,822.19
2019-03-11,916.24,891.91,1016.15,827.25
2019-03-12,929.86,903.92,1024.69,831.97
2019-03-13,935.41,908.26,1024.43,835.53
2019-03-14,934.42,908.69,1027.84,840.26
2019-03-15,927.06,902.76,1023.86,838.62
2019-03-18,932.75,909.08,1027.2,845.46
2019-03-19,927.56,904.0,1018.95,844.4
2019-03-20,924.12,900.2,1016.84,847.48
2019-03-21,907.87,882.8,999.35,838.05
2019-03-22,912.27,887.55,998.86,834.93
2019-03-25,893.4,868.95,976.89,823.28
2019-03-26,894.58,870.02,983.0,822.84
2019-03-27,901.76,876.51,989.37,830.12
2019-03-28,901.65,878.86,994.64,831.89
2019-03-29,900.13,877.5,993.38,833.98
2019-04-01,905.87,884.06,999.39,833.31
2019-04-02,903.59,882.57,1000.23,833.13
2019-04-03,901.5,880.86,1004.56,834.32
2019-04-04,904.33,883.6,1008.67,842.35
2019-04-05,904.69,884.73,1014.55,844.41
2019-04-08,906.55,887.47,1017.95,843.7
2019-04-09,900.07,879.45,1007.8,837.77
2019-04-10,893.19,872.93,998.38,836.15
2019-04-11,896.04,876.73,1000.28,840.29
2019-04-12,893.1,874.54,1001.68,843.2
2019-04-16,887.76,868.85,996.01,839.88
2019-04-17,885.66,863.67,985.7,831.89
2019-04-18,877.02,855.68,972.83,826.32
2019-04-19,880.52,858.7,978.7,828.98
2019-04-22,878.23,855.88,969.95,820.36
2019-04-23,878.29,856.01,971.6,821.74
2019-04-24,888.65,865.29,978.04,827.29
2019-04-25,885.65,862.79,974.23,825.67
2019-04-26,890.55,867.81,979.06,826.05
2019-05-02,893.87,869.28,974.99,823.75
2019-05-03,895.42,868.96,972.02,819.84
2019-05-06,878.8,854.27,955.05,813.21
2019-05-07,877.02,853.22,957.18,814.28
2019-05-08,872.78,848.52,952.22,814.13
2019-05-09,871.5,847.09,952.14,810.2
2019-05-10,876.45,851.76,959.62,812.94
2019-05-13,879.64,856.67,967.38,814.01
2019-05-14,882.67,859.53,969.57,814.46
2019-05-15,893.22,869.44,980.99,819.53
2019-05-16,891.93,869.91,981.84,816.79
2019-05-17,890.53,868.13,979.32,818.72
2019-05-20,901.06,876.52,985.54,821.13
2019-05-21,901.36,875.34,983.11,822.9
2019-05-22,897.66,872.25,981.46,822.81
2019-05-23,895.07,870.68,985.41,823.32
2019-05-24,884.48,860.85,979.56,819.61
2019-05-27,889.2,864.8,980.1,818.68
2019-05-28,885.27,861.25,983.82,820.0
2019-05-29,883.52,860.93,982.42,821.72
2019-05-30,883.37,859.7,979.73,821.49
2019-05-31,876.29,852.21,967.24,814.37
2019-06-03,864.08,840.34,951.87,802.08
2019-06-04,864.35,840.99,950.9,805.07
2019-06-05,863.69,841.56,954.02,810.29
2019-06-06,861.31,839.53,953.28,807.92
2019-06-07,869.56,847.88,963.69,814.73
2019-06-10,872.49,850.88,968.03,818.24
2019-06-11,870.91,850.02,973.8,816.8
2019-06-12,865.42,844.39,969.06,814.63
2019-06-13,859.68,839.8,967.59,815.6
2019-06-14,861.65,841.18,967.35,815.42
2019-06-17,852.99,833.06,961.09,812.6
2019-06-18,848.17,828.6,955.5,811.83
2019-06-19,854.34,834.51,961.03,813.5
2019-06-20,864.59,842.56,967.6,816.26
2019-06-21,866.53,843.1,965.69,815.5
2019-06-24,868.94,845.22,964.69,815.29
2019-06-25,868.5,844.98,966.13,812.71
2019-06-26,866.81,843.62,963.04,813.93
2019-06-27,854.41,832.86,956.6,809.47
2019-06-28,864.24,841.18,964.01,810.87
2019-07-01,876.26,851.75,968.52,817.63
2019-07-02,872.92,848.87,965.55,816.36
2019-07-03,869.58,847.11,965.11,818.6
2019-07-04,879.72,856.47,971.79,820.13
2019-07-05,880.23,858.09,972.83,822.06
2019-07-08,870.92,850.0,972.04,820.14
2019-07-09,872.21,851.75,973.6,823.73
2019-07-10,876.12,854.62,973.69,825.13
2019-07-11,879.1,856.75,975.53,826.55
2019-07-12,874.99,853.07,973.73,825.45
2019-07-15,873.71,850.96,972.8,827.08
2019-07-16,880.91,857.02,969.25,824.49
2019-07-17,879.75,857.25,974.84,824.17
2019-07-18,870.81,850.71,973.54,822.64
2019-07-19,880.79,858.77,974.15,822.95
2019-07-22,879.62,856.58,969.02,816.63
2019-07-23,888.26,864.2,969.32,815.5
2019-07-24,887.39,864.35,967.56,813.58
2019-07-25,890.41,867.79,968.94,816.96
2019-07-26,887.84,865.03,965.32,817.13
2019-07-29,888.54,865.43,962.18,814.35
2019-07-30,877.92,854.7,955.64,808.59
2019-07-31,883.19,860.27,957.15,807.64
2019-08-01,887.39,866.02,962.41,810.14
2019-08-02,885.29,863.3,960.08,816.38
2019-08-05,872.39,849.95,957.94,817.21
2019-08-06,866.13,844.21,950.15,814.93
2019-08-07,868.27,845.26,949.9,815.89
2019-08-08,875.81,853.55,958.32,822.17
2019-08-09,878.62,855.34,964.85,821.19
2019-08-12,882.23,857.26,963.5,819.64
2019-08-13,877.97,851.45,957.86,815.9
2019-08-14,880.51,853.35,957.58,816.87
2019-08-15,890.78,862.24,956.6,818.03
2019-08-16,892.44,864.82,963.73,818.79
2019-08-19,891.78,865.11,963.9,821.99
2019-08-20,894.45,868.6,968.99,828.62
2019-08-21,900.54,873.28,969.01,828.9
2019-08-22,901.29,875.44,969.36,831.12
2019-08-23,900.53,873.17,966.57,830.99
2019-08-26,892.48,866.21,961.91,831.17
2019-08-27,886.91,861.73,963.79,828.7
2019-08-28,886.08,861.11,963.51,825.33
2019-08-29,889.13,864.56,968.74,823.87
2019-08-30,892.51,868.12,973.33,822.74
2019-09-03,888.97,863.35,959.18,813.36
2019-09-04,887.12,862.22,958.59,811.84
2019-09-05,886.1,860.87,957.66,810.57
2019-09-06,885.95,860.53,957.97,809.09
2019-09-09,885.61,860.45,955.67,803.45
2019-09-10,883.04,857.28,952.47,795.54
2019-09-11,885.52,858.59,957.38,800.24
2019-09-12,894.32,865.58,964.19,805.63
2019-09-13,905.05,874.09,970.0,807.52
2019-09-16,908.6,877.37,975.23,809.13
2019-09-17,912.38,881.64,980.54,809.68
2019-09-18,913.48,882.17,979.95,808.32
2019-09-19,918.88,885.58,980.87,810.35
2019-09-20,915.16,880.95,975.45,809.75
2019-09-23,909.98,876.87,970.5,801.87
2019-09-24,910.76,878.92,974.35,801.97
2019-09-25,912.42,879.88,975.63,805.35
2019-09-26,918.1,884.04,980.81,804.76
2019-09-27,924.83,889.19,982.33,801.42
2019-09-30,922.89,887.89,983.22,801.07
2019-10-01,926.31,890.14,987.03,805.01
2019-10-02,919.73,883.91,983.87,799.76
2019-10-03,921.7,886.21,985.27,805.21
2019-10-04,915.16,881.58,982.29,807.57
2019-10-07,907.5,875.17,976.07,804.13
2019-10-08,915.27,880.05,977.67,804.85
2019-10-09,914.54,879.38,977.75,803.53
2019-10-10,913.05,878.46,977.96,799.65
2019-10-11,916.68,881.53,978.82,801.52
2019-10-14,921.91,884.57,979.85,801.58
2019-10-15,923.27,885.08,980.84,801.69
2019-10-16,924.64,886.0,978.78,801.23
2019-10-17,919.1,882.54,981.06,799.23
2019-10-18,919.13,882.97,979.6,799.47
2019-10-21,914.0,879.16,975.84,797.86
2019-10-22,916.81,880.16,973.54,799.28
2019-10-23,919.61,881.69,970.82,797.87
2019-10-24,925.25,886.55,977.43,796.93
2019-10-25,927.05,887.62,974.75,796.01
2019-10-28,925.97,887.25,976.69,797.76
2019-10-29,923.97,886.18,972.95,794.37
2019-10-30,925.07,888.58,978.12,793.6
2019-10-31,922.68,884.86,968.48,788.69
2019-11-01,933.55,897.33,969.88,786.32
2019-11-04,940.25,901.43,971.03,785.26
2019-11-05,942.34,903.93,974.29,788.05
2019-11-06,942.38,905.04,976.31,789.6
2019-11-07,944.25,905.5,975.09,789.48
2019-11-08,944.7,904.92,974.28,789.84
2019-11-11,939.72,900.8,971.07,788.78
2019-11-12,939.82,900.58,972.22,791.95
2019-11-13,932.6,894.75,970.09,790.63
2019-11-14,928.44,891.9,969.07,788.13
2019-11-15,927.36,890.23,966.22,785.87
2019-11-18,920.95,884.6,962.76,785.39
2019-11-19,926.07,889.03,966.82,785.89
2019-11-20,917.0,883.01,969.82,786.51
2019-11-21,898.23,869.58,966.92,788.31
2019-11-22,892.31,863.01,954.84,777.87
2019-11-25,894.8,863.31,948.68,776.96
2019-11-26,897.5,865.32,949.88,781.06
2019-11-27,895.06,863.91,952.1,783.14
2019-11-28,885.7,856.45,947.36,781.68
2019-11-29,887.47,858.62,950.38,784.96
2019-12-02,875.1,848.06,941.91,778.42
2019-12-03,868.68,843.08,939.28,777.51
2019-12-04,883.56,854.39,945.22,782.03
2019-12-05,879.32,851.65,943.48,782.92
2019-12-06,880.43,852.42,945.06,784.8
2019-12-09,879.94,853.03,945.38,788.5
2019-12-10,873.16,847.49,940.02,785.63
2019-12-11,878.27,850.65,938.24,789.12
2019-12-12,884.8,855.9,944.73,791.38
2019-12-13,880.55,851.05,941.6,792.08
2019-12-16,876.65,847.97,942.81,796.4
2019-12-17,867.44,840.07,936.36,796.05
2019-12-18,863.16,835.46,929.53,793.14
2019-12-19,862.23,834.64,924.84,792.11
2019-12-20,868.37,838.98,922.58,797.66
2019-12-23,868.2,838.31,923.81,796.33
2019-12-24,869.88,839.48,924.12,797.2
2019-12-25,873.18,841.96,928.13,797.41
2019-12-26,872.07,841.2,927.94,792.54
2019-12-27,876.38,844.38,929.61,788.73
2019-12-30,880.29,847.06,929.53,781.94
2019-12-31,879.06,845.58,928.87,780.61
2020-01-02,886.88,851.46,931.18,781.32
2020-01-03,883.28,849.36,930.37,778.41
2020-01-06,872.34,839.93,928.85,767.2
2020-01-07,876.7,843.23,928.73,764.93
2020-01-08,865.18,831.99,913.99,752.0
2020-01-09,877.76,842.19,920.83,754.93
2020-01-10,885.52,847.77,922.47,751.17
2020-01-13,881.79,845.16,920.15,746.2
2020-01-14,884.77,848.32,928.83,744.76
2020-01-15,885.36,848.99,933.09,744.31
2020-01-16,891.96,853.24,934.75,744.38
2020-01-17,894.84,854.55,932.44,741.81
2020-01-20,897.4,855.45,929.07,740.77
2020-01-21,906.52,863.67,935.39,744.02
2020-01-22,909.09,867.57,942.66,752.97
2020-01-30,875.82,840.49,922.78,744.89
2020-01-31,848.63,816.56,896.47,730.48
2020-02-03,842.67,808.06,876.59,710.51
2020-02-04,845.52,807.92,872.09,704.66
2020-02-05,845.31,808.67,875.18,708.08
2020-02-06,862.86,824.23,892.24,720.42
2020-02-07,863.49,826.2,894.38,722.0
2020-02-10,852.87,817.52,890.9,717.71
2020-02-11,856.39,820.31,895.63,723.58
2020-02-12,863.23,826.21,906.11,733.53
2020-02-13,864.16,827.2,907.1,739.75
2020-02-14,865.86,828.37,908.22,741.43
2020-02-17,866.27,827.21,904.87,742.6
2020-02-18,861.71,822.3,906.14,745.51
2020-02-19,863.84,824.23,906.28,752.6
2020-02-20,871.4,832.42,911.57,757.27
2020-02-21,868.89,830.14,908.18,751.56
2020-02-24,837.4,801.38,875.69,725.18
2020-02-25,849.58,809.62,879.63,726.65
2020-02-26,841.68,800.81,869.77,720.13
2020-02-27,848.34,806.38,873.28,728.52
2020-02-28,831.97,792.34,859.57,717.55
2020-03-02,835.42,795.13,862.68,719.55
2020-03-03,837.99,798.8,872.51,728.41
2020-03-04,837.99,799.6,877.61,732.59
2020-03-05,839.12,800.58,877.69,733.59
2020-03-06,835.97,798.28,877.3,736.13
2020-03-09,782.85,748.01,826.13,698.52
2020-03-10,789.51,753.94,826.17,699.41
2020-03-11,758.16,729.97,805.06,684.43
2020-03-12,719.21,693.76,764.82,657.79
2020-03-13,716.65,689.32,749.76,649.1
2020-03-16,698.18,676.01,743.84,650.46
2020-03-17,699.73,675.96,756.13,657.47
2020-03-18,700.65,677.35,760.08,667.98
2020-03-19,679.55,659.12,745.98,653.83
2020-03-20,673.7,649.7,739.19,646.55
2020-03-23,632.86,610.56,700.05,611.41
2020-03-24,625.43,601.96,696.84,610.14
2020-03-25,652.31,627.38,714.6,620.91
2020-03-26,646.7,625.06,700.83,611.06
2020-03-27,642.23,622.34,693.45,601.52
2020-03-30,613.02,594.38,669.23,578.2
2020-03-31,610.76,591.5,658.37,571.92
2020-04-01,628.79,606.85,669.6,585.31
2020-04-03,649.15,625.51,682.34,600.01
2020-04-06,682.65,656.34,710.9,618.05
2020-04-07,693.61,667.32,718.53,619.23
2020-04-08,691.17,667.31,723.73,623.34
2020-04-09,697.85,674.38,733.0,631.26
2020-04-10,695.74,671.62,730.78,633.07
2020-04-13,706.37,680.3,735.61,638.97
2020-04-14,713.81,685.69,736.56,642.03
2020-04-15,722.8,694.35,752.98,653.44
2020-04-16,726.57,698.04,760.5,657.14
2020-04-17,734.98,706.65,776.21,669.5
2020-04-20,736.31,708.84,783.73,672.79
2020-04-21,706.65,681.83,753.35,653.49
2020-04-22,714.42,687.28,762.98,664.45
2020-04-23,717.49,690.44,766.38,667.22
2020-04-24,725.05,696.75,769.07,671.84
2020-04-27,719.66,693.64,774.12,679.61
2020-04-28,715.74,690.8,776.86,681.53
2020-04-29,715.33,690.74,782.04,683.18
2020-05-04,709.35,684.82,769.63,670.64
2020-05-05,711.01,687.41,775.63,673.85
2020-05-06,725.94,701.79,785.7,683.8
2020-05-07,739.98,713.08,792.98,689.25
2020-05-08,760.15,728.82,794.98,690.97
2020-05-11,777.13,743.88,808.35,698.36
2020-05-12,782.45,751.3,827.7,706.71
2020-05-13,783.69,752.16,837.65,716.25
2020-05-14,780.73,750.52,840.7,719.56
2020-05-15,773.95,744.76,831.52,712.43
2020-05-18,787.27,754.31,835.25,715.73
2020-05-19,799.31,764.42,844.27,717.22
2020-05-20,803.32,769.74,844.91,721.22
2020-05-21,815.55,778.53,844.37,721.07
2020-05-22,803.14,768.28,839.56,719.73
2020-05-25,807.25,774.63,854.73,728.0
2020-05-26,815.01,782.19,870.64,735.47
2020-05-27,801.36,769.45,855.96,731.07
2020-05-28,804.06,772.09,856.87,732.69
2020-05-29,806.23,775.46,862.52,739.02
2020-06-01,821.47,789.37,876.48,754.02
2020-06-02,818.7,785.34,868.94,744.79
2020-06-03,824.29,791.12,879.51,750.24
2020-06-04,823.77,792.07,885.98,759.71
2020-06-05,826.47,796.46,901.22,772.69
2020-06-08,838.52,808.82,919.06,787.93
2020-06-09,837.02,808.04,918.37,791.1
2020-06-10,839.11,810.67,927.83,803.63
2020-06-11,806.87,780.93,888.92,779.14
2020-06-12,807.76,779.65,890.69,774.54
2020-06-15,778.71,751.93,863.93,760.15
2020-06-16,798.82,773.15,881.74,773.51
2020-06-17,796.43,770.89,878.12,770.68
2020-06-18,797.08,771.36,879.08,772.66
2020-06-19,808.28,784.82,898.7,786.97
2020-06-22,809.97,787.52,906.6,787.64
2020-06-23,807.61,784.92,908.95,789.09
2020-06-24,801.62,778.23,895.36,778.23
2020-06-25,796.51,773.85,894.1,778.58
2020-06-26,795.53,771.26,890.64,768.0
2020-06-29,774.81,750.7,866.21,744.31
2020-06-30,770.53,747.1,860.21,733.94
2020-07-01,786.82,762.84,874.92,751.11
2020-07-02,785.59,761.28,876.12,750.45
2020-07-03,789.87,765.52,879.82,754.42
2020-07-06,803.46,777.59,885.65,758.45
2020-07-07,805.68,778.38,882.01,758.58
2020-07-08,805.06,778.37,886.7,759.72
2020-07-09,817.08,788.95,900.9,771.05
2020-07-10,809.02,783.24,902.42,769.37
2020-07-13,806.17,780.88,902.88,766.6
2020-07-14,805.37,781.61,907.38,768.16
2020-07-15,810.16,784.92,906.7,772.18
2020-07-16,819.83,792.89,906.73,771.27
2020-07-17,814.16,788.01,906.23,775.64
2020-07-20,803.36,777.89,896.14,770.45
2020-07-21,804.7,778.81,896.47,771.88
2020-07-22,797.85,772.75,891.42,767.5
2020-07-23,800.29,774.46,885.98,762.13
2020-07-24,772.29,747.96,853.65,732.51
2020-07-27,729.93,707.78,809.24,696.18
2020-07-28,756.17,733.2,839.22,720.74
2020-07-29,735.16,713.14,818.72,701.29
2020-07-30,746.02,723.56,824.98,705.12
2020-07-31,740.73,719.58,817.11,699.93
2020-08-03,757.86,735.37,837.39,718.96
2020-08-04,768.22,745.64,852.31,729.42
2020-08-05,780.71,755.83,864.41,739.09
2020-08-06,781.6,757.19,863.16,741.55
2020-08-07,782.15,758.53,866.79,747.45
2020-08-10,784.3,761.5,874.26,755.75
2020-08-11,784.57,761.41,876.1,755.27
2020-08-12,788.42,764.11,877.16,752.03
2020-08-13,795.09,770.51,884.01,762.95
2020-08-14,791.98,767.47,877.74,759.87
2020-08-17,791.54,767.91,882.16,761.96
2020-08-18,786.95,764.75,886.61,765.09
2020-08-19,789.41,767.87,894.45,770.96
2020-08-20,786.11,765.41,893.53,770.93
2020-08-21,793.6,772.53,906.66,780.84
2020-08-24,809.69,786.35,916.35,790.32
2020-08-25,815.18,791.28,919.61,793.26
2020-08-26,812.36,790.39,924.59,797.89
2020-08-27,814.55,792.73,931.0,805.47
2020-08-28,821.93,797.26,927.42,807.69
2020-08-31,823.93,797.34,919.69,798.76
2020-09-01,832.03,806.46,933.98,805.23
2020-09-03,843.64,816.55,940.48,806.5
2020-09-04,840.54,814.5,940.35,802.79
2020-09-07,824.36,801.82,935.84,797.78
2020-09-08,827.57,804.41,943.23,802.93
2020-09-09,824.42,803.55,949.6,809.28
2020-09-10,825.85,805.43,955.08,813.26
2020-09-11,825.56,806.07,958.93,821.15
2020-09-14,832.24,812.63,967.3,826.66
2020-09-15,833.33,814.32,968.91,827.9
2020-09-16,834.5,815.81,973.13,827.69
2020-09-17,831.84,813.18,973.01,828.0
2020-09-18,841.26,821.24,982.43,831.1
2020-09-21,851.54,829.75,983.52,829.39
2020-09-22,852.72,829.74,985.44,826.21
2020-09-23,858.3,834.42,990.18,829.2
2020-09-24,853.21,829.74,990.22,827.97
2020-09-25,854.71,829.74,983.72,826.9
2020-09-28,863.31,836.33,991.46,832.44
2020-09-29,856.2,829.51,980.39,827.02
2020-09-30,858.54,832.56,988.92,833.55
2020-10-01,867.58,842.05,1004.34,843.11
2020-10-02,861.51,837.42,1003.78,838.84
2020-10-05,867.7,844.03,1020.34,853.21
2020-10-06,871.37,846.86,1024.66,861.18
2020-10-07,870.85,846.85,1019.68,862.36
2020-10-08,869.82,844.66,1013.22,859.21
2020-10-09,874.53,848.65,1016.27,858.83
2020-10-12,874.9,847.41,1008.27,848.6
2020-10-13,878.35,849.89,1008.21,846.82
2020-10-14,892.15,859.46,1009.4,844.82
2020-10-15,899.2,863.97,1007.7,835.9
2020-10-16,901.59,865.02,1007.25,831.84
2020-10-19,903.51,866.71,1011.0,836.05
2020-10-20,909.49,871.2,1016.64,839.12
2020-10-21,906.1,867.17,1004.04,833.38
2020-10-22,918.3,877.28,1007.93,835.71
2020-10-23,930.3,888.69,1009.77,840.37
2020-10-26,919.56,879.44,995.27,833.9
2020-10-27,915.46,874.38,985.69,825.0
2020-10-28,888.88,849.39,963.2,808.53
2020-10-29,886.68,849.13,968.17,812.03
2020-10-30,892.55,855.69,971.39,813.96
2020-11-02,899.27,862.14,984.03,822.52
2020-11-03,902.14,864.72,992.89,828.27
2020-11-04,905.48,869.33,1007.66,838.64
2020-11-05,903.64,867.53,1000.04,835.71
2020-11-06,902.91,867.95,1004.54,840.21
2020-11-09,917.42,881.94,1023.88,852.82
2020-11-10,916.5,880.73,1023.44,851.92
2020-11-11,916.68,881.23,1026.69,855.88
2020-11-12,923.0,887.56,1036.88,859.11
2020-11-13,931.2,894.84,1043.86,865.18
2020-11-16,915.97,881.03,1035.28,865.41
2020-11-17,934.65,898.32,1052.03,876.62
2020-11-18,937.67,901.6,1060.15,883.9
2020-11-19,944.92,906.43,1059.21,888.96
2020-11-20,950.89,913.11,1071.56,901.59
2020-11-23,960.03,920.42,1074.75,907.24
2020-11-24,959.61,921.68,1079.02,907.57
2020-11-25,960.63,922.57,1074.21,907.76
2020-11-26,964.16,925.05,1076.79,911.37
2020-11-27,971.11,930.97,1086.98,918.06
2020-11-30,965.89,926.85,1088.1,918.17
2020-12-01,976.35,935.8,1093.72,924.54
2020-12-02,979.95,939.35,1098.51,925.41
2020-12-03,985.44,945.59,1113.72,932.08
2020-12-04,984.34,945.04,1117.7,930.74
2020-12-07,992.01,951.87,1123.87,943.7
2020-12-08,993.61,953.29,1128.5,951.05
2020-12-09,1004.03,961.75,1133.24,956.1
2020-12-10,994.28,952.62,1118.97,946.05
2020-12-11,1008.65,965.6,1130.92,956.48
2020-12-14,1024.28,981.01,1147.25,973.48
2020-12-15,1013.02,973.17,1152.5,980.08
2020-12-16,1029.72,986.01,1160.29,991.33
2020-12-17,1016.95,975.33,1156.59,992.27
2020-12-18,1036.65,991.8,1177.56,1002.27
2020-12-21,1049.71,1005.9,1202.68,1017.1
2020-12-22,1052.23,1011.54,1228.9,1038.46
2020-12-23,1045.7,1006.7,1220.21,1042.13
2020-12-24,1033.95,995.35,1207.64,1023.02
2020-12-25,1052.13,1012.33,1232.34,1043.54
2020-12-28,1054.23,1016.06,1245.4,1055.81
2020-12-29,1058.39,1022.61,1257.41,1066.96
2020-12-30,1059.16,1022.93,1252.37,1066.58
2020-12-31,1070.77,1032.41,1265.67,1075.41
2021-01-04,1091.87,1052.2,1294.87,1097.97
2021-01-05,1104.3,1065.34,1308.05,1107.52
2021-01-06,1113.72,1071.18,1307.23,1110.75
2021-01-07,1130.59,1086.26,1330.23,1123.46
2021-01-08,1147.86,1101.14,1337.14,1133.95
2021-01-11,1163.4,1118.27,1349.91,1148.45
2021-01-12,1169.03,1125.69,1369.84,1163.92
2021-01-13,1164.57,1119.08,1361.67,1165.07
2021-01-14,1168.99,1123.81,1377.66,1176.68
2021-01-15,1182.2,1136.36,1392.58,1190.99
2021-01-18,1173.34,1132.46,1406.88,1198.51
2021-01-19,1107.32,1072.63,1345.25,1143.1
2021-01-20,1116.21,1077.74,1339.86,1133.02
2021-01-21,1151.3,1109.72,1383.57,1168.07
2021-01-22,1156.58,1114.87,1398.97,1166.98
2021-01-25,1154.29,1116.85,1421.8,1171.87
2021-01-26,1125.09,1088.63,1382.81,1141.64
2021-01-27,1083.63,1049.02,1332.28,1100.73
2021-01-28,1010.75,979.3,1247.41,1034.81
2021-01-29,1048.31,1014.95,1279.6,1051.01
2021-02-01,1029.86,992.91,1238.38,1015.52
2021-02-02,1079.7,1034.97,1261.19,1026.13
2021-02-03,1117.98,1070.77,1308.59,1059.86
2021-02-04,1117.74,1071.38,1318.64,1066.43
2021-02-05,1135.5,1087.52,1334.54,1082.56
2021-02-08,1092.59,1047.03,1291.73,1059.29
2021-02-09,1129.49,1079.88,1321.59,1081.57
2021-02-17,1174.91,1122.39,1379.59,1119.54
2021-02-18,1187.94,1136.41,1401.99,1130.09
2021-02-19,1180.59,1131.28,1402.45,1135.57
2021-02-22,1180.55,1132.33,1401.01,1142.77
2021-02-23,1182.47,1132.88,1392.97,1150.33
2021-02-24,1167.18,1118.06,1375.34,1140.79
2021-02-25,1169.82,1120.33,1376.75,1145.3
2021-02-26,1173.6,1124.14,1384.59,1157.58
2021-03-01,1191.83,1142.43,1415.12,1184.59
2021-03-02,1194.71,1143.94,1409.9,1193.31
2021-03-03,1195.6,1145.68,1415.69,1212.34
2021-03-04,1174.29,1127.25,1395.31,1198.05
2021-03-05,1173.83,1127.06,1397.41,1208.32
2021-03-08,1170.0,1127.2,1411.53,1231.51
2021-03-09,1163.0,1122.81,1416.15,1237.62
2021-03-10,1172.26,1131.81,1427.2,1240.09
2021-03-11,1188.71,1145.02,1439.0,1249.04
2021-03-12,1187.81,1144.41,1438.22,1251.27
2021-03-15,1190.86,1148.01,1443.46,1267.73
2021-03-16,1187.84,1146.31,1446.41,1272.76
2021-03-17,1193.45,1149.73,1446.13,1276.46
2021-03-18,1211.54,1164.97,1460.46,1279.79
2021-03-19,1203.36,1161.8,1475.68,1285.54
2021-03-22,1198.54,1158.64,1470.9,1296.41
2021-03-23,1186.98,1147.23,1453.42,1283.9
2021-03-24,1165.61,1126.88,1419.09,1260.38
2021-03-25,1164.64,1126.7,1418.62,1257.69
2021-03-26,1167.19,1127.53,1414.33,1251.03
2021-03-29,1180.07,1141.72,1437.98,1280.34
2021-03-30,1190.86,1153.87,1458.74,1291.12
2021-03-31,1196.24,1158.99,1462.87,1299.86
2021-04-01,1226.16,1185.2,1482.72,1309.32
2021-04-02,1238.03,1194.53,1487.64,1311.32
2021-04-05,1249.9,1204.49,1495.87,1312.54
2021-04-06,1255.36,1209.86,1500.01,1315.31
2021-04-07,1257.77,1213.77,1512.75,1328.86
2021-04-08,1251.81,1209.11,1517.09,1326.85
2021-04-09,1253.26,1210.31,1520.32,1333.25
2021-04-12,1278.19,1234.51,1543.04,1349.41
2021-04-13,1277.35,1233.54,1518.55,1335.04
2021-04-14,1290.77,1245.07,1539.27,1352.56
2021-04-15,1284.2,1239.94,1533.11,1348.89
2021-04-16,1276.87,1231.94,1515.25,1327.64
2021-04-19,1306.22,1255.55,1532.45,1341.34
2021-04-20,1312.68,1259.3,1520.51,1333.76
2021-04-22,1271.53,1217.03,1455.83,1294.45
2021-04-23,1301.39,1243.49,1491.74,1310.63
2021-04-26,1275.04,1215.12,1459.96,1280.03
2021-04-27,1283.81,1220.62,1458.46,1276.72
2021-04-28,1294.06,1231.2,1479.48,1291.09
2021-04-29,1312.28,1243.28,1483.59,1289.64
2021-05-04,1328.03,1251.92,1467.95,1282.92
2021-05-05,1346.89,1268.7,1488.86,1300.68
2021-05-06,1344.64,1265.48,1485.43,1293.43
2021-05-07,1340.73,1259.53,1469.85,1283.71
2021-05-10,1370.66,1281.24,1475.43,1282.1
2021-05-11,1359.19,1275.13,1490.47,1291.59
2021-05-12,1380.17,1292.67,1511.22,1309.89
2021-05-13,1370.18,1284.28,1509.11,1306.39
2021-05-14,1380.02,1290.86,1511.91,1305.03
2021-05-17,1371.36,1283.1,1497.09,1297.71
2021-05-18,1378.59,1284.0,1481.82,1296.41
2021-05-19,1401.71,1299.75,1485.85,1289.71
2021-05-20,1424.92,1315.13,1476.66,1281.89
2021-05-21,1425.04,1319.52,1496.83,1298.84
2021-05-24,1430.48,1328.53,1524.87,1316.06
2021-05-25,1444.01,1339.68,1538.01,1322.1
2021-05-26,1455.11,1348.7,1548.69,1316.91
2021-05-27,1437.38,1335.64,1549.69,1307.78
2021-05-28,1458.78,1354.23,1574.7,1321.08
2021-05-31,1474.78,1365.87,1591.03,1323.69
2021-06-01,1482.92,1372.46,1589.81,1318.3
2021-06-02,1478.85,1370.4,1597.94,1330.34
2021-06-03,1504.37,1396.03,1639.84,1363.74
2021-06-04,1508.35,1404.03,1664.93,1374.6
2021-06-07,1484.1,1386.12,1649.12,1361.73
2021-06-08,1438.97,1344.59,1595.28,1331.31
2021-06-09,1457.76,1358.68,1604.12,1335.83
2021-06-10,1451.18,1352.49,1603.59,1336.02
2021-06-11,1487.61,1382.77,1626.36,1360.28
2021-06-14,1495.51,1393.11,1646.12,1368.59
2021-06-15,1487.04,1392.45,1668.28,1378.25
2021-06-16,1465.58,1375.68,1661.63,1384.11
2021-06-17,1461.91,1376.31,1685.98,1397.68
2021-06-18,1481.3,1394.11,1705.13,1415.91
2021-06-21,1478.29,1390.19,1694.92,1414.15
2021-06-22,1489.24,1396.76,1693.88,1405.14
2021-06-23,1489.53,1393.08,1673.97,1389.27
2021-06-24,1486.96,1390.16,1665.64,1378.57
2021-06-25,1500.3,1400.94,1674.89,1389.79
2021-06-28,1521.41,1419.49,1694.77,1404.35
2021-06-29,1529.97,1425.8,1691.9,1396.97
2021-06-30,1529.0,1423.95,1683.89,1392.19
2021-07-01,1545.14,1437.35,1700.93,1400.66
2021-07-02,1554.59,1444.53,1704.68,1407.45
2021-07-05,1557.41,1441.71,1685.02,1394.06
2021-07-06,1488.42,1379.45,1613.93,1346.88
2021-07-07,1538.77,1416.17,1612.48,1347.46
2021-07-08,1521.21,1400.39,1599.36,1344.83
2021-07-09,1494.43,1374.31,1567.33,1317.18
2021-07-12,1443.1,1325.9,1512.14,1259.9
2021-07-13,1440.87,1328.26,1533.03,1274.17
2021-07-14,1410.3,1305.08,1519.08,1264.43
2021-07-15,1430.29,1323.34,1546.06,1285.92
2021-07-16,1438.05,1329.24,1542.86,1291.17
2021-07-19,1374.15,1272.94,1483.69,1246.98
2021-07-20,1411.02,1304.23,1516.43,1271.02
2021-07-21,1406.54,1302.5,1517.67,1274.86
2021-07-22,1428.48,1325.73,1554.89,1299.87
2021-07-23,1401.53,1300.7,1525.48,1287.61
2021-07-26,1403.96,1305.62,1541.41,1298.12
2021-07-27,1409.85,1310.43,1547.36,1304.43
2021-07-28,1407.5,1308.02,1544.58,1300.12
2021-07-29,1427.55,1325.92,1566.97,1313.67
2021-07-30,1447.23,1343.9,1589.25,1326.33
2021-08-02,1448.21,1345.17,1586.36,1345.29
2021-08-03,1469.87,1364.24,1597.69,1364.32
2021-08-04,1472.2,1368.12,1608.29,1376.69
2021-08-05,1486.46,1382.16,1629.68,1390.14
2021-08-06,1476.79,1375.37,1624.43,1396.75
2021-08-09,1497.83,1396.5,1652.91,1428.32
2021-08-10,1494.41,1396.92,1663.31,1445.79
2021-08-11,1487.91,1390.83,1653.5,1452.69
2021-08-12,1477.06,1383.69,1650.19,1461.19
2021-08-13,1484.25,1390.75,1657.87,1472.28
2021-08-16,1500.77,1407.77,1687.47,1497.64
2021-08-17,1494.12,1402.6,1687.24,1494.69
2021-08-18,1489.54,1399.18,1686.66,1495.82
2021-08-19,1505.01,1412.24,1689.85,1511.64
2021-08-20,1450.45,1364.07,1639.12,1483.75
2021-08-23,1412.0,1329.65,1595.78,1466.83
2021-08-24,1418.26,1330.49,1584.34,1445.5
2021-08-25,1428.51,1341.24,1603.45,1460.29
2021-08-26,1412.45,1331.93,1609.11,1472.61
2021-08-27,1418.57,1341.88,1633.39,1495.83
2021-08-30,1431.05,1358.95,1671.72,1535.97
2021-08-31,1428.66,1359.37,1680.55,1545.38
2021-09-01,1426.94,1360.42,1684.65,1568.46
2021-09-06,1441.54,1376.71,1707.91,1607.18
2021-09-07,1444.1,1373.26,1690.32,1573.47
2021-09-08,1433.71,1364.45,1684.67,1567.24
2021-09-09,1447.28,1377.22,1699.6,1590.03
2021-09-10,1448.33,1378.75,1698.35,1606.96
2021-09-13,1444.99,1374.0,1679.74,1616.85
2021-09-14,1438.16,1368.03,1666.3,1630.35
2021-09-15,1444.85,1376.6,1682.17,1657.18
2021-09-16,1448.98,1378.8,1684.9,1653.2
2021-09-17,1455.59,1388.72,1709.11,1679.39
2021-09-20,1458.66,1390.17,1708.73,1673.98
2021-09-21,1446.22,1381.9,1710.05,1681.81
2021-09-22,1453.22,1391.45,1727.53,1711.32
2021-09-23,1458.23,1391.75,1714.71,1689.53
2021-09-24,1459.94,1389.19,1702.85,1661.69
2021-09-27,1439.2,1361.72,1645.41,1602.5
2021-09-28,1451.12,1376.04,1674.22,1625.31
2021-09-29,1450.52,1374.75,1667.97,1628.92
2021-09-30,1453.76,1379.12,1672.89,1646.1
2021-10-01,1441.83,1368.34,1657.85,1647.27
2021-10-04,1443.61,1370.92,1658.82,1665.24
2021-10-05,1456.21,1383.42,1676.32,1678.26
2021-10-06,1461.72,1390.43,1684.76,1705.85
2021-10-07,1462.74,1395.1,1699.71,1731.2
2021-10-08,1476.54,1404.6,1702.89,1726.9
2021-10-11,1510.27,1431.4,1722.97,1729.77
2021-10-12,1509.57,1433.19,1731.46,1739.69
2021-10-13,1505.55,1431.25,1733.81,1747.74
2021-10-14,1503.38,1432.78,1746.33,1765.87
2021-10-15,1504.84,1435.01,1750.27,1776.52
2021-10-18,1510.49,1438.36,1746.5,1779.57
2021-10-19,1507.19,1436.37,1745.52,1786.3
2021-10-20,1505.03,1436.32,1748.96,1800.16
2021-10-21,1489.26,1428.66,1761.49,1818.71
2021-10-22,1488.71,1431.5,1776.85,1825.76
2021-10-25,1476.97,1422.05,1766.8,1824.92
2021-10-26,1482.62,1430.25,1785.93,1843.74
2021-10-27,1516.46,1460.48,1815.45,1874.23
2021-10-28,1529.26,1473.3,1833.48,1896.05
2021-10-29,1532.35,1477.13,1831.69,1916.89
2021-11-01,1516.75,1471.83,1855.24,1939.73
2021-11-02,1521.35,1484.98,1900.49,1980.16
2021-11-03,1530.65,1481.31,1869.26,1907.66
2021-11-04,1528.21,1484.57,1890.75,1930.08
2021-11-05,1531.76,1491.81,1913.0,1951.59
2021-11-08,1535.66,1501.47,1946.92,1973.66
2021-11-09,1527.13,1498.96,1961.87,1983.31
2021-11-10,1523.79,1501.74,1983.48,2006.87
2021-11-11,1514.36,1498.2,1994.94,2025.52
2021-11-12,1527.94,1515.57,2036.01,2048.41
2021-11-15,1528.68,1519.8,2048.17,2070.17
2021-11-16,1517.22,1508.25,2028.69,2064.29
2021-11-17,1519.58,1513.82,2041.81,2088.41
2021-11-18,1503.42,1508.35,2065.81,2115.66
2021-11-19,1500.05,1498.94,2041.89,2070.33
2021-11-22,1517.04,1497.33,1992.15,1993.37
2021-11-23,1533.12,1512.48,2005.52,2026.05
2021-11-24,1565.29,1541.22,2046.89,2028.84
2021-11-25,1572.46,1554.35,2086.48,2056.61
2021-11-26,1566.55,1548.4,2070.35,2058.43
2021-11-29,1553.04,1541.66,2070.75,2071.59
2021-11-30,1537.59,1533.01,2078.98,2076.75
2021-12-01,1549.81,1543.01,2088.88,2082.31
2021-12-02,1540.88,1535.99,2080.54,2086.49
2021-12-03,1503.98,1495.24,2007.45,2036.15
2021-12-06,1480.92,1462.05,1928.66,1962.08
2021-12-07,1512.62,1495.69,1980.3,2013.65
2021-12-08,1516.16,1500.84,1999.74,2008.83
2021-12-09,1529.61,1517.45,2033.87,2035.17
2021-12-10,1519.46,1511.47,2042.73,2036.28
2021-12-13,1520.8,1522.5,2083.91,2085.78
2021-12-14,1516.44,1523.03,2102.24,2092.54
2021-12-15,1519.42,1523.59,2099.0,2083.27
2021-12-16,1510.17,1523.7,2128.23,2106.27
2021-12-17,1513.56,1528.2,2132.9,2118.02
2021-12-20,1513.6,1526.4,2124.4,2123.02
2021-12-21,1511.48,1529.98,2147.33,2136.22
2021-12-22,1504.12,1528.72,2160.64,2156.05
2021-12-23,1477.37,1504.83,2136.33,2142.97
2021-12-24,1506.67,1529.57,2167.78,2138.2
2021-12-27,1514.55,1542.8,2202.45,2166.8
2021-12-28,1523.54,1554.52,2231.35,2183.95
2021-12-29,1515.94,1546.16,2214.82,2187.7
2021-12-30,1519.62,1547.55,2212.97,2177.28
2021-12-31,1535.71,1561.33,2232.77,2171.7
2022-01-04,1558.87,1586.29,2267.66,2205.1
2022-01-05,1546.01,1581.92,2283.66,2231.16
2022-01-06,1544.95,1586.24,2299.82,2248.19
2022-01-07,1532.24,1582.34,2317.19,2283.06
2022-01-10,1514.7,1556.28,2245.22,2245.71
2022-01-11,1499.74,1542.61,2232.83,2228.75
2022-01-12,1530.04,1558.69,2224.82,2180.36
2022-01-13,1526.43,1540.56,2160.55,2113.43
2022-01-14,1523.57,1534.93,2144.44,2095.39
2022-01-17,1478.61,1480.11,2039.28,1995.0
2022-01-18,1477.06,1463.74,1980.64,1913.42
2022-01-19,1482.55,1470.14,2001.46,1896.92
2022-01-20,1492.81,1489.1,2055.62,1945.08
2022-01-21,1502.16,1498.55,2066.77,1965.77
2022-01-24,1471.31,1457.02,1979.69,1876.26
2022-01-25,1516.16,1496.87,2031.65,1875.66
2022-01-26,1525.31,1501.03,2029.86,1845.18
2022-01-27,1516.57,1490.3,2009.99,1819.16
2022-01-28,1532.24,1505.15,2025.16,1850.34
2022-02-07,1541.25,1519.16,2052.59,1907.7
2022-02-08,1550.46,1526.87,2063.36,1920.55
2022-02-09,1552.44,1533.84,2083.2,1952.46
2022-02-10,1548.95,1532.54,2086.94,1963.58
2022-02-11,1545.92,1531.82,2094.46,1970.3
2022-02-14,1505.07,1496.5,2049.21,1959.41
2022-02-15,1527.36,1518.24,2082.21,1969.62
2022-02-16,1521.47,1520.76,2102.87,2004.58
2022-02-17,1540.51,1535.99,2113.62,2020.85
2022-02-18,1531.47,1535.55,2132.39,2052.26
2022-02-21,1533.4,1543.13,2149.87,2091.42
2022-02-22,1532.36,1535.26,2122.04,2068.85
2022-02-23,1538.83,1545.15,2143.48,2092.55
2022-02-24,1522.04,1528.11,2124.13,2061.0
2022-02-25,1526.5,1536.78,2148.31,2083.44
2022-02-28,1517.18,1529.13,2138.44,2093.13
2022-03-01,1520.12,1537.48,2161.32,2116.98
2022-03-02,1498.61,1518.96,2138.63,2108.66
2022-03-03,1522.49,1542.67,2171.9,2143.88
2022-03-04,1525.34,1547.16,2177.96,2164.93
2022-03-07,1509.12,1537.78,2179.54,2178.76
2022-03-08,1490.17,1512.54,2128.08,2132.56
2022-03-09,1489.25,1514.95,2143.05,2137.3
2022-03-10,1490.24,1520.58,2156.32,2166.84
2022-03-11,1477.14,1508.76,2144.64,2146.49
2022-03-14,1461.1,1489.67,2109.33,2115.06
2022-03-15,1468.89,1499.64,2130.26,2131.84
2022-03-16,1472.69,1507.19,2149.38,2155.8
2022-03-17,1469.92,1507.51,2152.32,2176.68
2022-03-18,1476.94,1514.4,2158.97,2191.02
2022-03-21,1502.67,1540.3,2195.14,2219.84
2022-03-22,1513.4,1551.35,2214.95,2223.19
2022-03-23,1505.59,1549.74,2228.98,2236.46
2022-03-24,1497.44,1546.5,2231.82,2261.28
2022-03-25,1498.36,1549.39,2235.99,2283.74
2022-03-28,1484.16,1533.45,2210.93,2255.24
2022-03-29,1500.57,1550.13,2231.51,2286.35
2022-03-30,1500.23,1542.28,2208.79,2238.82
2022-03-31,1508.53,1543.71,2197.95,2211.95
2022-04-01,1542.47,1573.52,2231.61,2240.62
2022-04-04,1548.04,1578.63,2232.49,2260.76
2022-04-05,1539.2,1571.8,2227.02,2258.21
2022-04-06,1557.11,1577.04,2210.63,2223.28
2022-04-07,1541.96,1556.85,2171.77,2182.77
2022-04-08,1524.31,1533.35,2122.92,2130.62
2022-04-12,1507.2,1507.13,2067.7,2066.21
2022-04-13,1525.39,1532.73,2122.5,2117.24
2022-04-14,1518.01,1527.59,2121.77,2114.76
2022-04-15,1493.74,1505.15,2092.57,2095.89
2022-04-18,1468.25,1474.19,2038.08,2034.49
2022-04-19,1440.61,1442.0,1984.18,1971.09
2022-04-20,1435.5,1422.88,1928.06,1899.78
2022-04-21,1426.87,1410.68,1914.24,1850.75
2022-04-22,1444.32,1416.54,1900.51,1812.49
2022-04-25,1366.39,1339.3,1789.27,1715.03
2022-04-26,1396.9,1372.78,1844.36,1758.4
2022-04-27,1402.03,1384.46,1873.75,1801.81
2022-04-28,1400.88,1383.6,1870.17,1813.1
2022-04-29,1417.31,1405.42,1909.15,1864.75
2022-05-04,1389.59,1379.9,1872.42,1854.31
2022-05-05,1404.88,1386.43,1863.17,1829.55
2022-05-06,1373.21,1351.15,1806.44,1768.18
2022-05-09,1314.04,1287.33,1708.03,1663.52
2022-05-10,1345.46,1311.45,1724.55,1675.6
2022-05-11,1349.82,1320.89,1751.77,1694.83
2022-05-12,1279.76,1252.04,1658.73,1604.39
2022-05-13,1223.76,1192.63,1568.14,1513.29
2022-05-16,1215.08,1182.27,1548.45,1500.41
2022-05-17,1279.55,1243.67,1626.05,1578.91
2022-05-18,1286.41,1255.84,1659.0,1599.8
2022-05-19,1283.55,1254.95,1665.79,1593.64
2022-05-20,1282.51,1257.42,1677.28,1607.42
2022-05-23,1255.35,1232.75,1645.77,1588.41
2022-05-24,1272.71,1248.63,1667.1,1598.16
2022-05-25,1310.7,1289.32,1732.24,1654.83
2022-05-26,1309.5,1289.92,1734.95,1666.7
2022-05-27,1335.68,1311.99,1757.82,1680.38
2022-05-30,1342.87,1320.59,1773.28,1694.54
2022-05-31,1332.59,1312.15,1767.16,1683.95
2022-06-01,1335.49,1315.08,1770.28,1690.15
2022-06-02,1325.49,1304.01,1747.8,1686.49
2022-06-03,1327.4,1305.42,1750.71,1681.03
2022-06-06,1327.04,1301.66,1740.2,1658.77
2022-06-07,1324.37,1299.93,1739.95,1660.35
2022-06-08,1342.03,1322.76,1786.04,1699.72
2022-06-09,1342.92,1324.47,1789.33,1707.3
2022-06-10,1325.69,1301.51,1744.63,1657.37
2022-06-13,1260.85,1236.26,1652.51,1569.13
2022-06-14,1261.16,1233.36,1647.37,1536.56
2022-06-15,1253.09,1217.99,1609.77,1492.37
2022-06-16,1280.37,1239.29,1629.56,1493.98
2022-06-17,1258.03,1214.54,1589.15,1452.85
2022-06-20,1225.56,1177.2,1523.86,1394.7
2022-06-21,1224.54,1166.21,1485.25,1352.91
2022-06-22,1227.18,1172.17,1504.57,1360.55
2022-06-23,1240.58,1193.41,1556.26,1403.82
2022-06-24,1235.47,1191.2,1559.52,1409.96
2022-06-27,1256.67,1210.75,1581.59,1436.96
2022-06-28,1273.41,1227.48,1607.29,1453.4
2022-06-29,1273.4,1227.6,1609.07,1450.92
2022-06-30,1248.92,1202.51,1569.94,1422.86
2022-07-01,1252.24,1206.98,1581.94,1424.66
2022-07-04,1248.37,1205.83,1588.37,1425.86
2022-07-05,1242.05,1192.98,1555.68,1389.24
2022-07-06,1211.94,1162.52,1513.08,1350.32
2022-07-07,1229.23,1177.41,1529.46,1356.42
2022-07-08,1231.54,1186.16,1555.9,1388.95
2022-07-11,1209.02,1167.37,1537.55,1376.24
2022-07-12,1219.44,1186.08,1584.34,1421.98
2022-07-13,1216.94,1184.52,1581.79,1430.62
2022-07-14,1221.94,1191.37,1597.02,1441.56
2022-07-15,1220.14,1189.85,1595.98,1438.81
2022-07-18,1214.28,1187.08,1599.04,1447.01
2022-07-19,1211.7,1186.04,1603.28,1442.87
2022-07-20,1225.62,1202.83,1631.47,1480.17
2022-07-21,1235.25,1208.74,1633.12,1472.18
2022-07-22,1228.84,1203.31,1629.91,1463.42
2022-07-25,1222.6,1196.14,1615.89,1455.02
2022-07-26,1218.49,1190.53,1604.52,1444.59
2022-07-27,1219.43,1195.19,1621.87,1454.57
2022-07-28,1236.14,1212.26,1646.71,1477.34
2022-07-29,1232.0,1208.17,1639.99,1477.02
2022-08-01,1256.25,1233.07,1678.88,1502.63
2022-08-02,1265.97,1241.19,1683.56,1518.39
2022-08-03,1269.83,1248.54,1702.12,1535.55
2022-08-04,1277.73,1252.26,1696.04,1535.36
2022-08-05,1272.06,1251.8,1706.3,1550.76
2022-08-08,1276.7,1257.13,1713.49,1565.21
2022-08-09,1281.44,1261.72,1718.33,1574.43
2022-08-10,1277.15,1259.22,1717.59,1579.81
2022-08-11,1272.33,1250.36,1696.68,1556.22
2022-08-12,1280.96,1260.9,1716.69,1571.7
2022-08-15,1293.79,1274.3,1739.99,1580.12
2022-08-16,1295.1,1276.2,1743.69,1585.05
2022-08-17,1300.4,1277.79,1735.97,1582.43
2022-08-18,1299.93,1275.42,1727.93,1575.79
2022-08-19,1294.93,1270.06,1718.67,1571.01
2022-08-22,1285.45,1262.31,1713.58,1559.78
2022-08-23,1292.0,1273.07,1738.05,1584.69
2022-08-24,1296.41,1278.45,1746.75,1597.13
2022-08-25,1311.55,1291.46,1761.6,1603.86
2022-08-26,1306.81,1285.43,1751.24,1589.69
2022-08-29,1293.25,1271.83,1732.79,1570.19
2022-08-30,1298.14,1272.5,1722.36,1565.97
2022-08-31,1301.44,1276.72,1729.69,1575.78
2022-09-05,1298.15,1274.76,1730.78,1574.05
2022-09-06,1299.06,1275.32,1732.22,1569.33
2022-09-07,1268.95,1241.18,1672.36,1524.49
2022-09-08,1265.57,1233.68,1652.2,1505.55
2022-09-09,1275.64,1246.87,1680.87,1520.49
2022-09-12,1275.6,1245.9,1674.54,1525.78
2022-09-13,1272.48,1245.21,1680.73,1525.95
2022-09-14,1260.88,1239.87,1690.47,1525.54
2022-09-15,1262.82,1241.94,1693.9,1527.87
2022-09-16,1252.78,1226.93,1659.64,1502.23
2022-09-19,1229.88,1197.92,1606.34,1446.08
2022-09-20,1241.07,1211.57,1634.41,1459.18
2022-09-21,1228.2,1201.16,1624.91,1453.62
2022-09-22,1228.94,1206.65,1643.01,1473.93
2022-09-23,1215.41,1194.23,1626.68,1465.51
2022-09-26,1187.22,1160.42,1565.39,1411.58
2022-09-27,1182.46,1155.05,1557.09,1401.32
2022-09-28,1160.66,1134.72,1533.81,1373.33
2022-09-29,1147.44,1119.26,1508.52,1343.35
2022-09-30,1152.01,1123.09,1510.82,1350.63
2022-10-03,1102.0,1071.75,1433.8,1288.3
2022-10-04,1097.72,1061.71,1404.54,1267.35
2022-10-05,1117.38,1087.69,1457.12,1310.92
2022-10-06,1081.36,1052.24,1409.79,1263.77
2022-10-07,1039.54,1011.54,1355.38,1214.44
2022-10-10,1038.93,1015.88,1372.27,1234.09
2022-10-11,1001.68,977.75,1316.89,1182.91
2022-10-12,1034.93,1009.64,1364.48,1201.3
2022-10-13,1051.24,1022.7,1376.72,1205.39
2022-10-14,1061.39,1035.83,1402.18,1228.86
2022-10-17,1047.2,1029.04,1410.89,1234.69
2022-10-18,1059.06,1038.26,1416.36,1244.23
2022-10-19,1053.65,1034.07,1413.1,1242.62
2022-10-20,1053.26,1029.55,1396.58,1228.73
2022-10-21,1010.57,986.04,1333.89,1170.61
2022-10-24,973.88,949.84,1284.22,1125.87
2022-10-25,991.52,962.59,1295.97,1113.96
2022-10-26,990.41,958.55,1285.71,1094.89
2022-10-27,1028.5,997.53,1346.68,1133.28
2022-10-28,1029.49,997.25,1339.8,1141.08
2022-10-31,1026.84,993.43,1330.54,1137.08
2022-11-01,1038.09,1001.63,1332.96,1146.49
2022-11-02,1025.18,990.52,1319.23,1143.93
2022-11-03,1023.8,988.99,1318.1,1137.37
2022-11-04,997.92,961.8,1276.89,1099.85
2022-11-07,972.85,932.52,1225.63,1054.14
2022-11-08,980.09,937.96,1231.74,1048.74
2022-11-09,979.68,935.69,1220.79,1052.37
2022-11-10,936.8,892.85,1158.3,1005.59
2022-11-11,948.86,896.47,1144.33,988.71
2022-11-14,936.31,878.35,1105.74,953.76
2022-11-15,904.77,845.18,1055.04,908.79
2022-11-16,940.29,878.0,1094.8,944.95
2022-11-17,971.04,904.3,1121.59,967.86
2022-11-18,971.2,907.85,1133.58,983.0
2022-11-21,956.89,899.95,1135.35,993.51
2022-11-22,945.54,894.97,1143.5,1000.28
2022-11-23,938.73,887.18,1132.17,982.32
2022-11-24,940.76,888.65,1134.19,979.16
2022-11-25,967.49,914.13,1166.72,1010.18
2022-11-28,1004.34,949.53,1214.74,1047.17
2022-11-29,1029.04,973.14,1246.89,1070.43
2022-11-30,1049.21,992.89,1275.74,1088.48
2022-12-01,1042.64,988.74,1272.57,1097.51
2022-12-02,1092.99,1031.6,1320.27,1120.74
2022-12-05,1110.94,1048.61,1345.97,1127.93
2022-12-06,1054.06,1003.22,1307.1,1100.86
2022-12-07,1047.58,993.03,1285.57,1074.95
2022-12-08,1062.73,1011.96,1324.65,1096.17
2022-12-09,1065.08,1015.94,1334.57,1103.33
2022-12-12,1037.42,994.44,1318.57,1089.64
2022-12-13,1056.43,1012.84,1345.16,1105.27
2022-12-14,1056.17,1014.73,1352.46,1113.49
2022-12-15,1068.08,1023.93,1359.91,1116.64
2022-12-16,1064.07,1022.92,1365.11,1123.07
2022-12-19,1050.22,1009.71,1345.48,1115.29
2022-12-20,1029.79,989.67,1318.9,1088.32
2022-12-21,1033.1,987.29,1304.12,1066.79
2022-12-22,1038.34,992.03,1310.45,1068.83
2022-12-23,1034.13,987.44,1302.36,1064.56
2022-12-26,987.77,944.52,1246.56,1027.67
2022-12-27,1007.36,966.51,1285.7,1052.86
2022-12-28,1013.95,975.15,1305.45,1059.42
2022-12-29,1008.3,969.52,1296.02,1056.93
2022-12-30,1005.19,970.65,1308.53,1064.1
2023-01-03,1047.25,1006.13,1342.5,1096.6
2023-01-04,1050.15,1008.04,1343.66,1094.22
2023-01-05,1061.9,1017.38,1351.52,1099.66
2023-01-06,1057.4,1012.26,1343.61,1089.37
2023-01-09,1061.14,1013.38,1340.09,1081.85
2023-01-10,1060.53,1013.34,1340.42,1086.02
2023-01-11,1065.22,1016.76,1341.31,1090.5
2023-01-12,1066.24,1016.91,1338.34,1092.45
2023-01-13,1069.86,1019.91,1341.55,1093.61
2023-01-16,1075.71,1024.13,1344.31,1093.27
2023-01-17,1103.73,1048.6,1371.27,1114.36
2023-01-18,1115.72,1059.66,1383.59,1129.74
2023-01-19,1121.92,1066.54,1394.75,1140.4
2023-01-27,1130.65,1075.75,1409.97,1149.55
2023-01-30,1113.95,1063.8,1400.45,1156.75
2023-01-31,1125.07,1074.15,1413.31,1168.06
2023-02-01,1088.09,1038.18,1361.86,1134.25
2023-02-02,1093.48,1037.63,1347.06,1121.03
2023-02-03,1085.7,1030.98,1337.47,1125.63
2023-02-06,1094.37,1039.28,1350.29,1129.18
2023-02-07,1069.5,1016.69,1321.54,1111.75
2023-02-08,1073.38,1019.98,1323.73,1118.04
2023-02-09,1059.91,1012.09,1324.23,1123.27
2023-02-10,1048.74,1000.57,1307.05,1108.44
2023-02-13,1040.4,985.24,1269.3,1075.18
2023-02-14,1034.93,983.94,1276.36,1084.28
2023-02-15,1043.34,993.16,1289.28,1103.36
2023-02-16,1055.26,1005.31,1307.14,1118.54
2023-02-17,1053.72,1005.48,1312.23,1119.28
2023-02-20,1087.36,1036.41,1350.28,1150.36
2023-02-21,1080.9,1031.35,1343.8,1154.77
2023-02-22,1051.08,1003.01,1304.04,1132.28
2023-02-23,1050.95,1002.73,1303.08,1132.36
2023-02-24,1030.42,984.15,1279.5,1118.79
2023-02-27,1011.46,963.06,1242.52,1095.14
2023-02-28,1014.96,966.19,1247.31,1094.31
2023-03-01,1034.43,984.36,1270.54,1112.47
2023-03-02,1028.73,980.79,1272.13,1107.16
2023-03-03,1013.35,966.54,1252.15,1099.13
2023-03-06,1014.26,969.58,1262.98,1102.03
2023-03-07,1027.16,980.24,1274.07,1107.0
2023-03-08,1040.59,993.44,1293.55,1118.7
2023-03-09,1050.28,1001.6,1302.02,1124.25
2023-03-10,1047.2,997.73,1294.81,1117.74
2023-03-13,1050.07,997.01,1285.9,1108.46
2023-03-14,1037.35,983.2,1263.4,1090.64
2023-03-15,1064.38,1009.38,1298.68,1120.66
2023-03-16,1046.99,994.24,1282.65,1106.09
2023-03-17,1047.71,995.49,1285.74,1108.33
2023-03-20,1024.5,974.51,1259.62,1091.65
2023-03-21,1035.04,984.15,1271.97,1099.4
2023-03-22,1043.14,989.4,1272.73,1100.44
2023-03-23,1046.6,993.84,1283.58,1100.95
2023-03-24,1051.42,998.41,1289.84,1105.46
2023-03-27,1056.45,1004.17,1299.44,1114.84
2023-03-28,1058.82,1005.49,1298.19,1116.7
2023-03-29,1061.45,1007.52,1299.41,1118.99
2023-03-30,1067.24,1010.53,1296.88,1118.32
2023-03-31,1073.68,1016.81,1306.25,1123.11
2023-04-03,1088.72,1033.54,1334.86,1143.88
2023-04-04,1088.34,1037.08,1348.41,1157.93
2023-04-05,1089.83,1040.46,1356.19,1169.97
2023-04-06,1078.86,1029.0,1336.47,1162.25
2023-04-07,1078.88,1030.22,1340.05,1168.96
2023-04-10,1077.41,1029.86,1343.06,1167.88
2023-04-11,1081.71,1035.14,1351.85,1179.21
2023-04-12,1080.69,1035.95,1357.47,1183.09
2023-04-13,1074.67,1030.65,1352.44,1175.36
2023-04-14,1063.43,1018.24,1332.54,1156.89
2023-04-17,1065.02,1019.93,1335.34,1158.5
2023-04-18,1064.55,1021.11,1338.9,1169.75
2023-04-19,1056.14,1012.75,1326.52,1161.89
2023-04-20,1053.61,1011.67,1327.05,1167.63
2023-04-21,1046.18,1005.69,1320.15,1169.2
2023-04-24,1046.17,1004.67,1314.14,1173.37
2023-04-25,1037.04,996.53,1303.75,1169.42
2023-04-26,1045.24,1004.29,1313.43,1178.9
2023-04-27,1041.54,1003.75,1320.9,1181.46
2023-04-28,1051.43,1013.89,1337.6,1188.22
2023-05-04,1039.64,1006.26,1334.09,1195.66
2023-05-05,1038.46,1005.1,1332.64,1193.72
2023-05-08,1049.72,1014.81,1343.47,1200.38
2023-05-09,1049.67,1015.83,1347.15,1204.59
2023-05-10,1054.99,1022.91,1360.83,1218.56
2023-05-11,1054.93,1023.56,1362.64,1223.43
2023-05-12,1066.44,1032.57,1369.63,1229.72
2023-05-15,1070.9,1032.32,1357.57,1222.99
2023-05-16,1069.64,1031.85,1358.34,1225.93
2023-05-17,1062.1,1024.01,1344.39,1223.76
2023-05-18,1070.76,1029.82,1346.19,1224.39
2023-05-19,1068.84,1030.31,1353.47,1226.51
2023-05-22,1073.74,1037.48,1369.01,1239.42
2023-05-23,1068.05,1033.61,1367.55,1239.12
2023-05-24,1061.55,1028.36,1360.12,1245.76
2023-05-25,1062.15,1028.25,1357.78,1246.11
2023-05-26,1060.81,1029.58,1365.19,1255.51
2023-05-29,1069.77,1040.9,1385.39,1278.94
2023-05-30,1071.82,1044.64,1394.04,1288.91
2023-05-31,1066.33,1042.2,1395.63,1299.35
2023-06-01,1068.09,1047.3,1411.65,1308.45
2023-06-02,1086.96,1062.92,1429.54,1308.35
2023-06-05,1091.08,1066.09,1432.36,1308.3
2023-06-06,1102.32,1077.29,1449.22,1318.03
2023-06-07,1105.68,1082.2,1458.07,1333.4
2023-06-08,1092.46,1067.0,1429.82,1318.53
2023-06-09,1100.85,1076.51,1448.1,1324.73
2023-06-12,1109.63,1084.56,1456.71,1336.83
2023-06-13,1115.39,1088.52,1456.2,1345.24
2023-06-14,1110.6,1082.53,1446.4,1330.07
2023-06-15,1108.57,1080.83,1446.48,1322.38
2023-06-16,1109.06,1081.15,1447.08,1320.36
2023-06-19,1098.94,1074.05,1446.1,1310.37
2023-06-20,1104.27,1082.41,1464.57,1328.26
2023-06-21,1112.07,1091.71,1480.07,1346.91
2023-06-22,1117.6,1098.79,1494.86,1354.38
2023-06-23,1126.76,1105.73,1499.51,1357.66
2023-06-26,1131.23,1107.85,1498.48,1350.29
2023-06-27,1134.41,1109.76,1497.27,1353.63
2023-06-28,1141.12,1113.73,1497.4,1349.7
2023-06-29,1125.29,1096.76,1470.4,1327.59
2023-06-30,1123.13,1096.12,1474.22,1325.74
2023-07-03,1123.37,1097.85,1480.02,1331.39
2023-07-04,1128.0,1105.59,1498.56,1345.95
2023-07-05,1129.76,1107.09,1499.4,1349.43
2023-07-06,1119.44,1098.96,1493.35,1340.52
2023-07-07,1129.43,1109.39,1509.66,1352.63
2023-07-10,1143.16,1121.97,1524.15,1368.01
2023-07-11,1146.67,1125.04,1528.2,1368.02
2023-07-12,1146.54,1124.51,1526.74,1366.16
2023-07-13,1156.11,1136.56,1551.19,1379.93
2023-07-14,1160.59,1141.2,1558.26,1385.49
2023-07-17,1164.58,1146.54,1569.33,1393.39
2023-07-18,1166.82,1148.58,1573.58,1388.53
2023-07-19,1165.19,1145.86,1567.0,1383.68
2023-07-20,1168.26,1149.75,1574.67,1389.28
2023-07-21,1186.6,1166.64,1597.77,1398.1
2023-07-24,1193.14,1174.68,1611.91,1413.69
2023-07-25,1198.01,1177.66,1613.35,1407.69
2023-07-26,1201.43,1181.2,1620.17,1406.5
2023-07-27,1199.68,1181.26,1626.46,1403.1
2023-07-28,1212.45,1193.59,1643.78,1414.22
2023-07-31,1230.81,1206.52,1649.92,1418.37
2023-08-01,1222.18,1197.26,1636.92,1398.85
2023-08-02,1221.32,1201.25,1654.82,1409.65
2023-08-03,1210.8,1193.88,1650.66,1410.58
2023-08-04,1231.42,1212.46,1673.31,1427.44
2023-08-07,1250.68,1228.58,1687.79,1439.75
2023-08-08,1247.81,1225.88,1682.66,1442.4
2023-08-09,1239.84,1219.56,1675.17,1448.13
2023-08-10,1226.2,1205.94,1656.27,1430.16
2023-08-11,1240.77,1217.89,1669.43,1428.19
2023-08-14,1243.43,1225.71,1695.84,1445.21
2023-08-15,1241.24,1223.73,1690.92,1451.99
2023-08-16,1256.95,1234.85,1696.37,1448.43
2023-08-17,1247.82,1226.14,1685.81,1436.44
2023-08-18,1190.1,1165.4,1590.31,1358.92
2023-08-21,1190.32,1165.53,1595.01,1343.43
2023-08-22,1193.51,1172.12,1614.46,1356.09
2023-08-23,1182.97,1163.54,1605.4,1357.19
2023-08-24,1201.88,1184.99,1645.81,1378.81
2023-08-25,1193.93,1181.77,1656.71,1376.63
2023-08-28,1213.4,1202.19,1692.13,1390.96
2023-08-29,1215.47,1205.57,1700.41,1398.12
2023-08-30,1225.56,1218.21,1727.37,1412.42
2023-08-31,1234.53,1230.85,1755.97,1433.37
2023-09-05,1244.64,1240.45,1767.57,1446.16
2023-09-06,1260.03,1255.27,1787.07,1462.85
2023-09-07,1255.22,1253.36,1790.64,1472.24
2023-09-08,1249.14,1252.51,1804.48,1479.71
2023-09-11,1230.71,1231.85,1769.15,1449.39
2023-09-12,1255.83,1257.81,1810.77,1474.96
2023-09-13,1247.95,1251.14,1802.97,1474.58
2023-09-14,1234.06,1235.28,1774.72,1452.21
2023-09-15,1238.81,1238.35,1775.22,1449.95
2023-09-18,1223.7,1224.23,1757.15,1437.38
2023-09-19,1225.5,1227.01,1764.76,1439.42
2023-09-20,1234.57,1243.09,1808.51,1468.16
2023-09-21,1219.19,1227.63,1780.84,1466.53
2023-09-22,1197.69,1198.98,1716.81,1429.2
2023-09-25,1159.94,1151.78,1620.78,1362.22
2023-09-26,1153.37,1140.57,1592.41,1338.41
2023-09-27,1168.6,1161.58,1642.41,1362.02
2023-09-28,1164.45,1158.31,1639.87,1360.9
2023-09-29,1166.26,1160.57,1644.08,1365.24
2023-10-02,1167.13,1162.99,1652.05,1370.41
2023-10-03,1130.89,1122.49,1579.95,1321.58
2023-10-04,1138.54,1134.66,1611.97,1338.29
2023-10-05,1124.48,1120.32,1589.46,1324.48
2023-10-06,1139.78,1137.48,1621.98,1339.52
2023-10-09,1150.37,1150.17,1647.6,1353.33
2023-10-10,1160.28,1156.82,1645.23,1364.03
2023-10-11,1167.29,1166.69,1668.86,1376.19
2023-10-12,1165.49,1166.01,1671.56,1375.82
2023-10-13,1166.66,1168.95,1683.31,1374.24
2023-10-16,1153.21,1153.95,1656.52,1356.68
2023-10-17,1141.03,1131.88,1591.53,1330.61
2023-10-18,1125.56,1114.05,1563.78,1291.14
2023-10-19,1104.89,1094.35,1539.49,1265.75
2023-10-20,1123.69,1117.68,1588.02,1294.0
2023-10-23,1106.85,1102.38,1569.33,1282.26
2023-10-24,1117.12,1114.63,1595.09,1291.68
2023-10-25,1113.32,1109.99,1585.71,1285.91
2023-10-26,1064.95,1060.15,1509.55,1226.62
2023-10-27,1067.57,1068.21,1538.78,1238.28
2023-10-30,1047.63,1043.37,1485.14,1213.7
2023-10-31,1039.38,1028.02,1444.3,1179.34
2023-11-01,1051.65,1043.88,1481.21,1191.37
2023-11-02,1087.5,1083.52,1549.41,1242.51
2023-11-03,1086.19,1084.21,1556.58,1245.22
2023-11-06,1103.52,1099.89,1576.73,1252.78
2023-11-07,1092.71,1089.81,1563.12,1246.32
2023-11-08,1129.95,1130.14,1632.73,1289.86
2023-11-09,1122.95,1128.67,1644.59,1304.64
2023-11-10,1109.05,1117.66,1637.26,1296.43
2023-11-13,1106.72,1118.08,1648.15,1294.31
2023-11-14,1119.28,1130.99,1668.39,1307.72
2023-11-15,1131.9,1141.07,1673.71,1320.74
2023-11-16,1132.6,1145.23,1688.98,1334.22
2023-11-17,1103.53,1120.71,1662.82,1326.94
2023-11-20,1102.85,1122.67,1671.59,1339.36
2023-11-21,1108.6,1130.54,1690.21,1348.34
2023-11-22,1109.8,1135.55,1708.19,1361.9
2023-11-23,1082.68,1104.02,1646.65,1328.6
2023-11-24,1087.34,1110.88,1667.18,1326.47
2023-11-27,1078.42,1099.2,1639.47,1317.61
2023-11-28,1088.51,1108.21,1649.21,1326.46
2023-11-29,1093.16,1115.91,1670.4,1336.48
2023-11-30,1081.7,1107.51,1665.57,1337.31
2023-12-01,1090.39,1116.16,1678.6,1344.87
2023-12-04,1107.16,1137.77,1724.05,1377.41
2023-12-05,1100.42,1131.91,1718.67,1370.43
2023-12-06,1109.27,1143.56,1743.52,1389.32
2023-12-07,1111.35,1140.97,1723.93,1384.98
2023-12-08,1114.89,1142.69,1723.51,1375.8
2023-12-11,1117.34,1143.06,1719.18,1368.63
2023-12-12,1121.21,1146.18,1720.72,1373.33
2023-12-13,1106.83,1130.93,1695.22,1357.36
2023-12-14,1104.49,1125.56,1677.62,1349.08
2023-12-15,1097.4,1120.0,1672.85,1349.47
2023-12-18,1084.67,1109.65,1664.83,1342.05
2023-12-19,1091.87,1116.4,1674.44,1345.17
2023-12-20,1097.01,1121.8,1682.4,1353.66
2023-12-21,1097.43,1123.53,1689.2,1356.33
2023-12-22,1097.45,1123.28,1688.62,1353.75
2023-12-25,1111.86,1137.67,1710.75,1365.58
2023-12-26,1115.52,1141.58,1718.56,1365.71
2023-12-27,1115.94,1141.94,1718.71,1366.77
2023-12-28,1128.51,1150.96,1722.06,1368.29
2023-12-29,1131.46,1154.49,1729.44,1371.45
2024-01-02,1131.64,1153.09,1721.91,1369.98
2024-01-03,1144.85,1166.13,1738.12,1391.46
2024-01-04,1156.37,1174.04,1739.09,1393.93
2024-01-05,1161.14,1177.68,1741.27,1395.36
2024-01-08,1163.52,1181.07,1747.76,1405.48
2024-01-09,1160.21,1178.17,1744.78,1402.79
2024-01-10,1162.68,1177.05,1734.03,1390.79
2024-01-11,1163.56,1179.67,1745.05,1389.87
2024-01-12,1163.66,1174.91,1725.78,1370.16
2024-01-15,1161.3,1170.03,1710.66,1362.4
2024-01-16,1170.19,1181.23,1735.43,1373.18
2024-01-17,1166.61,1180.02,1739.54,1379.35
2024-01-18,1173.91,1187.0,1749.91,1382.78
2024-01-19,1185.23,1194.81,1751.63,1383.46
2024-01-22,1189.56,1198.13,1754.52,1382.07
2024-01-23,1183.85,1193.84,1751.93,1381.39
2024-01-24,1179.45,1189.61,1746.85,1375.17
2024-01-25,1177.52,1188.76,1749.08,1375.12
2024-01-26,1182.82,1193.83,1756.22,1378.87
2024-01-29,1179.17,1191.76,1757.43,1380.55
2024-01-30,1181.71,1197.05,1773.08,1391.37
2024-01-31,1166.33,1182.55,1753.54,1380.01
2024-02-01,1173.35,1190.36,1766.45,1392.48
2024-02-02,1174.76,1191.37,1766.72,1392.95
2024-02-05,1197.36,1207.98,1775.21,1396.07
2024-02-06,1199.17,1210.88,1782.56,1401.1
2024-02-07,1212.7,1222.25,1792.96,1409.79
2024-02-15,1217.12,1228.57,1808.02,1418.51
2024-02-16,1224.54,1234.0,1808.6,1426.9
2024-02-19,1240.2,1244.8,1811.93,1425.28
2024-02-20,1241.65,1246.62,1814.46,1431.88
2024-02-21,1242.08,1248.08,1819.38,1435.85
2024-02-22,1239.9,1246.13,1814.86,1442.31
2024-02-23,1223.09,1226.44,1777.62,1416.93
2024-02-26,1233.31,1239.52,1805.84,1432.75
2024-02-27,1247.91,1254.09,1826.61,1449.83
2024-02-28,1265.35,1266.86,1832.14,1454.92
2024-02-29,1265.75,1268.79,1841.92,1450.8
2024-03-01,1267.07,1275.47,1868.17,1463.04
2024-03-04,1268.53,1278.95,1879.47,1468.79
2024-03-05,1280.17,1289.67,1893.1,1476.6
2024-03-06,1271.07,1278.96,1871.44,1467.2
2024-03-07,1276.56,1286.75,1891.2,1473.31
2024-03-08,1250.2,1263.51,1863.38,1463.11
2024-03-11,1235.12,1250.57,1850.02,1454.66
2024-03-12,1242.23,1257.41,1859.16,1461.96
2024-03-13,1272.28,1288.32,1908.92,1489.3
2024-03-14,1260.32,1280.72,1906.03,1503.16
2024-03-15,1256.42,1278.63,1905.53,1513.0
2024-03-18,1235.74,1257.07,1871.36,1488.69
2024-03-19,1234.74,1255.69,1868.05,1487.36
2024-03-20,1259.06,1278.28,1899.69,1496.5
2024-03-21,1281.57,1298.02,1921.0,1511.94
2024-03-22,1284.14,1301.41,1930.7,1508.69
2024-03-25,1270.0,1287.14,1907.75,1499.04
2024-03-26,1286.23,1303.77,1934.36,1513.72
2024-03-27,1288.77,1307.15,1939.39,1526.77
2024-03-28,1303.2,1318.41,1947.6,1530.66
2024-03-29,1296.9,1312.81,1941.62,1525.14
2024-04-01,1292.62,1308.85,1935.7,1524.97
2024-04-02,1292.3,1312.82,1954.98,1532.27
2024-04-03,1274.27,1295.51,1930.05,1520.69
2024-04-04,1267.65,1288.16,1917.81,1509.32
2024-04-05,1257.78,1274.47,1887.81,1484.96
2024-04-08,1254.72,1268.32,1871.53,1467.71
2024-04-09,1266.92,1283.59,1905.7,1478.9
2024-04-10,1263.82,1279.77,1898.16,1473.12
2024-04-11,1262.86,1279.03,1898.06,1471.53
2024-04-12,1284.74,1300.27,1929.86,1484.38
2024-04-15,1227.9,1236.7,1815.4,1412.19
2024-04-16,1232.7,1237.01,1804.73,1398.8
2024-04-17,1210.74,1215.58,1772.5,1385.08
2024-04-19,1194.03,1195.08,1731.28,1357.83
2024-04-22,1206.64,1212.59,1773.22,1377.01
2024-04-23,1200.37,1203.3,1751.24,1361.05
2024-04-24,1232.17,1238.18,1813.49,1395.41
2024-04-25,1233.72,1237.49,1806.27,1390.21
2024-04-26,1240.5,1243.09,1811.13,1393.9
2024-05-02,1247.21,1249.43,1819.54,1399.45
2024-05-03,1255.62,1255.27,1823.02,1393.34
2024-05-06,1274.62,1276.65,1859.44,1426.35
2024-05-07,1284.85,1285.65,1868.95,1434.31
2024-05-08,1284.85,1287.6,1875.88,1445.05
2024-05-09,1281.47,1283.72,1868.55,1440.71
2024-05-10,1277.47,1282.26,1872.85,1446.52
2024-05-13,1272.53,1278.61,1868.58,1454.09
2024-05-14,1277.31,1282.6,1872.77,1454.8
2024-05-15,1289.97,1296.0,1894.37,1470.8
2024-05-16,1308.27,1313.43,1921.05,1475.26
2024-05-17,1310.15,1320.57,1948.33,1485.59
2024-05-20,1312.55,1323.98,1953.17,1501.68
2024-05-21,1308.62,1323.32,1959.51,1513.84
2024-05-22,1291.46,1311.18,1955.85,1510.16
2024-05-23,1304.76,1324.36,1975.63,1521.06
2024-05-24,1283.46,1300.14,1930.72,1494.21
2024-05-27,1284.88,1303.83,1942.49,1502.43
2024-05-28,1299.75,1321.1,1975.35,1522.51
2024-05-29,1284.02,1311.67,1977.06,1531.69
2024-05-30,1279.29,1308.1,1973.41,1535.96
2024-05-31,1275.97,1306.29,1975.75,1534.33
2024-06-03,1297.78,1326.65,2003.41,1546.67
2024-06-04,1300.99,1328.48,2001.27,1549.39
2024-06-05,1299.66,1326.17,1992.96,1552.69
2024-06-06,1302.28,1327.45,1989.43,1557.39
2024-06-07,1308.03,1332.72,1995.55,1563.03
2024-06-10,1311.1,1336.99,2002.18,1580.29
2024-06-11,1308.3,1332.3,1989.17,1574.83
2024-06-12,1331.81,1352.52,2011.85,1582.34
2024-06-13,1333.85,1355.29,2019.23,1582.07
2024-06-14,1316.46,1334.0,1979.73,1542.91
2024-06-17,1309.7,1328.7,1975.26,1542.68
2024-06-18,1309.89,1331.17,1983.57,1555.5
2024-06-19,1314.22,1333.47,1980.16,1558.01
2024-06-20,1322.36,1338.01,1976.55,1556.98
2024-06-21,1319.93,1337.95,1983.46,1560.13
2024-06-24,1289.85,1305.74,1932.67,1513.18
2024-06-25,1288.8,1308.32,1946.38,1523.49
2024-06-26,1291.3,1311.36,1951.31,1531.54
2024-06-27,1289.03,1309.26,1948.63,1529.88
2024-06-28,1278.32,1295.31,1921.44,1500.75
2024-07-01,1285.48,1302.1,1929.04,1511.9
2024-07-02,1296.06,1315.8,1961.52,1519.46
2024-07-03,1305.5,1324.45,1972.58,1525.06
2024-07-04,1310.63,1330.09,1982.23,1532.19
2024-07-05,1316.18,1335.16,1988.6,1535.77
2024-07-08,1315.83,1336.03,1990.47,1548.94
2024-07-09,1321.78,1344.62,2009.87,1564.87
2024-07-10,1310.91,1334.57,1996.82,1557.84
2024-07-11,1306.22,1332.08,1998.71,1561.56
2024-07-12,1301.81,1327.44,1991.01,1556.94
2024-07-15,1297.82,1324.86,1989.18,1563.87
2024-07-16,1303.3,1327.28,1983.57,1562.98
2024-07-17,1305.37,1317.62,1942.59,1510.13
2024-07-18,1306.38,1322.39,1958.18,1528.81
2024-07-19,1302.32,1315.21,1941.19,1507.47
2024-07-22,1299.31,1305.34,1911.28,1471.28
2024-07-23,1278.67,1282.58,1872.83,1440.13
2024-07-24,1280.51,1289.0,1894.25,1458.11
2024-07-25,1272.18,1281.61,1884.95,1455.91
2024-07-26,1281.84,1290.35,1894.87,1464.58
2024-07-29,1285.73,1294.54,1901.12,1472.17
2024-07-30,1287.82,1292.53,1885.03,1468.46
2024-07-31,1299.09,1298.41,1880.39,1458.97
2024-08-01,1272.0,1267.88,1829.1,1409.53
2024-08-02,1281.01,1278.47,1848.4,1425.71
2024-08-05,1232.11,1224.45,1755.24,1359.84
2024-08-06,1252.81,1248.85,1802.46,1386.12
2024-08-07,1253.58,1251.28,1809.8,1389.95
2024-08-08,1243.31,1242.07,1798.06,1383.78
2024-08-09,1264.84,1262.92,1825.49,1400.87
2024-08-12,1271.44,1271.48,1842.57,1408.98
2024-08-13,1268.72,1268.71,1837.28,1408.95
2024-08-14,1270.38,1267.39,1827.87,1401.37
2024-08-15,1265.32,1261.9,1819.46,1390.74
2024-08-16,1291.68,1295.33,1889.36,1432.44
2024-08-19,1299.04,1305.03,1912.39,1439.33
2024-08-20,1305.25,1313.97,1933.98,1450.32
2024-08-21,1317.69,1324.21,1943.53,1453.12
2024-08-22,1318.57,1324.48,1941.72,1453.18
2024-08-23,1321.15,1326.14,1943.49,1450.41
2024-08-26,1318.6,1321.63,1931.77,1445.15
2024-08-27,1322.28,1322.36,1924.37,1441.28
2024-08-28,1323.54,1323.3,1925.53,1437.47
2024-08-29,1326.67,1323.42,1917.62,1431.73
2024-08-30,1331.52,1327.54,1921.9,1432.87
2024-09-04,1317.71,1316.0,1911.23,1426.11
2024-09-05,1309.05,1306.86,1896.45,1419.85
2024-09-06,1315.39,1311.38,1898.09,1418.84
2024-09-09,1307.15,1304.62,1892.79,1412.36
2024-09-10,1294.06,1292.23,1875.83,1401.64
2024-09-11,1293.88,1290.53,1868.36,1398.73
2024-09-12,1297.61,1292.95,1867.1,1400.11
2024-09-13,1294.3,1291.81,1871.01,1401.35
2024-09-16,1281.37,1278.94,1851.85,1391.14
2024-09-17,1303.65,1299.68,1880.68,1402.55
2024-09-18,1310.94,1306.05,1886.64,1408.66
2024-09-19,1318.41,1313.11,1895.63,1416.83
2024-09-20,1326.0,1318.82,1900.31,1415.65
2024-09-23,1321.12,1314.28,1894.6,1412.63
2024-09-24,1330.87,1323.88,1909.99,1417.79
2024-09-25,1344.07,1337.02,1931.3,1427.31
2024-09-26,1350.85,1342.87,1939.71,1426.52
2024-09-27,1352.57,1343.99,1940.45,1424.75
2024-09-30,1352.56,1344.59,1943.23,1425.53
2024-10-01,1358.88,1349.85,1945.8,1436.11
2024-10-02,1354.51,1343.57,1930.96,1428.23
2024-10-03,1346.46,1333.04,1909.79,1410.62
2024-10-04,1336.21,1324.52,1901.93,1400.73
2024-10-07,1335.48,1325.97,1910.42,1403.48
2024-10-08,1339.05,1330.22,1918.22,1407.67
2024-10-09,1351.97,1341.97,1932.93,1414.8
2024-10-10,1360.58,1346.55,1924.62,1412.78
2024-10-11,1362.5,1348.66,1928.8,1421.28
2024-10-14,1358.76,1342.75,1913.89,1417.93
2024-10-15,1356.09,1336.44,1894.31,1407.88
2024-10-16,1354.1,1333.24,1884.93,1410.0
2024-10-17,1362.89,1343.47,1905.87,1416.28
2024-10-18,1362.69,1342.09,1900.75,1411.42
2024-10-21,1358.03,1336.81,1893.87,1399.03
2024-10-22,1348.92,1328.55,1884.5,1395.43
2024-10-23,1349.72,1331.49,1894.09,1400.87
2024-10-24,1329.62,1314.79,1876.3,1390.58
2024-10-25,1325.54,1311.0,1870.11,1390.61
2024-10-28,1328.33,1314.25,1874.86,1397.58
2024-10-29,1335.76,1321.86,1887.1,1404.63
2024-10-30,1333.85,1320.39,1885.01,1404.88
2024-10-31,1338.6,1324.21,1888.57,1406.16
2024-11-01,1325.62,1311.62,1869.7,1398.25
2024-11-04,1312.64,1299.68,1854.46,1391.42
2024-11-05,1313.35,1300.83,1858.44,1390.26
2024-11-06,1329.56,1318.04,1886.8,1408.9
2024-11-07,1326.65,1316.75,1887.67,1413.62
2024-11-08,1317.34,1309.43,1880.95,1411.25
2024-11-11,1310.46,1304.8,1876.8,1415.84
2024-11-12,1301.95,1298.22,1873.73,1408.81
2024-11-13,1304.04,1299.67,1875.06,1403.8
2024-11-14,1286.65,1282.33,1846.95,1395.45
2024-11-15,1271.22,1266.73,1823.29,1379.2
2024-11-18,1270.23,1266.33,1823.03,1383.74
2024-11-19,1259.08,1251.58,1793.94,1360.23
2024-11-20,1271.73,1265.06,1817.57,1367.83
2024-11-21,1286.67,1278.45,1834.63,1376.52
2024-11-22,1286.07,1276.54,1826.35,1375.45
2024-11-25,1291.94,1282.84,1837.57,1382.28
2024-11-26,1299.22,1290.74,1850.2,1393.14
2024-11-27,1301.06,1292.38,1849.74,1392.14
2024-11-28,1301.52,1292.99,1849.97,1396.96
2024-11-29,1311.26,1301.88,1858.33,1403.08
2024-12-02,1308.83,1301.87,1865.14,1406.54
2024-12-03,1309.18,1302.84,1866.42,1405.02
2024-12-04,1297.81,1291.71,1848.82,1402.34
2024-12-05,1337.55,1328.08,1895.16,1427.51
2024-12-06,1337.28,1329.2,1899.98,1428.2
2024-12-09,1336.18,1330.99,1909.84,1443.91
2024-12-10,1335.85,1330.55,1906.92,1444.24
2024-12-11,1336.48,1329.9,1901.63,1443.84
2024-12-12,1335.55,1328.41,1899.38,1438.86
2024-12-13,1331.58,1322.99,1887.77,1429.49
2024-12-16,1331.82,1324.2,1893.29,1427.82
2024-12-17,1327.63,1321.18,1891.87,1430.29
2024-12-18,1329.83,1325.81,1903.51,1442.67
2024-12-19,1314.16,1312.28,1887.7,1435.86
2024-12-20,1317.77,1314.62,1883.39,1448.64
2024-12-23,1323.02,1320.81,1894.56,1459.03
2024-12-24,1323.27,1320.34,1890.58,1460.18
2024-12-25,1342.48,1336.66,1909.35,1465.59
2024-12-26,1342.68,1334.63,1899.16,1467.37
2024-12-27,1346.84,1339.34,1907.9,1463.87
2024-12-30,1347.35,1339.28,1906.45,1456.99
2024-12-31,1344.75,1336.36,1900.74,1451.02
2025-01-02,1343.2,1335.47,1900.09,1455.9
2025-01-03,1320.58,1314.04,1871.89,1439.33
2025-01-06,1313.04,1302.77,1846.13,1414.84
2025-01-07,1315.28,1301.85,1836.21,1405.18
2025-01-08,1316.63,1306.07,1850.8,1416.44
2025-01-09,1310.8,1300.32,1842.46,1409.28
2025-01-10,1293.23,1282.01,1812.67,1391.42
2025-01-13,1298.34,1288.88,1828.13,1398.07
2025-01-14,1289.23,1280.48,1817.29,1394.28
2025-01-15,1297.64,1290.31,1834.41,1412.26
2025-01-16,1303.25,1296.77,1846.69,1415.99
2025-01-17,1313.48,1306.65,1858.03,1428.34
2025-01-20,1316.95,1308.12,1855.49,1424.08
2025-01-21,1314.81,1305.92,1852.98,1416.96
2025-01-22,1309.72,1303.2,1855.15,1409.72
2025-01-23,1332.54,1326.58,1891.25,1420.82
2025-01-24,1337.59,1333.1,1907.77,1421.26
2025-02-03,1315.46,1315.33,1896.72,1424.98
2025-02-04,1327.21,1328.73,1921.32,1444.39
2025-02-05,1331.35,1334.02,1931.54,1456.73
2025-02-06,1336.59,1337.26,1929.0,1460.29
2025-02-07,1340.8,1339.63,1926.28,1463.06
2025-02-10,1330.88,1326.56,1899.03,1447.61
2025-02-11,1338.4,1334.52,1909.93,1454.96
2025-02-12,1335.68,1333.3,1912.35,1458.68
2025-02-13,1337.78,1335.87,1918.01,1467.57
2025-02-14,1340.52,1339.86,1925.78,1475.43
2025-02-17,1334.01,1337.11,1933.18,1483.14
2025-02-18,1337.39,1341.03,1941.04,1487.03
2025-02-19,1344.64,1352.18,1970.77,1504.43
2025-02-20,1349.45,1355.6,1972.81,1505.79
2025-02-21,1353.73,1357.46,1968.25,1506.81
2025-02-24,1364.52,1366.26,1979.06,1507.64
2025-02-25,1360.56,1363.86,1980.01,1512.78
2025-02-26,1360.56,1364.84,1982.03,1514.47
2025-02-27,1363.62,1369.56,1994.24,1525.02
2025-02-28,1356.43,1364.65,1995.0,1522.58
2025-03-03,1361.16,1368.84,2002.31,1517.87
2025-03-04,1367.97,1372.88,2001.68,1514.12
2025-03-05,1363.91,1364.78,1977.97,1497.0
2025-03-06,1379.62,1381.4,2006.97,1507.69
2025-03-07,1389.77,1387.67,2004.69,1508.5
2025-03-10,1391.07,1386.68,1997.08,1507.05
2025-03-11,1393.57,1389.33,2003.25,1510.97
2025-03-12,1392.39,1386.76,1994.82,1511.32
2025-03-13,1387.3,1377.77,1970.15,1488.63
2025-03-14,1387.03,1374.58,1961.03,1481.44
2025-03-17,1394.9,1384.35,1987.0,1484.56
2025-03-18,1388.64,1379.13,1981.55,1482.33
2025-03-19,1377.63,1369.5,1975.16,1478.01
2025-03-20,1378.95,1369.25,1971.05,1470.37
2025-03-21,1378.27,1367.96,1963.41,1469.97
2025-03-24,1390.7,1376.04,1964.45,1462.32
2025-03-25,1388.79,1375.13,1966.55,1469.5
2025-03-26,1381.47,1367.12,1953.27,1466.71
2025-03-27,1380.26,1366.4,1950.94,1465.03
2025-03-28,1373.93,1359.61,1939.09,1463.4
2025-03-31,1363.88,1350.36,1931.31,1451.56
2025-04-01,1376.91,1360.39,1939.2,1454.07
2025-04-02,1376.94,1360.86,1939.64,1455.69
2025-04-03,1283.18,1269.02,1810.36,1362.5
2025-04-04,1280.52,1252.45,1743.47,1316.68
2025-04-08,1197.51,1171.31,1630.58,1233.52
2025-04-09,1168.68,1134.33,1546.32,1183.48
2025-04-10,1249.29,1211.81,1649.7,1262.12
2025-04-11,1309.94,1268.04,1721.92,1301.69
2025-04-14,1325.87,1286.6,1762.11,1316.5
2025-04-15,1310.76,1269.95,1730.56,1306.59
2025-04-16,1293.25,1252.39,1707.27,1300.2
2025-04-17,1303.03,1261.87,1720.75,1306.2
2025-04-18,1306.24,1269.96,1746.99,1320.95
2025-04-21,1294.29,1258.81,1730.99,1313.37
2025-04-22,1290.38,1248.45,1697.03,1288.59
2025-04-23,1303.04,1264.81,1734.07,1312.3
2025-04-24,1311.66,1274.59,1750.56,1326.89
2025-04-25,1317.18,1278.72,1750.83,1333.49
2025-04-28,1312.32,1277.72,1753.27,1334.87
2025-04-29,1309.73,1277.47,1755.42,1346.07
2025-05-05,1320.41,1289.97,1792.43,1363.34
2025-05-06,1319.66,1289.46,1788.94,1364.32
2025-05-07,1324.8,1294.49,1799.87,1373.7
2025-05-08,1351.1,1314.62,1818.39,1384.25
2025-05-09,1352.25,1316.73,1816.38,1385.7
2025-05-12,1372.04,1334.92,1830.41,1391.78
2025-05-13,1382.78,1346.11,1852.46,1400.82
2025-05-14,1397.87,1362.93,1869.7,1402.36
2025-05-15,1401.49,1368.87,1870.63,1402.65
2025-05-16,1384.44,1352.6,1855.67,1402.89
2025-05-19,1379.75,1342.4,1843.57,1395.99
2025-05-20,1407.52,1363.26,1864.67,1406.09
2025-05-21,1419.36,1371.24,1870.69,1409.69
2025-05-22,1409.56,1361.55,1862.32,1406.03
2025-05-23,1409.4,1361.73,1867.59,1413.3
2025-05-26,1423.85,1378.4,1906.07,1440.76
2025-05-27,1427.45,1387.37,1935.8,1460.05
2025-05-28,1432.19,1385.39,1925.02,1451.99
2025-05-29,1431.57,1386.35,1935.34,1452.8
2025-05-30,1423.68,1375.27,1913.71,1440.88
2025-06-02,1423.04,1381.37,1933.48,1453.74
2025-06-03,1437.87,1394.51,1950.06,1462.81
2025-06-04,1435.28,1393.89,1960.94,1473.15
2025-06-05,1432.38,1389.43,1952.32,1469.91
2025-06-06,1418.97,1375.26,1927.99,1453.93
2025-06-09,1396.56,1357.8,1899.76,1437.71
2025-06-10,1404.82,1364.99,1912.31,1438.39
2025-06-11,1405.15,1365.88,1910.37,1441.21
2025-06-12,1412.16,1378.23,1935.12,1448.51
2025-06-13,1401.2,1366.86,1907.08,1433.42
2025-06-16,1420.35,1389.88,1950.06,1449.17
2025-06-17,1431.39,1397.51,1956.98,1454.06
2025-06-18,1432.99,1396.25,1948.51,1449.78
2025-06-19,1439.3,1401.2,1949.45,1446.12
2025-06-20,1435.19,1401.65,1956.16,1449.17
2025-06-23,1448.32,1404.67,1951.18,1444.91
2025-06-24,1462.8,1415.31,1967.55,1445.58
2025-06-25,1465.36,1415.96,1968.12,1444.41
2025-06-26,1463.57,1415.88,1969.57,1444.7
2025-06-27,1475.89,1421.78,1973.64,1445.66
2025-06-30,1477.56,1428.71,1995.4,1455.0
2025-07-01,1476.16,1427.68,1988.25,1449.16
2025-07-02,1482.76,1439.1,2017.45,1461.55
2025-07-03,1481.2,1439.59,2025.08,1457.6
2025-07-04,1488.77,1448.82,2037.52,1464.71
2025-07-07,1508.66,1467.95,2054.35,1473.89
2025-07-08,1529.27,1482.39,2071.91,1484.73
2025-07-09,1543.27,1493.6,2084.47,1490.09
2025-07-10,1569.34,1506.61,2086.38,1496.81
2025-07-11,1594.01,1520.21,2092.68,1492.81
2025-07-14,1605.66,1533.43,2125.76,1502.97
2025-07-15,1593.84,1526.1,2123.02,1501.79
2025-07-16,1614.42,1542.08,2142.8,1516.09
2025-07-17,1634.7,1554.07,2151.78,1529.24
2025-07-18,1643.91,1566.43,2166.29,1539.19
2025-07-21,1628.06,1559.45,2162.5,1529.78
2025-07-22,1655.98,1584.49,2211.89,1542.65
2025-07-23,1653.01,1590.58,2242.86,1553.89
2025-07-24,1661.23,1602.32,2265.41,1556.6
2025-07-25,1669.33,1619.18,2316.78,1571.65
2025-07-28,1695.63,1655.18,2397.62,1604.12
2025-07-29,1621.29,1576.51,2270.71,1545.12
2025-07-30,1630.78,1596.78,2310.0,1565.89
2025-07-31,1615.23,1595.99,2335.5,1572.76
2025-08-01,1614.11,1592.24,2315.64,1575.39
2025-08-04,1653.22,1627.98,2354.31,1591.57
2025-08-05,1690.43,1651.53,2348.06,1575.63
2025-08-06,1723.31,1683.22,2392.14,1589.61
2025-08-07,1734.85,1696.1,2417.69,1610.32
2025-08-08,1729.08,1698.23,2443.02,1619.77
2025-08-11,1741.9,1712.61,2473.25,1639.44
2025-08-12,1755.25,1725.46,2494.86,1646.46
2025-08-13,1753.71,1731.66,2520.88,1659.78
2025-08-14,1793.78,1770.26,2553.01,1659.62
2025-08-15,1783.25,1760.73,2546.14,1634.0
2025-08-18,1786.37,1771.18,2581.88,1657.11
2025-08-19,1810.46,1797.25,2594.04,1680.59
2025-08-20,1828.46,1808.11,2565.04,1649.9
2025-08-21,1874.91,1842.38,2553.27,1624.88
2025-08-22,1814.02,1785.48,2495.4,1580.41
2025-08-25,1783.12,1743.89,2419.76,1557.43
2025-08-26,1849.05,1809.54,2519.49,1594.15
2025-08-27,1848.55,1810.64,2535.09,1597.17
2025-08-28,1861.2,1825.43,2568.85,1606.59
2025-08-29,1865.38,1831.62,2574.28,1615.55
2025-09-03,1859.59,1833.86,2608.57,1636.8
2025-09-04,1883.59,1852.22,2632.59,1644.29
2025-09-05,1845.48,1813.9,2572.78,1628.95
2025-09-08,1807.22,1762.27,2469.19,1586.95
2025-09-09,1825.17,1781.38,2501.13,1592.78
2025-09-10,1828.63,1783.92,2496.5,1590.84
2025-09-11,1855.08,1801.43,2502.42,1593.91
2025-09-12,1865.45,1811.64,2535.73,1610.73
2025-09-15,1876.75,1829.24,2586.54,1636.64
2025-09-16,1875.39,1824.83,2564.36,1624.45
2025-09-17,1868.85,1813.12,2520.11,1616.64
2025-09-18,1861.74,1808.03,2517.88,1612.29
2025-09-19,1859.53,1802.72,2496.2,1612.85
2025-09-22,1819.6,1770.13,2469.77,1590.41
2025-09-23,1821.45,1770.26,2462.6,1588.38
2025-09-24,1853.48,1803.27,2504.97,1608.68
2025-09-25,1858.67,1810.67,2521.96,1620.99
2025-09-26,1852.65,1801.67,2494.26,1616.17
2025-09-29,1862.23,1808.13,2488.01,1601.34
2025-09-30,1863.13,1804.72,2463.63,1585.07
2025-10-01,1870.63,1813.1,2476.47,1589.84
2025-10-02,1859.8,1797.5,2430.57,1574.16
2025-10-03,1859.51,1789.49,2394.74,1557.96
2025-10-06,1918.97,1849.38,2488.17,1595.39
2025-10-07,1909.65,1835.47,2454.81,1579.35
2025-10-08,1922.95,1846.47,2474.36,1584.68
2025-10-09,1940.89,1863.39,2491.55,1587.27
2025-10-10,1980.57,1893.61,2513.3,1587.46
2025-10-13,2012.28,1916.23,2518.66,1584.35
2025-10-14,2013.69,1914.72,2511.92,1563.52
2025-10-15,2009.64,1916.34,2532.16,1559.77
2025-10-16,2022.27,1929.01,2570.12,1569.08
2025-10-17,1977.14,1889.14,2532.93,1560.04
2025-10-20,1870.86,1783.39,2376.18,1491.31
2025-10-21,1915.9,1814.65,2374.35,1501.53
2025-10-22,1930.88,1828.74,2397.18,1514.72
2025-10-23,1945.78,1835.53,2379.3,1516.48
2025-10-24,1944.6,1829.32,2363.85,1510.01
2025-10-27,1900.76,1793.82,2330.7,1506.85
2025-10-28,1949.28,1835.41,2375.43,1523.18
2025-10-29,1949.76,1841.66,2400.97,1544.01
2025-10-30,1925.18,1819.71,2380.39,1545.61
2025-10-31,1885.36,1784.26,2346.31,1540.69
2025-11-03,1857.64,1751.96,2278.14,1524.66
2025-11-04,1897.71,1797.1,2345.44,1542.53
2025-11-05,1886.47,1787.24,2323.32,1526.89
2025-11-06,1869.6,1771.54,2303.18,1527.71
2025-11-07,1824.71,1723.11,2239.14,1504.6
2025-11-10,1804.18,1703.48,2200.08,1498.57
2025-11-11,1821.6,1720.15,2229.24,1502.81
2025-11-12,1872.27,1765.56,2280.39,1524.18
2025-11-13,1864.23,1760.09,2280.26,1529.68
2025-11-14,1871.54,1766.42,2296.95,1529.98
2025-11-17,1893.54,1789.42,2335.81,1539.05
2025-11-18,1898.07,1795.72,2339.17,1541.2
2025-11-19,1886.2,1781.82,2305.95,1529.44
2025-11-20,1897.46,1789.05,2296.26,1528.7
2025-11-21,1899.89,1787.02,2280.74,1524.75
2025-11-24,1916.36,1796.84,2272.46,1516.77
2025-11-25,1909.6,1786.5,2247.13,1499.59
2025-11-26,1923.55,1809.04,2305.23,1515.28
2025-11-27,1921.18,1809.81,2310.75,1512.63
2025-11-28,1923.92,1812.08,2295.67,1509.97
2025-12-01,1933.56,1816.26,2282.47,1505.55
2025-12-02,1950.12,1828.49,2285.96,1507.54
2025-12-03,1971.99,1849.18,2310.55,1520.2
2025-12-04,1979.53,1859.33,2328.21,1530.08
2025-12-05,1975.5,1856.53,2309.86,1522.59
2025-12-08,1983.82,1860.13,2276.25,1520.83
2025-12-09,1973.02,1850.46,2258.67,1521.05
2025-12-10,1946.98,1826.65,2239.97,1516.15
2025-12-11,1924.29,1809.43,2238.19,1510.37
2025-12-12,1867.03,1750.76,2142.29,1473.73
2025-12-15,1869.84,1748.57,2133.47,1468.41
2025-12-16,1909.87,1790.07,2204.0,1492.14
2025-12-17,1897.95,1781.21,2195.26,1491.09
2025-12-18,1903.47,1786.65,2197.15,1491.21
2025-12-19,1933.28,1812.52,2213.98,1485.72
2025-12-22,1985.28,1863.88,2259.15,1494.48
2025-12-23,2012.87,1884.28,2244.64,1492.9
2025-12-24,2023.13,1898.71,2252.07,1489.72
2025-12-25,1976.21,1851.89,2220.68,1479.99
2025-12-26,1965.97,1840.0,2210.52,1473.74
2025-12-29,1990.66,1861.65,2223.27,1478.18
2025-12-30,2009.7,1876.84,2230.45,1478.9
2025-12-31,2030.63,1893.42,2217.21,1475.95
