date,VN30,VNAllshare,VNMidcap,VNSmallcap
2014-11-21,-0.807962624191144,-0.8712967243891243,-1.1668638010626522,-1.7637953859315298
2014-11-24,-1.18537347903904,-1.1527104929401437,-0.5335378510146885,-1.8915213486199205
2014-11-25,1.1035751954497615,0.9592066315934157,0.3996588393703166,0.7064322775579095
2014-11-26,-1.08897511593451,-1.0116019730998203,-0.9652599363976586,-1.0468533887191271
2014-11-27,-0.14772130440815245,0.04890317269461205,0.7656301755644667,0.8918382021781324
2014-11-28,-0.7206239610494287,-0.43046945574219275,0.43987559606025983,0.31945595238624674
2014-12-01,0.5368855657673125,0.34487320277602435,-0.42919827239755765,-0.067678158422553
2014-12-02,-0.14169268093206125,-0.05244205273494312,0.38818447143831075,0.15324615569399708
2014-12-03,0.9279303478983597,0.8080429874324377,0.536405559217856,0.6408074622576551
2014-12-04,0.8073379328897632,0.6276334003931258,0.22793322823485815,-0.2415393812850905
2014-12-05,0.057647041581049024,0.04824924273366539,0.15819093173884807,-0.013741360141453222
2014-12-08,-0.7713731660916967,-0.6862899143496641,-0.6266962017095266,-0.9985374343173375
2014-12-09,-2.6183955913014696,-2.6631210956698403,-3.0562441464928507,-3.571959680836266
2014-12-10,1.1460122460259163,1.3008687646530965,2.1599912759803703,1.6152627772158799
2014-12-11,-0.9888120316320198,-0.9611890882375171,-0.7317610948883442,-1.0901539665926723
2014-12-12,0.7462168006181016,0.7023656214800533,0.5971633382571607,0.9130662335746864
2014-12-15,-0.8918254040134734,-0.7183455932827835,-0.5032846810603623,0.12328623094147806
2014-12-16,-2.030679463741219,-1.9399980902680143,-1.9321571473970827,-1.8654457193330347
2014-12-17,-3.8007484763539114,-3.569866128810828,-2.5444887197438386,-3.357024250896765
2014-12-18,1.5967742776512412,1.3844468682505673,0.24743340762204383,2.2295773316211682
2014-12-19,-1.4389238169251692,-1.41071821386986,-1.2709606264534496,-2.0074957856372535
2014-12-22,2.9272404425535443,2.414178877893327,1.410474275715299,1.1236821838557625
2014-12-23,0.3482932919371589,0.24336032065028151,-0.35799465121929713,-0.5136391030412981
2014-12-24,0.2676153358688654,0.29562604788939445,0.4701058772865703,0.03402895452983113
2014-12-25,-1.020087391629249,-0.9612377761666133,-0.7116324418447195,-1.1186431265971881
2014-12-26,-0.469323597919577,-0.7275042242020162,-1.275225354217726,-1.7200442162772784
2014-12-29,0.15611466445121497,-0.21891589760201427,-1.0372992168932949,-2.3793596655573315
2014-12-30,1.3316048072139814,1.3576788944852785,1.7174964597075233,1.9981686697017016
2014-12-31,1.7571962142636108,1.9468822596854185,2.3623271969213793,2.8315571156204102
2015-01-05,-0.3279646673808285,-0.24107234846821843,-0.6036938869495803,0.8679313716211468
2015-01-06,1.1077505777586962,0.9964954493281419,0.7714446423932122,0.8911095168019049
2015-01-07,0.2108697507956254,0.22267161588020976,-0.15032956648260415,0.44404723076650376
2015-01-08,-0.13174147644386539,-0.1763150618380852,-0.46507651228632485,-0.3026117097955643
2015-01-09,1.8870024353356285,1.7002583466131842,0.8996227799132064,0.9180962997868745
2015-01-12,-0.43431121471650247,-0.6470010966238573,-0.9473638333510281,-1.3517844179355596
2015-01-13,0.5926566994095341,0.6347329858098948,0.7232157386824868,0.372472549993076
2015-01-14,-0.4125451763201467,-0.2158141678263912,0.5578595238679904,0.3260508558008364
2015-01-15,0.1263710616468199,0.13691178351114647,0.2761999182177135,0.6258259716472887
2015-01-16,-0.47065020257320195,-0.2951201945232202,-0.07368330622694615,0.517109665865071
2015-01-19,-0.5023005440241193,-0.4266503889121027,-0.1789470857077116,-0.3482869833330735
2015-01-20,-0.401366822412391,-0.25119863197511483,0.22598525020508614,0.09510772386341326
2015-01-21,-0.43760146165324726,-0.39932257054181575,-0.5911502161301391,0.21725533159218305
2015-01-22,0.6212833501153333,0.49492317975269273,0.32745105690282206,0.1450534869690295
2015-01-23,0.7915371771275213,0.6684151408257671,0.29191144116109874,0.6423070670054577
2015-01-26,-0.41049088427383107,-0.0035155563371521144,1.0119287104994092,0.13822096176585946
2015-01-27,-0.43513179843749344,-0.3063274815375157,0.1782462594612278,-1.4746652360103818
2015-01-28,0.5802992966303784,0.5573787804321524,0.8419738859830779,0.11698694980105309
2015-01-29,0.06028857225373335,0.30113121953613353,0.5482402705854014,-0.29344822474437077
2015-01-30,-1.206137003942944,-1.1215728011897828,-1.1056793488014007,-0.7702294984817433
2015-02-02,-1.3410989380512155,-1.2094196432072999,-0.5698815268220374,-1.515525732460041
2015-02-03,-2.194474554636049,-2.229149657599028,-2.4318406706003715,-1.3239894615825025
2015-02-04,0.5722573736511977,0.5474066658177725,0.397021277751272,-0.16974489771378268
2015-02-05,0.4152161272970768,0.5118442974199207,0.82078940452503,0.5203385685845765
2015-02-06,0.7430719043799028,0.7898336975992607,1.128577824680435,0.5087171485100354
2015-02-09,-0.15456213281463438,-0.24997989800138667,-0.5517556353444921,-0.5625746966006323
2015-02-10,0.1276989167903512,0.055805079710359445,0.15305089586302584,-0.06287048886809628
2015-02-11,1.9620535302340671,1.6739928690434114,0.9443410138311255,1.3179615401480045
2015-02-12,0.9879738588110821,0.8353796312020523,0.41344047044259735,0.7068311982796072
2015-02-13,0.6241081238366865,0.5408493471028273,0.13845943043687248,0.5779390304705838
2015-02-24,1.1229646673937281,0.9416658068004369,0.4050452007356004,0.8614168504075395
2015-02-25,-0.7606923084475047,-0.5531534232011389,-0.30516581598701853,-0.7258295398506364
2015-02-26,0.7078081155819104,0.5756309673647355,0.6216145196049072,0.4796381393633927
2015-02-27,-0.8774598855083261,-0.6086741585941725,-0.15733481184347575,0.2722232752184543
2015-03-02,-0.21692684800115025,-0.2595074301270973,-0.35069217175678774,-0.21569047381718837
2015-03-03,1.6427012052248997,1.3407673696994769,0.6148124465179894,0.6859876561804924
2015-03-04,0.38505648391049996,0.48919997661585046,0.689825569533807,0.8341503391890857
2015-03-05,-0.7076065032817932,-0.4737149067730433,0.11501385974039685,0.19534737395703844
2015-03-06,-0.4006415615438633,-0.24115074988538013,0.21152197893616664,0.27171030507948146
2015-03-09,-0.30073275964064294,-0.4719232247483377,-0.7711867317746676,-1.3328763645389197
2015-03-10,0.035427301937393345,0.05716414058677652,0.0015209472459674872,-0.12389076149599734
2015-03-11,-0.29507345837002474,-0.3504271159390261,-0.532220335358573,-0.29738725540721356
2015-03-12,0.15651349291464853,0.13892991484933295,0.015289350996835184,-0.05350803109653787
2015-03-13,-0.533472546646826,-0.3738127119822874,0.0641897593527704,-0.18822853599141806
2015-03-16,-1.0280563349084968,-0.778173218022361,-0.46554448553347266,-0.357158792489332
2015-03-17,0.09984696419060991,0.050897285114381075,-0.19205512506173178,0.5019814101258069
2015-03-18,-0.6664393274523089,-0.4801655504241681,-0.35434806289134296,0.07522495508511734
2015-03-19,-0.9714678921670836,-0.7858864810213495,-0.40983347007714627,-0.17802741691854002
2015-03-20,0.40661594357503417,0.3742433044557578,0.6580088924524486,0.39326299508858387
2015-03-23,-0.9468964020413063,-0.8373307826666972,-0.6564591896079288,-1.064796667847922
2015-03-24,-0.7165241626540528,-0.6303858694923536,-0.5173831700547544,-0.5924144614120969
2015-03-25,-0.6131931339761829,-0.42488136651503355,-0.09974441323188608,0.09971260137564252
2015-03-26,-0.5897015058083236,-0.31442020843346097,0.5256539995937853,-0.5349178050033188
2015-03-27,-0.6292124852411654,-0.6591455004480377,-0.49759082608834454,-0.6667627691261093
2015-03-30,-1.1072705875100741,-1.0199405411289268,-0.7086625353949451,-1.3319792559969843
2015-03-31,0.5827592860492825,0.7572529516406021,1.0183928198152405,0.638338297977178
2015-04-01,-1.8252714319249643,-1.823041558052621,-1.612015889303693,-2.304197188355318
2015-04-02,1.1609665929630866,1.1393816036804518,1.3864279038159846,0.9129148668096548
2015-04-03,0.2652130624825883,0.24063863481740572,0.20538361039469133,0.30548227914959636
2015-04-06,-0.8605979903690788,-0.7532333331830159,-0.5189392893844871,-0.38427254959731977
2015-04-07,0.8657912218585553,0.8834142296470828,0.672700647928123,1.4894884727512625
2015-04-08,-0.30339040113961174,-0.07332050553013658,0.6450786947468186,-0.16590320142225473
2015-04-09,0.4175733137909842,0.5303596923245534,0.8903684744850383,0.8757223289213278
2015-04-10,0.8590985014162387,0.6707957419123395,0.013753791865670488,0.19258123989417497
2015-04-13,1.096242363205174,0.7257004499436429,-0.33981358277284984,-0.26971770107873133
2015-04-14,-0.4299035516365275,-0.495867294436011,-0.6568698576912567,-0.8135456260149767
2015-04-15,0.6010102809439004,0.5318346364775067,0.6997929187644637,0.22266898037622845
2015-04-16,0.7268956930416502,0.5629979190569807,0.6081368251740314,-0.03284611624209649
2015-04-17,0.6749257329996694,0.49048120802638207,0.04873517100464338,0.30713745424849154
2015-04-20,-0.5523303913818851,-0.4708157003694326,-0.45935694609086825,-0.34895721170596133
2015-04-21,-0.36149985983708904,-0.34022165109769187,-0.2634401891168227,-0.4371657110572363
2015-04-22,0.05557099337229548,0.04124635790374098,0.17468323958951604,-0.7787415370443522
2015-04-23,-0.21740787692215283,-0.2639116081910068,-0.42344340656613916,-0.48202360958993445
2015-04-24,0.5703197632457422,0.423356987151858,0.2456928234492451,0.003038867110579953
2015-04-27,-0.49611201187686516,-0.4377395267735699,-0.4889083120901385,0.09264111345910632
2015-05-04,-2.8437286892210265,-2.876334747033865,-3.140471918853428,-3.1660560058896783
2015-05-05,1.537075107983186,1.1260882961067094,0.62623568722533,-0.17563948247935543
2015-05-06,-1.040495634211604,-1.089086889631102,-1.029413846655836,-1.853489045986199
2015-05-07,0.51816709298584,0.7169678588820472,1.1810223468186651,0.70583842137566
2015-05-08,0.08753036231759749,0.17248343664829086,0.2521711686347307,1.1445113999987755
2015-05-11,-0.6022456085651116,-0.5607405417580066,-0.6744029793616552,-0.262473530070785
2015-05-12,-1.4621134763990895,-1.3008283338568891,-1.0450281486720763,-0.41633871840929093
2015-05-13,-0.3016805178539947,-0.20941241315929893,-0.14422848287912152,0.0695102713611667
2015-05-14,0.1070955271474915,0.24676138369561199,0.8081949148448375,-0.21975424835088847
2015-05-15,-1.417285333907311,-1.3118023105402503,-1.250186360623344,-1.1877229258755895
2015-05-18,-1.6093353065984886,-1.6172139556897245,-1.7828449306676808,-1.9063595228002235
2015-05-19,0.638219484748253,0.8118761684424476,1.3615402017997669,1.1265438513413906
2015-05-20,2.81738721938018,2.493584821131114,2.0493832843197195,2.264645189450483
2015-05-21,1.0947302155853431,0.8815035135616673,0.4522247322370625,0.9032633653671398
2015-05-22,1.3628538637586913,1.1876754771292795,0.771634231874527,0.754038594826293
2015-05-25,0.30299442725298575,0.4127391151614826,0.8728643101952498,1.0022553378483192
2015-05-26,0.4696953924999894,0.36766411959793455,0.09772215114909032,0.14280123116743637
2015-05-27,-0.22185537699583638,-0.07053015456359794,0.19670563236223876,0.22224104664896946
2015-05-28,0.7516355936515484,0.941713013848802,1.24861308787898,1.224918122204051
2015-05-29,-0.8364431703545702,-0.5589166921649583,0.08095867731067381,-0.512487286064432
2015-06-01,0.7253208233304741,0.5374086175924021,-0.024433449513773613,0.10027805206957326
2015-06-02,-0.8424735172338451,-0.9220140590490762,-1.2324397254561745,-0.5848504288273443
2015-06-03,-0.5160840253018096,-0.23546469853997268,0.11898784482872735,1.1753586175987525
2015-06-04,0.3205240238559792,0.44329922869021543,0.5805419795842987,0.40076590786324473
2015-06-05,0.80359845857533,0.8574793904172583,1.1541055648752891,0.6041318078293682
2015-06-08,0.38593493758162145,0.44649309780868995,0.7424859641673602,0.04183912916104032
2015-06-09,-0.19362394189285098,-0.500206484475735,-1.0495564211627524,-1.013529798617152
2015-06-10,0.2860943369416625,0.09845251356866583,-0.3110706991467604,-0.0030183667619669004
2015-06-11,1.059802975670935,0.9756869766411784,0.7819314199422811,1.149420694501645
2015-06-12,0.47939446040135775,0.43314984849488847,0.3705696637884921,0.669137528129869
2015-06-15,0.039708145655026165,0.0775918355890984,0.2864381141943655,-0.04002223510898064
2015-06-16,-0.5989482420769672,-0.6685557268203786,-0.8526773258317035,-0.8815746639061239
2015-06-17,-0.44530874057401765,-0.3697979217276556,-0.1017780870030158,-0.7235530545811035
2015-06-18,0.3670647318209646,0.24016876720747501,-0.08058446980458932,0.12195949746674033
2015-06-19,0.46689071363128254,0.40254348000664786,0.1823625568076053,0.43393135709254266
2015-06-22,1.9436574971317417,1.3779503402793256,-0.126098631903107,-0.10493180396177464
2015-06-23,-0.11061228273344817,-0.048886949904230356,-0.06386958656269075,0.18730104745220932
2015-06-24,-0.6023770408325069,-0.4814140084469583,-0.18880570807578181,0.061358417381385505
2015-06-25,-0.20324210828254172,-0.22311046191226097,-0.4659235608058217,-0.4363119875293121
2015-06-26,-0.09356457047842569,-0.18307608049702825,-0.6837081936878384,-0.24824174932551957
2015-06-29,1.8387357617395164,1.3110752393845808,0.47525024661671433,-0.08137677895654909
2015-06-30,0.3556918408264666,0.06084681567735718,-0.7330440155546653,-0.3216335096835339
2015-07-01,0.0770873855766066,-0.06258584025851555,-0.4011311376297763,-0.5581353403590672
2015-07-02,1.651061634172171,1.4519405326595087,1.2277284201855068,0.6019867000758716
2015-07-03,1.035236830683978,0.9518520256507244,0.8623835241630906,0.3003934542077366
2015-07-06,1.4999389328541746,1.3791926732550468,1.3300417235194915,0.3295441283170598
2015-07-07,0.5726100032493882,0.49775445601088486,0.39215149565043794,0.2595591954066723
2015-07-08,-1.170198273390411,-0.8416135611255531,0.07914169014737893,-0.26707093249940794
2015-07-09,0.14083964409698202,0.03527899844237105,-0.3154458845781105,0.058576590564872966
2015-07-10,0.33196716993703723,0.45248187673157386,1.0634436915098096,0.013512803401772175
2015-07-13,0.5457312104564098,0.8027088582315515,1.4122450725766063,0.04352883854237737
2015-07-14,0.9156455134105717,0.8209969053859395,0.5884083390931861,-0.19076665417136832
2015-07-15,-1.0429725078241354,-0.9554423383101425,-1.0319978903780027,-0.5654204818319192
2015-07-16,-0.3675485295123094,-0.5830240395524288,-0.7910303228686564,-0.0423466076109205
2015-07-17,0.3030561742273965,0.3652043114202676,0.5736421260378332,0.6288143405992139
2015-07-20,-1.0562010448940833,-0.8676590171525296,-0.45983191074237867,-0.4625557248705032
2015-07-21,-0.42624749518013527,-0.338062602792909,-0.26921500195700426,-0.15718283293621718
2015-07-22,2.0995595798034197,1.7849715445666776,1.0857262137564914,0.5520709086302359
2015-07-23,0.10375344232537093,0.06948350873470335,0.0644480922237143,-0.6125916918007966
2015-07-24,0.33949686641338633,0.4142432791593875,0.9806214337180357,-0.1484309008732922
2015-07-27,1.16196920942498,1.0550556583443071,1.4166867610479024,0.6044597172715217
2015-07-28,-0.9145438989577186,-0.8346064451048473,-0.8254010557839253,-0.3501414706300825
2015-07-29,-1.280141984966322,-1.108799872082297,-0.852621278015992,-0.2315849460471896
2015-07-30,0.07521625025541084,0.11956757822184198,0.33090986785751075,0.26181789111747195
2015-07-31,-0.6681779358954045,-0.5775696612339392,-0.6775054265672048,0.19930852601771631
2015-08-03,-1.6258494991155454,-1.4849468599915445,-1.5895406614101375,-0.9213442756769521
2015-08-04,-0.89103957322398,-0.7209566859078481,0.2442618219521383,0.19315448473394795
2015-08-05,1.2687089741358963,1.2228885678786927,1.4211082269778175,1.8740247250557847
2015-08-06,-0.9113398398450465,-0.7343145866871413,-0.5745251862213012,-0.30467338411811373
2015-08-07,0.7657691536705169,0.6989071052222897,0.2255254671927207,-0.09577541399252994
2015-08-10,1.7991932020354806,1.632498161215195,0.8172824746560656,0.5107385434025047
2015-08-11,-1.0159278972479757,-0.7560654188039149,-0.1626323561154096,-0.3402023603776401
2015-08-12,-1.648526740221433,-1.351428775660132,-0.6180867794617337,-0.6387594440823304
2015-08-13,-1.6038823424692112,-1.351049174656109,-1.1145862945465717,-1.1406737700183815
2015-08-14,-0.6265270903157064,-0.35786831490225374,0.32477626386465513,0.3114202509263254
2015-08-17,-1.87549325484321,-1.516140987744925,-0.8332456542161757,-1.1410215927569747
2015-08-18,0.7152026811824539,0.5357919220014968,0.20933399373385697,0.0030682846756994214
2015-08-19,-0.4734958179158177,-0.48855485227073936,-0.20933399373384629,-0.4628392095386371
2015-08-20,-1.7711894266452504,-1.48725208300368,-0.8792216837775032,-0.717702729590404
2015-08-21,-1.7520788820809474,-1.5691999317967746,-1.2810918728472236,-1.233927938919957
2015-08-24,-5.043144023813563,-4.8685572788027205,-5.087135884792585,-3.6653485286495266
2015-08-25,0.37145553104493473,0.22694615989212924,-0.07353059043877481,-0.7675413471576951
2015-08-26,2.4440417842512208,2.3025152387217176,2.3000057553020006,2.076210397208079
2015-08-27,1.1466845350202648,1.0851211323272605,0.9317151573331794,1.3251154951874125
2015-08-28,2.764480899719118,2.1891565273218845,0.8509902433388684,0.11743609811403782
2015-08-31,-1.956077367264058,-1.5211951405464652,-0.34907806655533247,-0.7210708775918453
2015-09-01,-0.4479252514145044,-0.3379732111969001,0.04620360470305523,0.30784714910080563
2015-09-03,-1.3854723467905494,-1.158833643799846,-1.0370004707294247,0.10187514809338724
2015-09-04,0.5544211852232767,0.5875026078143202,0.3819999055001341,0.5695399595828403
2015-09-07,-0.8136261456451658,-0.8345483262780874,-0.7967053734051145,-0.23598924451730263
2015-09-08,1.6001170816173491,1.3184747278956965,0.9237150865849484,1.078772723978022
2015-09-09,0.7412248719883332,0.6609193372721456,0.6311018902176581,0.39296472402130306
2015-09-10,0.14452958145298853,0.13021541637029185,-0.3081096842175106,0.18576775013787758
2015-09-11,-0.8994692877704806,-0.7710977762445087,-0.2518134204616142,-0.40006304335183823
2015-09-14,-1.2542540230683146,-1.154091470079801,-1.0620944997745225,-0.801802839734936
2015-09-15,-0.7790685400438049,-0.6247132413830545,-0.2551481007572153,-0.23230649605904957
2015-09-16,0.9143936010326617,0.7112734014910231,0.1769510088321138,0.11701086057226823
2015-09-17,-0.017339136207682487,0.06441105516356556,0.29682420130748166,0.015801782473945123
2015-09-18,1.0436437348897625,0.9120107166265582,1.0675043188460898,0.7492912100880134
2015-09-21,1.3177936846348515,1.1816012792719872,0.8529131255651353,0.6783183771752603
2015-09-22,0.3921441082149357,0.3794183813179448,0.46106951909259025,-0.27920997088987226
2015-09-23,-0.2618222625567227,-0.15447069925013915,0.3330269727346745,0.21688428601657458
2015-09-24,-0.30661100546116704,-0.19432505170482722,0.10621349909833694,0.25995267002747297
2015-09-25,-0.22249973086746055,0.02521159746830306,0.7403524033564696,0.3073343513383697
2015-09-28,-0.9722168280055068,-0.764569792584897,-0.6054722216579104,-0.40998939278289537
2015-09-29,-0.5923902290129076,-0.613336954699487,-0.5421384414605528,-0.3601247958171774
2015-09-30,0.23117408725315838,0.33352500913884725,0.6707869687729939,0.43323842854361266
2015-10-01,0.3457621816517305,0.27799750808157503,0.2598188772785163,-0.43167664842659853
2015-10-02,-0.27341449620574987,-0.06897303065028935,0.5506340169896918,0.5901651368053689
2015-10-05,1.3664522088563973,1.2360873763861597,1.0432696879716377,0.7748320146612668
2015-10-06,1.8828638515517742,1.729928556097722,1.8301895222034852,1.4605497636413238
2015-10-07,-0.25034644314913307,-0.3390013310645274,-0.6317750141152289,-0.6442938507129635
2015-10-08,1.0786838072704947,1.120317031506869,1.5445727667461786,1.0488490514437807
2015-10-09,0.11400154888916073,-0.02273860237358707,-0.41690853669720485,-0.06806888834058938
2015-10-12,0.6501277887916,0.37365597322737404,-0.32401280807821153,0.17537233310193534
2015-10-13,-0.4142766779212955,-0.14475694701299394,0.43709727101734475,0.5918736545893816
2015-10-14,0.08891816821653324,0.2022527453056882,0.3312674358865967,0.018017477001382922
2015-10-15,0.06252468283196182,0.18098292563605065,0.7108966476539574,0.40603260589318946
2015-10-16,0.2923594487656467,0.3419281464478376,0.4249815011809729,0.11954752690229499
2015-10-19,0.2686104309346045,0.427066602250872,0.5226629194495637,0.24015703783763087
2015-10-20,-0.9548690795752028,-0.753348153105212,-0.49553691901197205,-0.22522364076071366
2015-10-21,-0.20166962781795078,-0.15135307291584277,-0.25727898930678067,0.4112840524168945
2015-10-22,0.8961282912231567,0.9374770825836918,0.9883304601737549,1.1135626703353756
2015-10-23,1.0262357063303658,0.8740728972906527,0.32398888013896726,-0.01176574404981276
2015-10-26,-0.6285232531929588,-0.5589384461540132,-0.3112358565923498,-0.3388585194569208
2015-10-27,-0.10459397250259371,0.04297415600435123,0.17412851683420194,0.5328164972717571
2015-10-28,-0.3095191826216244,-0.09284732441416171,0.2796690994864525,0.7298395018385812
2015-10-29,1.3570409198687583,1.3650747999731612,1.1485755207390307,1.0048295659642132
2015-10-30,0.19398334593610683,0.14582452774863006,0.45215266553557015,-0.4525908748681008
2015-11-02,-0.9769633044246955,-1.119462359082319,-1.4456937657752598,-1.7101679657347708
2015-11-03,1.723511588536671,1.5742199155447778,1.1036372015556304,0.7753912114194855
2015-11-04,-0.4015424605026742,-0.3633018806831882,-0.3110899716724796,-0.5250818752381486
2015-11-05,0.6992474724649743,0.6698129495796696,0.5545429490097411,0.4870401459291248
2015-11-06,-0.4870321551246422,-0.46687707529338757,-0.6160384086696097,-0.40913047310433226
2015-11-09,-0.520083934693885,-0.35371308297862586,0.08384807221449142,0.28173166103647485
2015-11-10,-0.7909279480873573,-0.6036868628409371,-0.160770615010694,-0.23325250979428402
2015-11-11,-0.3014823797934529,-0.252758272353123,-0.12179843167776394,-0.51685028510228
2015-11-12,0.2738164859679459,0.45382501584663776,1.2321170511020445,0.3124910417088648
2015-11-13,1.2856661529686866,1.320692553650571,1.5855154132105678,0.5679373659699141
2015-11-16,-0.5155148833348527,-0.2826238780457611,0.41994883715007125,-0.2989757917093968
2015-11-17,-0.7701512696338455,-0.6083257746498908,-0.22402507587310186,0.5255426710143972
2015-11-18,-0.3489209827062393,-0.2375741415065232,-0.01087458881532805,0.2726605026753167
2015-11-19,-0.524032968630927,-0.2619851112298295,0.6409366304662435,0.03639566495019215
2015-11-20,0.3458424538545735,0.441914545975821,0.65832667974251,0.7915952897892686
2015-11-23,-0.6945327527081501,-0.4231785446946494,0.44717644237457316,0.4035285351197285
2015-11-24,-1.1133869176997717,-0.9462848356829149,-0.49683720669453857,-0.12808798084174372
2015-11-25,0.409018926173332,0.3586909067341801,0.052344427520393796,0.6202015429458769
2015-11-26,-0.7712141896440626,-0.6996942683134676,-0.36429423072032663,-0.80614888263069
2015-11-27,-1.2535604112878247,-1.213230075162061,-1.3640519556052546,-0.91602808837451
2015-11-30,-1.4754687599342167,-1.226362506880452,-1.0636719075659524,-1.1967419577008502
2015-12-01,-0.49612504864069135,-0.30097574195899995,0.25631499418595655,-0.17403620805256106
2015-12-02,0.8392138677013001,0.8211169116463138,0.8469400623950485,1.0776789074040967
2015-12-03,0.22066945328246274,0.09140607783672516,-0.37324954634792046,-0.0029207313513363318
2015-12-04,-0.3886358994910344,-0.30442495157498833,-0.08633271518154371,-0.2251528773605329
2015-12-07,-1.3157402968381935,-1.0025057835353643,-0.5057873835413494,-0.014637859385582612
2015-12-08,1.6394233703071124,1.4245809062794068,1.1044687960837634,0.6202271664664216
2015-12-09,-1.7785683470134852,-1.5403556749710465,-1.176145482176095,-0.8429868394412301
2015-12-10,-0.3556985198186477,-0.5916489539817307,-1.2403905130861836,-0.9004754782042623
2015-12-11,0.9578434132383764,0.8070607674261411,0.8189416272315418,0.2853153337316259
2015-12-14,0.24364336461029484,0.15992327093055614,0.200582447817822,0.02214071169291382
2015-12-15,0.49238284895786955,0.5400680684848789,0.6336807627272742,0.5504628061441386
2015-12-16,0.2898179949276738,0.49851693472739167,1.2201764617511208,0.32824389836495227
2015-12-17,0.42719042444011346,0.49604406595897754,0.861759908573001,0.7157517127109587
2015-12-18,-1.3078139238400415,-1.021053640302976,-0.6341175338447242,-0.18900848895207087
2015-12-21,-0.19367451453277626,-0.2777116239107033,-0.2710616427102662,-0.6658222503715576
2015-12-22,-0.16110455356704667,-0.22166077258629208,-0.6016652374253231,0.004394928253506967
2015-12-23,-0.23258650028244468,-0.27020317218154427,-0.5805849527747536,-0.22585622272369693
2015-12-24,0.21698195412636231,0.3092511128988608,0.308513143970154,0.30346812320536326
2015-12-25,0.45154614234772744,0.33836783247144336,-0.23850003081208374,-0.4680481873927833
2015-12-28,0.6606589303965371,0.6170900078743838,0.04116129798523751,-0.9932094652603567
2015-12-29,1.0694376991197116,0.9063611878783743,0.40521911239722214,0.8121526626032219
2015-12-30,0.9069246358181621,0.7807659899731324,0.7811476535030644,0.44689526783602207
2015-12-31,0.129371557985484,0.22959744236462978,0.2950812937309365,0.9169152148932571
2016-01-04,-0.9548947274741971,-0.7181639027564785,-0.5393844052362563,-0.21533232047721437
2016-01-05,-1.07198967817087,-0.8844289275314889,-0.6598794173951276,-0.3984214375735595
2016-01-06,1.0821602039958234,0.9104766992919286,0.6272605280509077,0.5497844611308618
2016-01-07,-1.308590930628803,-1.2123054477169781,-1.4941492298713903,-1.3750097659359666
2016-01-08,-1.0947565003004365,-1.0671856468037326,-0.767348668783148,-1.797186042320302
2016-01-11,-0.38967414140574597,-0.5146801740947532,-0.9893046620748712,-0.6128568131350586
2016-01-12,1.4998853979381648,1.421808095604394,1.6544955849054563,1.1637729045735246
2016-01-13,-0.6477085916094388,-0.5631132542173389,-0.1271526279062713,-0.4683849312426314
2016-01-14,-1.6484081214240252,-1.3814220838153466,-1.0608150753909622,-1.072190144265962
2016-01-15,-2.3842612890433967,-1.9172116247359448,-0.856265759474956,-0.614394535632817
2016-01-18,-2.6584605685845966,-2.394093293509806,-2.3362349548422245,-2.0201462044885714
2016-01-19,1.6693471295589501,1.5286211180157045,1.4526643622320576,1.214517794840954
2016-01-20,-1.1055085957563615,-0.9195808062238695,-0.7509171877239483,-0.41143760511275956
2016-01-21,-1.0547120685716944,-0.8848870259565926,-0.685874731200727,-0.9978434581870792
2016-01-22,0.15585864552249848,0.24773392547211048,0.6787096110027585,0.30055539681292437
2016-01-25,4.143807924360429,3.454240797154115,2.5649868065498715,2.6469358158513687
2016-01-26,-1.3736996379742263,-1.2976780482563752,-1.1166552111022099,-1.056503303962939
2016-01-27,0.8010819669556748,0.7675195749424828,0.8817196403732217,0.7258342326598388
2016-01-28,-0.3799832504375483,-0.37023231938435514,-0.5052996925861613,-0.6508722838105846
2016-01-29,0.8493796985521517,0.7137035301766216,0.850520410430212,0.8724504352038467
2016-02-01,-0.6484539375824183,-0.5621620692003628,-0.7576907883036791,-0.4893403682729347
2016-02-02,-0.5192856683319249,-0.43698931357657644,-0.284387070450871,-0.5729186316237797
2016-02-03,0.259081485665675,0.2891021555424398,0.11272528635225665,0.31360216616048703
2016-02-04,0.8391907893644434,0.7572070617501171,0.6387196828283548,0.6986170283022052
2016-02-05,0.488807308194384,0.6020248325516375,0.8235889890786838,1.011085183645074
2016-02-15,-0.851175052383294,-0.44438897490301055,0.3574203073546665,0.2489354053799148
2016-02-16,0.5581774797503013,0.7826769860006114,1.2710492587332336,0.9628931155471673
2016-02-17,-0.21719401107235956,-0.02515226114120102,0.036859313878461794,0.39971628988188024
2016-02-18,1.019557570668127,0.8160096816685777,0.5974066716642515,0.7389558753073471
2016-02-19,0.11636518820739702,0.06413911280314274,0.28451834012610305,0.10407429791427548
2016-02-22,1.2015417612125519,1.1052576291722718,1.104626802988585,0.7647662715180117
2016-02-23,-0.10277403683008628,-0.052858780192972625,-0.06692544755220903,-0.052354499319807804
2016-02-24,0.8831879730790024,0.5834199235830556,0.1578722365785046,0.12211788799891521
2016-02-25,-1.0157307200726156,-0.8834819261471316,-0.6625916188223265,-0.6237814262406364
2016-02-26,0.8151392540336008,0.6501709994277862,0.34391532749279763,0.8139300461697191
2016-02-29,-1.2278426937557132,-0.890870559905481,-0.04158310980851244,0.09276572971777809
2016-03-01,0.40746788331215944,0.3608324277274993,-0.016101331078158355,0.6296868049791337
2016-03-02,1.0727779594487892,1.0293252778520257,0.6900268084881781,0.9314523379455677
2016-03-03,-0.010360189255380814,-0.11715233764862966,-0.569329970844456,0.02709698598265152
2016-03-04,0.31550390380175786,0.5200165280000423,0.8660720165494533,0.7599954188830358
2016-03-07,0.2853363229911739,0.0400233184673289,-0.3647307168791992,-0.18697683818911665
2016-03-08,-0.010299191522580155,-0.001739811230528732,-0.24567740509778982,-0.07375363783725611
2016-03-09,-0.22168957085424312,-0.104444105791926,0.04677862435860761,0.015606268076432518
2016-03-10,0.432611273660805,0.6354188046149395,1.2746129704328426,1.1313263375820348
2016-03-11,0.02055392844191543,0.053634611180454275,-0.0013193047264250946,0.1989827317420105
2016-03-14,0.5465521129040098,0.3367210040219184,-0.1386239486887215,0.6627484266956275
2016-03-15,-0.6956638972230893,-0.6797864015699454,-0.8251462956892915,-0.6221597503789412
2016-03-16,0.13198380400862808,0.14048721882571993,0.20493173898647093,0.37013541708918857
2016-03-17,0.4580186770648958,0.5375752974515214,0.7311290846709889,0.4243159933665714
2016-03-18,-0.7736982502152452,-0.5895845909507821,-0.20475974313246037,0.08187337838093223
2016-03-21,-0.34426404601001614,-0.42575810041396384,-0.8112584408616308,-0.4128245384218461
2016-03-22,-0.3419928716707847,-0.3174550467393991,-0.6231882907103906,0.6289809202157436
2016-03-23,0.45400873793521085,0.6443209056041656,1.177574602615685,0.7432722879795293
2016-03-24,-0.5682667657383402,-0.30248793121612866,0.2013165719718758,-0.3040875252625831
2016-03-25,0.16096234707175208,0.057438755332291924,-0.29814575562719114,-0.11030528101853082
2016-03-28,0.7116977162865006,0.8283127694080834,0.8667901313904497,1.0239044145804623
2016-03-29,-1.2457721607188499,-0.9815561603027554,-0.8893528591872155,-0.08879842658917042
2016-03-30,0.33846266266596914,0.4052355647678375,0.4410398720353376,0.3342910350831001
2016-03-31,-0.9436003160702027,-0.9749878837541998,-1.3129291441792736,-0.8151698721939579
2016-04-01,-0.6000228535695097,-0.6576657312246418,-1.178536244917285,-0.36045990738580425
2016-04-04,-0.451507848286149,-0.4207778210758941,-0.40864870362950434,-0.45725574741831265
2016-04-05,0.8308882980500534,0.6797882646192935,0.2852797674603648,0.39659286572565433
2016-04-06,1.0411401737925352,0.909136982242264,0.950472262247561,0.29607209977639065
2016-04-07,0.49840889551981993,0.54605032730526,0.4397674178640036,0.8148218590238908
2016-04-08,-0.053529032143683514,0.2719110777412873,0.7649698799284124,0.7189044952796532
2016-04-11,1.3399299765936556,1.4202174090749324,1.1063987594836437,1.1497784050623887
2016-04-12,0.11752183596601808,0.24354324709695316,0.23737249101732755,0.07359779806454828
2016-04-13,-0.4846012384334149,-0.32030558614711524,-0.0576519932110902,0.1550470798202005
2016-04-14,0.2698918655121487,0.27777085589909545,-0.04719454728394841,0.8431910152715112
2016-04-15,-0.2972633480198788,-0.23000069769038087,-0.03672227509528696,-0.265224004402191
2016-04-19,-1.6231070495732118,-1.7550951218488413,-1.5160116147122915,-1.5577222612499675
2016-04-20,0.05041680898860554,0.006943239023777276,0.2301343909134455,-0.6481360090648229
2016-04-21,1.279688651632749,1.008574451633866,0.2189999879833609,0.7627121237201322
2016-04-22,2.142441936841013,1.8590300795915455,0.8909479822515297,1.0533184142457626
2016-04-25,-0.20512137931642005,-0.150227479365923,0.44578545044321616,0.3845160705942289
2016-04-26,1.1895441538958387,0.9197593108569803,0.16600551499651922,0.3579054444208315
2016-04-27,-0.6406962769210114,-0.5202139569867383,-0.11761324896716616,0.015877216228109992
2016-04-28,-0.3017453214009913,-0.38096568504161377,-0.42586990833617916,-0.3127155778904148
2016-04-29,0.9391152503191771,0.8877887277436748,0.7913244571086501,0.7786461353693198
2016-05-04,0.2193019768780892,0.254121245524939,0.45365110329684455,0.44935038163148894
2016-05-05,0.3512088827828049,0.30509430732951104,0.3405085018482374,-0.19814849243915503
2016-05-06,0.4718546338040664,0.16632573732772254,-0.5885267563826999,-0.702580545968912
2016-05-09,-0.5463006349428122,-0.4597326328212574,-0.1691607430058142,-0.983697299147059
2016-05-10,0.05294507072717917,-0.11693563191418385,-0.41108015215224614,-0.3680435634875429
2016-05-11,1.2166000186713881,1.1863757386187967,0.908635627048216,0.7547004010386313
2016-05-12,0.013071895443434768,-0.014867063699696545,0.014253597437750173,-0.030611362378109165
2016-05-13,-0.33878642235165124,-0.3193489985586242,-0.12057175803532628,-0.5405671085305385
2016-05-16,0.8488876742916086,0.6343878142314195,0.06743438371529055,-0.50986974631215
2016-05-17,1.2535500551071954,0.9212575811620762,0.44496257609106526,0.7544879366103404
2016-05-18,0.1588002098158463,-0.03590429910947472,-0.045181987356027575,-0.20046246706602566
2016-05-19,-0.44817552227196866,-0.2746042033548105,-0.1447196955040436,0.4857617580252703
2016-05-20,-0.7644296353562129,-0.5054079447692783,0.03619956341485139,0.7202816748051497
2016-05-23,-0.31685447153543106,-0.09381404113089321,0.33164958165085034,-0.09388616662189951
2016-05-24,0.027663192671547404,0.15301970028983874,0.5345132734254877,0.26688173961454803
2016-05-25,-0.30634882517113426,-0.17442821602039985,0.12166464325814219,0.15688966230398096
2016-05-26,-0.9148354646951972,-0.923266758917197,-0.8341253788892538,-0.3814455984190578
2016-05-27,0.6304611412936977,0.5883686062469473,0.3890103188652083,0.4038383274618201
2016-05-30,0.9334367661806696,0.8490803330927742,0.6739554255490332,0.23416441667509086
2016-05-31,0.12801298081963264,0.20624301419636148,0.791141354433319,0.1090018559441886
2016-06-01,0.30075210639553224,0.31671944585533296,0.07978370176329252,0.8157014600377664
2016-06-02,0.29019173005228727,0.42127926065228855,0.404270653560606,1.6193953929508207
2016-06-03,-0.020930101587398036,0.09247617775238344,0.5394237864514717,-0.06535152303013485
2016-06-06,-0.35002011653278736,-0.3460070541582044,0.10152348759123356,-0.5720434925296204
2016-06-07,0.8255001057169256,0.9409966833226197,1.2263981644510555,0.7334226789038554
2016-06-08,0.9696272443281653,0.7947827295032118,0.4876101381209747,0.6975867908048864
2016-06-09,0.09042237379922766,0.17576381873722594,0.16610788525123443,0.9284859375692148
2016-06-10,-0.22064726833030662,-0.04471057958712912,0.4061081214331715,0.4522563957831175
2016-06-13,-1.202233469650078,-1.0597231524234063,-0.8879654950577613,-0.2522575869714125
2016-06-14,0.5789401228560874,0.6067013033646763,0.5175038348616343,0.7536245780763481
2016-06-15,-0.1872674709973574,0.15871110701953378,0.9272464537036846,0.6216451290241983
2016-06-16,-0.2646925899520839,-0.043259872337019716,0.33428788370440443,0.38595757849570833
2016-06-17,-1.0966846301933417,-0.9144245570812054,-0.5805513880651462,-0.503773167342601
2016-06-20,1.3613772201454093,1.4083948203185255,1.8035942902413762,0.9030048080614753
2016-06-21,0.44438833961682034,0.4359870700229985,0.22392671269709433,0.48334756433543724
2016-06-22,-0.4459904287410812,-0.15889918014521817,0.5927162364639493,0.6440931801566867
2016-06-23,0.37099860252642425,0.7178030962599676,1.540978895891252,0.7896753968386165
2016-06-24,-2.228967593894665,-1.7536345416191725,-0.5848038555617452,-1.5500982070221776
2016-06-27,0.28196349898117185,0.07709729095808754,-0.5953523538387234,-0.5491852831934925
2016-06-28,-0.017904665840973732,0.11713830879126,0.25558514481112604,0.5210009081792502
2016-06-29,1.1459217406962785,1.304875482382351,1.8081811733931648,1.9587767195955001
2016-06-30,0.06435110182008723,0.22609956427502462,0.11714968079739516,0.23407828899415614
2016-07-01,0.7290939494519902,0.8194639941460018,0.3633338101755454,1.4474547744094988
2016-07-04,1.1477136246130808,1.0657460527745757,0.9518079051932496,1.2063694301765924
2016-07-05,0.4252510660971951,0.28167288874195184,0.21942113645589792,-0.03970617483178084
2016-07-06,-0.014145938960286547,0.2469708749342265,0.7528751586029709,0.9891116525503921
2016-07-07,1.3024311539606515,1.6027503619367192,2.3569756519662843,1.5048752460183246
2016-07-08,-0.14905909225342498,-0.09562624530528341,-0.03320383866877363,-0.01595132570292507
2016-07-11,-1.1785253396263589,-1.3238342440637265,-1.3619603113648164,-2.4733634398026108
2016-07-12,0.8703874610049693,0.7344011788448604,0.33048992959781903,0.5370062936089476
2016-07-13,2.3582692768733535,1.8479946548683097,0.7265870267009747,0.8468058422123207
2016-07-14,-0.879190391408964,-1.0249697835226084,-0.7892401653231262,-2.057680979045327
2016-07-15,0.3816769273975838,0.036354823473610964,-0.8338813463688548,-0.8182395154939555
2016-07-18,1.3162084353923578,1.1833744936632922,1.2259357755080726,0.7182377424231483
2016-07-19,-1.233626996229095,-1.1016244323395679,-1.0466606078351526,-0.3596553547548416
2016-07-20,-1.388440861901782,-1.236388245140567,-1.2982409725473845,-0.6910926693285977
2016-07-21,-0.308932102164421,-0.4222168787143603,-0.5997980505946705,-1.1930331346435032
2016-07-22,-1.380843858190526,-1.1419676602867495,-0.6369191523624215,-1.1599316411797642
2016-07-25,-0.17829676136694272,-0.14639466872439058,-0.15263294746479472,0.053570342792067634
2016-07-26,0.23188141852525787,0.2785885619557082,0.20923290854726836,-0.08767550883720857
2016-07-27,0.7768949309134283,0.781804290158211,0.7065296812079851,0.9119525735961082
2016-07-28,0.7321133046074154,0.5965485626701063,-0.15032333817410112,0.16283800014562994
2016-07-29,-0.8040557537535338,-0.71227235064871,-0.2356932481390443,-0.10732267166214995
2016-08-01,-0.5899999854268051,-0.7764892590120638,-1.174059428937314,-1.1418294842935137
2016-08-02,-1.9467152185066166,-1.992617431570283,-2.1341645383977403,-2.341021049961831
2016-08-03,-0.5406462290580076,-0.6177478289405125,-0.7464013490548154,-0.5160332092470808
2016-08-04,-0.3863536461785702,-0.6071255563279406,-0.9914370194125213,-0.6930558619619261
2016-08-05,-0.38134848684969974,-0.6092174788611417,-0.6705238668782216,-0.691526200950138
2016-08-08,-0.06668239100150396,-0.016167364593120306,0.21306264185648469,-0.3494812362946567
2016-08-09,1.0970273761998808,1.1110600117134521,0.86221001812908,1.0852543865074793
2016-08-10,1.8225954771014323,1.889642909295447,1.587382386623637,0.8420069003057125
2016-08-11,1.9156114891832787,1.6109423154169256,1.1879972906979064,0.709364549158465
2016-08-12,-0.6204294476025047,-0.6303892258249131,-0.7510335478168538,-0.7820836185498768
2016-08-15,0.7072000378184862,0.6597208509300575,0.7674508282139584,0.37181512191638216
2016-08-16,0.12073370400870333,0.231263882539169,0.8744182032129798,0.8337322130148764
2016-08-17,0.6752719799738455,0.6645970511658728,0.8668383628975127,0.28955399249006936
2016-08-18,0.3144922013105423,0.1895126730635485,-0.17415277942486565,-0.17561221431310337
2016-08-19,0.23713188754199235,-0.06262171345195812,-0.5335691684637313,-0.2999952663934204
2016-08-22,-1.0692331565009148,-0.9687424635006268,-0.36972487181211766,-1.1990102051734504
2016-08-23,0.5329731188716113,0.630519112831465,0.3093601276320542,0.13184414167594335
2016-08-24,0.004608755099273546,-0.004599146092677508,-0.4037541773280698,0.49443394275432856
2016-08-25,-0.2907671989588643,-0.15649695570155114,0.01981848604911962,0.37140478408031186
2016-08-26,1.1717358380588507,0.8059441540099389,0.3444467244475753,0.34151978302987185
2016-08-29,-0.07311834834572906,-0.2608000868170344,-0.7977555983204374,-1.8203361304408157
2016-08-30,0.7545028695920427,0.6575566327277632,0.6943135253693361,0.13752296845037099
2016-08-31,0.6106543910929441,0.6502465107680636,0.7287842842660637,0.3197344147065091
2016-09-01,-0.9302814118744648,-0.5365265679576088,0.16840457980159415,0.5777067014247753
2016-09-05,-0.610273015738724,-0.5059071141916089,-0.510700375130225,0.20845693303029336
2016-09-06,0.1433910702556867,0.14458897402810852,0.6489030713492059,-0.02369476169792157
2016-09-07,-0.18767027425887003,-0.14915834855769752,0.44898995441628503,-0.09982905105493232
2016-09-08,0.6788251691761417,0.6543363486230175,0.6361482647713464,0.611135486425787
2016-09-09,-0.08953571024048189,0.0317726893715177,0.12174241040338032,0.44572181557499285
2016-09-12,-1.0730551947279419,-1.1119761061076399,-1.6336205279765843,-1.7773260271940459
2016-09-13,0.02608502197493621,-0.04283965793791142,-0.3067611349104648,-0.025153436091981594
2016-09-14,-0.7499669409486438,-0.672534664431414,-0.28561164647652737,-0.5347471438669625
2016-09-15,-0.2956772926994562,0.07084443782464953,0.3053189353390409,-0.5210953501224513
2016-09-16,-0.8798007528518907,-0.5093468234479624,-0.3332272103236617,-0.21378677829389792
2016-09-19,1.4687424404593512,0.9302965777973673,0.6272157088327205,0.4537518509418045
2016-09-20,0.7416597655049619,0.6357378218350753,0.500335368540751,0.5576892540615789
2016-09-21,0.5766166536995543,0.5575191988364926,-0.03450496905785142,0.5332742265829226
2016-09-22,0.7380219139627152,0.7185045023846814,0.8704770401131234,0.5953068519455644
2016-09-23,0.30151837228775213,0.2748636800375549,-0.23291138207850687,0.5136603606471305
2016-09-26,0.26909014215292426,0.3473785423574681,0.49144630584441523,0.1945754965490798
2016-09-27,0.7642244311793772,0.790565028609713,0.6812810807338991,0.5112763378882907
2016-09-28,-0.30439152704774597,-0.2598541824958997,0.4812334248747422,-0.3195501877107526
2016-09-29,0.16872349034618284,0.15005537034919392,0.15952370961438975,-0.2610854464841353
2016-09-30,-0.27787340287299794,-0.31671711542284015,-0.3170501278585753,-0.2766768308184685
2016-10-03,-0.9046843483223694,-0.6319631995528445,0.28000040783376096,0.24445794035659846
2016-10-04,-0.08004168635683805,-0.2370807184536179,-0.9817497435902618,-1.0553102804066525
2016-10-05,0.3107466447946632,0.2595591954066723,0.3418845452041442,0.19770518345907706
2016-10-06,-0.125087615306578,-0.04945932071777803,0.2719923126398725,0.7658483203481301
2016-10-07,-0.8450370579915079,-0.5909036341544275,-0.28103380177928133,-0.273288700669094
2016-10-10,-1.577298007170876,-1.3512282955677302,-0.9744761830554276,-0.7541645703867973
2016-10-11,1.171939411244583,0.7659138905802502,0.12888436979795112,0.34782208576775886
2016-10-12,-0.2492108343370953,0.013650945349170746,0.4685127631181652,0.19714520260265853
2016-10-13,0.7685659315165903,0.6771693702196152,0.2175884811328047,0.7426575948270693
2016-10-14,-0.10639269021943897,0.022593934377897612,-0.01471761984779978,0.5675454155357657
2016-10-17,-1.0901831912437911,-0.772589889518577,-0.16657322023313134,-0.5254859874187748
2016-10-18,0.43872502836830707,0.26071681535852054,-0.23048679228194277,0.19275208913468658
2016-10-19,0.9248110035908239,0.7059704696436396,0.0022733989588816627,-0.03333436248033804
2016-10-20,-0.34028622928297086,-0.44744152085348776,-0.7828230591998621,0.27991016765189924
2016-10-21,-0.3017558983226756,-0.45096928729346814,-0.9392226131572735,0.033241202160216476
2016-10-24,-1.0556616840387731,-1.0443998970459154,-1.1362635261481833,-0.6384353522486267
2016-10-25,-0.5227354928248724,-0.5116829824272323,-0.4654306593625405,-0.7273573162622401
2016-10-26,-0.4818462443845752,-0.28849363185128474,0.20660436757392836,-0.33123581129827995
2016-10-27,0.3685880423919389,0.3192993557983852,0.13242473941435146,-0.09645195373991035
2016-10-28,0.787046468691297,0.658508078186357,0.569881960846534,0.3140662870976485
2016-10-31,-0.7808372169041337,-0.6723694795962358,-0.3546268473151457,-0.6064953493061037
2016-11-01,-0.1817800962003501,-0.07704279337610982,0.008179911310943921,0.10175688522108042
2016-11-02,-1.017522201286063,-0.9945398226680039,-1.1021143162279115,-0.7018368473755429
2016-11-03,-0.5877040589364266,-0.5260417821716307,-0.6340874712405677,-0.519778046498159
2016-11-04,-0.04267594011107846,-0.009390847061319435,0.28850454845578966,-0.4599056447292362
2016-11-07,1.1584081756335014,0.9393982511439768,0.715875098057246,0.7733636448731556
2016-11-08,0.3276338427543965,0.15338970958365022,-0.1979475378592338,-0.09000273151020483
2016-11-09,-1.0317682317147374,-0.9488917913764408,-0.7969207544675819,-1.2480701041968945
2016-11-10,1.0146330742240788,1.120594864660838,1.185375899688097,2.1369311764981007
2016-11-11,0.015577537222867007,0.038631219140858555,-0.280006771336781,-0.07544797591472947
2016-11-14,-1.233432295345146,-1.0249014353403445,-0.4037404549369378,-0.22164301894155058
2016-11-15,0.5315982447552959,0.18401277687110323,-0.3578796510430323,-0.08071941614010676
2016-11-16,0.189621049898187,0.19611511702185108,0.029674471270309314,0.35643926322156566
2016-11-17,-0.42361642964740237,-0.2943170936293607,0.009493971335324109,-0.5142825260969615
2016-11-18,-0.2629156799963207,-0.3734233471003191,-0.5867562640849666,-0.18720912166683729
2016-11-21,0.7100138214118379,0.39837266892005296,-0.2713316630303437,-0.015194489494390671
2016-11-22,0.7624995037151602,0.5256049545672649,0.049061549294775915,-0.09501790218572492
2016-11-23,0.5931794215743342,0.3097128342883491,0.010766387349136021,-0.14206169387751427
2016-11-24,-0.0185319599622353,-0.11912590849874674,-0.1652121196103115,0.20668368914464544
2016-11-25,-0.6336930993889094,-0.5666265267036689,-0.45394032627746556,-0.16480525021764092
2016-11-28,-2.003206702588777,-1.662401225128597,-1.0234909508944938,-0.7143296795661738
2016-11-29,-0.7704590802504218,-0.6654462303548839,-1.0291602173623344,-0.15986191338128336
2016-11-30,0.9716456733659529,0.9152329349922257,0.5525654378254266,0.4928319666949171
2016-12-01,-0.05382131453926047,-0.09636271035152053,-0.012218963847075093,0.2785357696770896
2016-12-02,-0.30288877333635195,-0.2737971656066212,-0.34028626647298266,-0.07496299847265746
2016-12-05,-0.6884708777497032,-0.6247784720628429,-0.9151944448384628,0.07877317545583519
2016-12-06,-1.459456630335571,-1.3146995361440827,-1.1361849506268153,-1.4030246965557005
2016-12-07,-0.20466845992500815,-0.08082506663534517,0.3498210736261481,-0.2940913028111357
2016-12-08,0.7209719755230065,0.5724483297240004,0.27027211789007327,-0.04780701562087307
2016-12-09,0.030667667641426154,0.061082447125924096,0.45048754818578646,-0.9831567227600098
2016-12-12,-1.1051091396490476,-1.1848805446265724,-1.2121058527166317,-2.127697742824634
2016-12-13,-1.0036655418410652,-0.9443280213079658,-0.8129409899905838,-0.8394466404255948
2016-12-14,1.3994025271281918,1.226869128986473,0.9006350186364386,1.6679385935712858
2016-12-15,-0.32722595559442286,-0.4892687810640019,-0.6369008207313258,0.007933045103523361
2016-12-16,1.2622808958826246,1.174435399899034,1.3580787876357494,-0.29129062251242405
2016-12-19,0.4514462759605616,0.39859259766913774,0.3821818772737396,0.46961795978971665
2016-12-20,-1.1462413604144757,-1.062681838127724,-0.49040093811989977,-0.4351484583281746
2016-12-21,0.27364671334234064,0.2655184022763682,0.25729481892553135,0.49056327925224297
2016-12-22,-0.012936819824303857,-0.1828730998466645,-0.4304399365781509,-0.5303368356650401
2016-12-23,0.3873784200209833,0.19580720062133683,-0.169698825381681,-0.41192239703952954
2016-12-26,0.15774905080574955,-0.07277608737355201,-0.286395183218594,-0.5393871555306883
2016-12-27,0.27786941962771206,0.29078710656643647,0.15893181167556691,-0.2613924987497459
2016-12-28,0.21950036450819008,0.08868322130439113,-0.0025009065787627792,-0.01879295538176328
2016-12-29,0.3387179898854605,0.4101431598058604,0.29467606979006544,0.34174780133351584
2016-12-30,0.20077128385952167,0.028887819170579653,-0.14972677665522782,0.28723559022886713
2017-01-03,0.9000932331656781,0.6669090329318567,0.5479056368576819,0.005336108110819528
2017-01-04,-0.18790616539602653,0.07011058638314724,0.6436781068402397,-0.2337214171023568
2017-01-05,0.336087036195116,0.17506171416044594,-0.34731913464049,0.43362020165071247
2017-01-06,0.23757651773343574,0.21443045185715903,0.10889877203846293,-0.16122051391846698
2017-01-09,0.32320344434748915,0.19813757225165346,-0.05195962112149312,0.04666075715080044
2017-01-10,0.15026298845350966,0.030082568961584847,-0.12630016537762764,-0.05332835728394642
2017-01-11,0.6283396233170935,0.5194734853526478,0.44382154359521353,-0.038680850127150626
2017-01-12,-0.17734362633120293,-0.03780361069499222,0.26239782470281053,0.1146651503617382
2017-01-13,-0.34000906172845896,-0.17660605681412944,-0.039377346229597064,0.15445663638999935
2017-01-16,-1.158116921986975,-0.9371129284696651,-0.45890314056383125,-0.9048263118038363
2017-01-17,0.7620644009390424,0.3403419424411777,-0.258751575856529,-0.3752854351099563
2017-01-18,-0.6988632612148213,-0.5732043399237435,-0.17866896410133576,-0.6245542316261097
2017-01-19,-0.3322525008867756,-0.26061875696257725,-0.11058717943106644,-0.30014350639139387
2017-01-20,0.518463478015349,0.5046321791562076,0.581386175759801,0.30149957650024345
2017-01-23,0.17957002541250203,0.0971206202899423,-0.19053044971033167,-0.10718623615366527
2017-01-24,0.6118913924961025,0.5854975590567513,0.8373512814560984,0.7667639581489418
2017-01-25,0.8519570886841283,0.9071499779762191,0.9995439898822315,1.0532901837062343
2017-02-02,1.2621818548731316,1.0883739886876844,0.3519762833700483,0.6007221392890115
2017-02-03,-0.27603992500468094,-0.2826483843497649,-0.3641355207576672,-0.1750593924782436
2017-02-06,0.43671202787853763,0.35086121100560963,0.22713342004941012,0.09419881952980338
2017-02-07,0.3739006729112076,0.366620927474851,0.21451303484121115,0.43534423184771254
2017-02-08,0.2267108886895056,0.26677168304963655,0.430061427044581,0.43214254152399173
2017-02-09,0.1306197026540282,0.25070186545648965,0.5014108899235681,0.8665429373807652
2017-02-10,-0.0075894991726082415,0.1366214800302762,0.6789574003505242,0.2811220696990856
2017-02-13,0.5902579454751178,0.6772742390136884,1.123021658551066,0.8502539203282715
2017-02-14,0.11311280059205435,0.02742230364534109,-0.3410213876589102,0.5666902425207888
2017-02-15,0.8480287367550916,0.8735666817800797,0.44345447661330983,0.9856316443519191
2017-02-16,-0.20347104566207025,-0.21919059454108236,0.012943841397178494,-0.32152529684680925
2017-02-17,0.056893894424442586,0.17236951816031937,0.8214392586381476,0.27710707957134645
2017-02-20,-0.08085890562296376,0.501805590327471,1.702104743664538,1.3077521726060408
2017-02-21,0.5914525710078716,0.6577147604032226,0.4567341772962067,1.0754332752477578
2017-02-22,-0.4342869085346419,-0.3290657510487011,0.15976449551952857,-0.34268294420559264
2017-02-23,-0.17813975954031905,-0.09443225188176374,0.25509346376761277,0.04227804091822743
2017-02-24,-0.8441027225950689,-0.4237931262380477,0.3258903828423105,0.0795337376799193
2017-02-27,0.6641440645087681,0.5107340119158509,0.05100161615666313,0.30512030022286746
2017-02-28,-1.2491005727518314,-1.1119261190252698,-0.9014504640823736,-0.5053180778701852
2017-03-01,-0.29833956706891146,-0.2670107025192598,-0.004573467031808749,-0.44660195735519426
2017-03-02,-0.3405233296203391,-0.2799119497037048,0.10171022607384304,-0.10633042239259582
2017-03-03,0.4593569460908721,0.3194016221488305,0.05595363987372962,-0.26945917707187056
2017-03-06,0.2797672459875493,0.42126380640524147,0.6724148554158563,0.6666816440099573
2017-03-07,0.19567548393346498,0.3125262038443148,0.7456145164517011,0.5519861846510983
2017-03-08,0.3902060336068682,0.3911661724795428,0.6417326306583256,0.21549063400355334
2017-03-09,0.27434859457508337,0.07955031976971019,-0.27212120018940517,-0.15599854593576754
2017-03-10,-0.12200726025635002,-0.09456691313358136,0.12215418720275581,-0.34256385198393924
2017-03-13,-0.12366533517871034,-0.08714073779684511,-0.1378545348855669,0.34380289420432175
2017-03-14,0.42014021278605057,0.37656351928712817,0.31912955179544744,0.32286624161462624
2017-03-15,-0.2844181506926666,-0.09288390180897707,0.24676620549208178,0.22575740061280672
2017-03-16,0.6758609127896454,0.722811946120631,0.8539420156459224,0.5505322595355254
2017-03-17,0.041902995180693285,0.00595193810160441,-0.15270726335073814,0.3401072535455567
2017-03-20,1.1410672986647477,0.9271393426752252,0.8106587532988494,0.8137493589103194
2017-03-21,0.5414150467129303,0.32527054810247236,0.3749757699376887,-0.053317177876199155
2017-03-22,-0.2548522721405144,-0.48461197074181744,-1.1634885813898421,-1.4319704137174112
2017-03-23,1.6617315263522707,1.269136354007123,0.17478073897048946,0.1093708826128775
2017-03-24,0.35334702387983796,0.17771049526936758,-0.4297556567762908,0.1791587383453296
2017-03-27,0.2497745388077315,0.28048878631845764,0.6362224442640427,-0.2836115075455172
2017-03-28,-0.7497502192874083,-0.5690640379542093,-0.10152397168597932,-0.11563966006267938
2017-03-29,0.23218364539622183,0.32349754987789037,0.6492957617548323,-0.03077775408247753
2017-03-30,0.3747083760153292,0.4152214911768907,0.35368421037869424,0.5574533725674163
2017-03-31,0.10391710660056211,0.028972071126276616,0.031693816146091715,0.03672689919348584
2017-04-03,0.5050552122175904,0.44943895878392676,0.5242204571038378,0.13332764486752335
2017-04-04,0.33529190316701096,0.23619223193189703,-0.034790172127383646,-0.023227809905355393
2017-04-05,-1.1509759184220332,-0.7928698068910981,-0.09682385886892707,0.15515717354758718
2017-04-07,0.9433420811447024,0.6157779536245466,0.002176847054817547,-0.0036623552610704916
2017-04-10,-0.12909335240876504,0.11953541039240738,0.7352336408099532,0.13663704257101744
2017-04-11,0.17352028159063504,0.22859124486783508,0.349450833949353,0.1242750781320336
2017-04-12,-0.7954987898336353,-0.720609580689416,-0.5603586264847283,-0.7749702640941285
2017-04-13,-0.6782044950407703,-0.3956555571213691,0.18605461525293246,-0.16948323962621645
2017-04-14,-1.3570993759684526,-1.2067348773529034,-0.8879491273826092,-0.776159028752953
2017-04-17,-1.3563453613864218,-1.2571898411008569,-1.4729489144772745,-1.101102251409236
2017-04-18,0.951665893773942,0.855130404487389,0.7287512889298485,0.5271519833651174
2017-04-19,0.5872821955421659,0.7527233423386541,1.5629575609806712,0.5070349382197762
2017-04-20,-0.7961696130722562,-0.6642199291805121,-0.29133542025852105,-0.018595540842903407
2017-04-21,-0.2524316434366917,-0.07964954622596412,0.49768032702018183,-0.18738797886046066
2017-04-24,-0.8240820552790813,-0.6201868591928237,0.0021584286640171733,-0.47562811447435765
2017-04-25,0.22460815336390882,0.21950323978354086,0.21453105181885118,0.2493020836481188
2017-04-26,0.7376478001215988,0.7365510024937483,0.841805459004156,0.8257234760685113
2017-04-27,1.1558262544591933,1.053288066476781,0.6758040886113239,0.8507969093976485
2017-04-28,-0.12776739264275352,-0.021830724648451268,0.012727234177078713,0.2775215576563177
2017-05-03,0.6591112709121583,0.5428958028639153,0.46132766189545293,0.5223851584113115
2017-05-04,0.1896039305545978,0.2544641002957594,0.43608854068297515,0.6319710133704666
2017-05-05,-0.30938541672742476,0.06928706774294342,0.968576161603118,1.274727513157422
2017-05-08,-0.44826044824543615,-0.025977024910838236,0.9510364138397306,0.9097819152677824
2017-05-09,1.0181289971887273,0.9681201727234554,1.1665346777926764,1.064102215039383
2017-05-10,0.3554308440036024,0.22274586206957409,0.0020382165605831093,0.07941142540404622
2017-05-11,0.07093482256108509,0.07983918531910336,-0.00815311551378694,0.3891372831191678
2017-05-12,-0.026051843315241574,0.20216407796581903,0.6896403942037156,0.7622217680621433
2017-05-15,0.6320093761307443,0.7791952834080794,1.2112946017746085,1.3103853204814866
2017-05-16,-0.33282216108485,-0.3718396185892319,-0.6007951753636395,-0.7465238019102829
2017-05-17,0.49810076495352024,0.5015870524199806,0.4907357321606497,0.07341302034272851
2017-05-18,-0.15377211707407182,-0.2667289203868072,-0.22750629942721368,-1.224064799338133
2017-05-19,0.9632731050458121,0.7644102512956868,0.5503370937848703,0.1415149290804394
2017-05-22,1.2499366492799122,0.8170493570463724,-0.13979871265473023,-0.4076873775762763
2017-05-23,-0.31560879468058933,-0.28137250250072465,-0.37943870642284755,0.011638056457691266
2017-05-24,1.354004847227379,1.1166326100376311,1.0705319659751389,0.46789006949817513
2017-05-25,-0.2620794987140414,0.024826216612108418,0.9923998085987802,0.5475351555835297
2017-05-26,0.34418645110536267,0.39500990713620665,0.3100138849672407,0.3713992667246768
2017-05-29,0.4704650174206754,0.2674990449303055,-0.27464730012650485,0.3059700886388273
2017-05-30,-1.5037877364540446,-1.4558507384465478,-1.4733431968398676,-1.2306962068151233
2017-05-31,0.2737016678007227,0.14168440091580253,-0.04885563258037059,-0.30279323578075196
2017-06-01,0.8833498923579437,0.7949771922606576,0.5321357116513316,0.5029911861025967
2017-06-02,-0.19887496211210076,0.048186468795447975,0.6289328907563918,0.7738675376556834
2017-06-05,0.47358897462939703,0.3366567017263483,-0.3495781963209624,0.5696522004636566
2017-06-06,1.505772968806953,1.1470784212050427,0.5829367437395125,0.479055097080024
2017-06-07,0.6109402825676209,0.5517852305686529,0.44550934283591814,0.5535664744759086
2017-06-08,0.04611107425568517,0.03505980429390905,0.0822118959932868,-0.28828726574726377
2017-06-09,0.3627213461716756,0.15627108124292866,-0.4372813211385107,-0.0883482336850384
2017-06-12,-0.4522505101707917,-0.3060353317770603,-0.014740059085196298,-0.48048345151898664
2017-06-13,0.6128887779636457,0.4795332401986064,0.16300242221043296,0.17519514844916834
2017-06-14,0.5568572213835598,0.27509595378776763,-0.1197710748806698,0.1521932011279391
2017-06-15,0.1420797493922044,0.20482346163528065,0.30503527631714766,-0.14764676496478818
2017-06-16,0.4650363170663092,0.43103227410064743,0.448503543972584,0.08520742842599031
2017-06-19,0.9857001875119321,0.956818283117083,1.1351916040798795,0.46678232130209957
2017-06-20,0.28605910738487156,0.21606817185772306,0.45874507621859567,0.19761178550491745
2017-06-21,0.022375634343882102,0.09997106933474861,0.2032131369152877,-0.1128731989581391
2017-06-22,-0.2503657964238875,0.03680626799708351,1.0582512521714558,0.5035580690791852
2017-06-23,0.03957313827053083,0.25988700361356226,0.8895236108154658,0.54239548443116
2017-06-26,0.3370553011902238,0.31803187490378665,0.25698516314278047,-0.15882783943973836
2017-06-27,-0.7560051048159054,-0.7923743033445334,-1.161669908419176,-0.5443854888174475
2017-06-28,0.26848849262395885,0.3195416051577837,0.39155650980006373,0.38978959178627354
2017-06-29,0.5413927378307256,0.4937376200654241,0.5478692043476272,0.5957821171963275
2017-06-30,0.5502365482705205,0.47701060107657595,0.18664333572742445,-0.05796907735100897
2017-07-03,0.050940107292069645,0.029900224474443134,0.08804219100654154,0.22166166143741295
2017-07-04,-0.24579674012470007,-0.2433613684084634,-0.3413612737890623,0.2666786770912175
2017-07-05,0.25493709020648114,0.32002108748226754,0.45831870994105794,0.707685734699647
2017-07-06,0.6131035509007683,0.49750701825745697,0.015895649768130432,0.6873935860994878
2017-07-07,-1.1708864409964108,-1.0092502066321813,-0.4873669390429245,-0.6455318394126811
2017-07-10,-1.4308628145667321,-1.4199554909300258,-1.5537804721028166,-0.5854494292615707
2017-07-11,0.260718186445507,0.43997349220149684,0.6344637633693019,0.5380782531849909
2017-07-12,0.6382774993134174,0.7617283327982257,0.8873675264547844,0.9279027684058074
2017-07-13,0.4990365409110554,0.45687213972678564,0.40424938395784826,0.36288978236104824
2017-07-14,-0.18273489470281265,-0.09120759479419599,0.2514783852722418,-0.014142194348195082
2017-07-17,-1.9103107552787693,-1.5567737106353046,-0.8692975216329916,-0.7129590580405193
2017-07-18,-0.5743470335162706,-0.7042001916133493,-1.314941468524939,-0.5625893882168437
2017-07-19,-0.48002580190931265,-0.14677824446383717,0.6051052657378586,0.3278294704009311
2017-07-20,-0.1532816816553301,-0.1884586383293638,-0.47063832100225805,0.13609625421414628
2017-07-21,-1.115286181403685,-0.9625153285093591,-0.9922407599419034,-0.29987664927269353
2017-07-24,0.1467754256955499,-0.14328586625154763,-0.9370671565737726,-0.5548858963442946
2017-07-25,1.1434770616945402,0.9880013605155259,0.8581086345807155,0.5339818513354851
2017-07-26,1.0595090081011411,1.2723596859007555,1.9517188570105564,1.4192073800779956
2017-07-27,-0.28063315250840454,-0.22905270942391304,-0.13234142232342883,-0.07596640479928768
2017-07-28,0.8248794730044332,0.7329716714549668,0.6167270877359508,0.46790298413166614
2017-07-31,0.8472263677830059,0.5969227099337151,-0.015042825070916852,0.20509949114206277
2017-08-01,0.2799420816708686,0.09805268175234112,-0.34000663791855334,0.24018666394515029
2017-08-02,-0.3063922101082129,-0.27216954110520264,-0.4671535820307046,0.09462366297421407
2017-08-03,0.24307769314058125,0.342707987481682,0.3425406212637173,0.9956289902580471
2017-08-04,0.46863156086389646,0.45209152690479837,0.2858128504998642,1.0205790649267719
2017-08-07,0.21514976945163655,0.2726106085105559,0.09603073721341933,1.563462616225034
2017-08-08,-0.6125553166204732,-0.6333374010656411,-1.0814189243160053,0.5336489968858213
2017-08-09,-2.275098462267607,-2.050867288959274,-1.6438936565847866,-1.4137484154946713
2017-08-10,0.27748236395591414,0.057244415240618074,-0.4040644441760954,-0.9259179440546893
2017-08-11,0.2109634552685482,0.06519208612728299,0.009708926394530887,-1.1404787422652451
2017-08-14,0.8554029089811918,0.7842865738206001,1.0007714827377898,0.4549894101977361
2017-08-15,-0.7105394978684595,-0.6141891254650824,-0.33697944543099095,-0.3183817410595726
2017-08-16,0.4413423950855604,0.279764967909232,0.06266781923443997,-0.1825412158553021
2017-08-17,-0.8267666033034797,-0.9218003672576547,-1.3878463036567505,-1.2688069400187028
2017-08-18,0.14789918662361767,0.1628969302983702,0.0722931616757227,0.5374442308107702
2017-08-21,-0.08602382314943152,-0.11480137954558862,-0.08597612738215007,-0.4898426980081014
2017-08-22,-0.7369150538472329,-0.7252188329810705,-0.6048949097058843,-1.2187841299114064
2017-08-23,0.6615834567525429,0.46174578684484563,0.21610373527123622,-0.5467314111757066
2017-08-24,0.6197951180707351,0.5142635675092713,0.4874620564588829,-0.12447471631349637
2017-08-25,0.45634761554949455,0.3949184381492236,0.15318645393088193,0.47064602650543136
2017-08-28,0.9117718018936309,0.7759713743666188,0.6840290954008598,0.010969964248921204
2017-08-29,-0.45352151302296373,-0.3495653783538023,0.0861430705682209,-0.747607351108843
2017-08-30,1.3139028902284444,0.9979637228824582,0.2010342338493946,-0.027633011676694325
2017-08-31,0.7180821264182259,0.404753131237398,-0.39762637828192826,-0.15045748543083615
2017-09-01,0.5154984410300957,0.5341108596622325,0.2952267402913248,0.6609861578206891
2017-09-05,0.38167000970185483,0.21491741723155228,-0.2709950072646103,-0.4453270146209828
2017-09-06,-0.006435047846790393,-0.11646416161719995,-0.28339353380394294,-0.20901653752448848
2017-09-07,0.28660127446747286,0.23666813506629303,0.3763888616788049,-0.046507508478797616
2017-09-08,0.7084700400790547,0.4703768458801121,-0.09493365045057281,0.021041790180245042
2017-09-11,-0.659713960641602,-0.7433059567639635,-0.9885786168889805,-0.7636552326147722
2017-09-12,0.3789726195979534,0.44071438514548317,0.683795029501522,0.7182437316488618
2017-09-13,0.4958677311564349,0.6119608211306586,1.1309713404874513,0.8329474199874578
2017-09-14,0.3782114367265371,0.33141213051527035,0.10951640958573147,0.4614692971243467
2017-09-15,0.010133637351120632,0.07151249219307465,0.07870086401301475,0.8710761625905715
2017-09-18,0.5318388725809128,0.523291429219911,0.41359957092208877,0.7280379539968702
2017-09-19,-0.12859467978178366,-0.11308409451344424,-0.08028827744602714,0.062403169523774275
2017-09-20,-0.2779253412304763,-0.11830331547757894,0.28835523933242746,0.03656307170532446
2017-09-21,-0.5162070959625965,-0.294457156396317,0.3825515685146866,-0.026883310465203633
2017-09-22,0.4174841576453859,0.33517946896834055,0.09778187827277733,0.5352281055582336
2017-09-25,0.024056875634342636,-0.03690389123422609,-0.2137250221057762,-0.20238478207381955
2017-09-26,0.14674816351940637,0.13228188141105873,0.2232133182995336,-0.33606980645695145
2017-09-27,-0.3469763383855895,-0.3693001510196572,-0.6062095373105558,-0.47326777246742113
2017-09-28,0.30904486745412385,0.017859648722672834,-0.8223793616487861,-0.6156800579098867
2017-09-29,0.24882075648856605,0.1936997241370155,0.27199916812309094,-0.6545097106131376
2017-10-02,-0.2551440673762573,-0.41717491882323193,-0.7514775816670701,-1.0551023424750248
2017-10-03,-0.46649680217721023,-0.49084098828211137,-0.6257083862792479,-0.44117392592871685
2017-10-04,1.1043971789049152,1.026344811610534,0.7774219570207106,1.195952701851992
2017-10-05,0.2083883303483649,0.11056816636486506,-0.28235221867978405,0.03402349849258278
2017-10-06,0.37550737560005365,0.29171919271018215,0.07743609489557006,0.29693933470728606
2017-10-09,0.13359054617685007,0.15565781210343324,0.3294004707563776,0.1180921693432537
2017-10-10,0.47423834360881173,0.48943648633046,0.7905635126483507,0.10922039575014986
2017-10-11,0.18981105237916915,0.15214483096328793,-0.1790819419145361,0.22135120449407433
2017-10-12,0.342730920791049,0.2597452946371158,-0.011502846967288831,0.5279522116043797
2017-10-13,0.7224335604112369,0.5735615806271669,0.1963254268596307,-0.1637362586114536
2017-10-16,-0.4449040104190139,-0.36825097632773457,-0.19536680574025334,0.2709411981398982
2017-10-17,0.8133367537561069,0.5835791859859676,0.005751533743909288,-0.06712499575377937
2017-10-18,-0.20057243228241037,-0.371201223442068,-0.8432451179177489,-0.8647326730091144
2017-10-19,0.06730998950764162,0.04616373234654211,-0.15866108876657892,0.5088681334104571
2017-10-20,-0.4168256228142856,-0.5553763055536423,-1.1500479749362864,-0.5525749053777577
2017-10-23,-0.570426901715895,-0.8477455903644739,-1.908360513529893,-1.2139087126027597
2017-10-24,0.7238736520543742,0.6103962553477338,0.38260777613861613,0.21990295564099488
2017-10-25,0.7588522934167129,0.587945707359932,0.2830232726829419,-0.1634998154769111
2017-10-26,0.13138847861485856,-0.17890099538980395,-1.292517008099789,-0.7513283407990908
2017-10-27,1.4938978472064068,1.144178666524158,0.06427122678009847,0.2558855029797341
2017-10-30,0.3121209400540968,-0.06934813037977247,-1.4877720072398717,-0.6353544791854746
2017-10-31,-0.7069538292388844,-0.7348174580954947,-0.9007317880996535,-1.2467109437115669
2017-11-01,0.4511105430538344,0.23931507514080977,-0.48441717418849334,-1.173054018082962
2017-11-02,-0.9284269114084793,-1.009749387532549,-1.9425176300672649,-1.423749734519273
2017-11-03,1.484706771606311,1.2248928268788981,0.869511412175699,0.6393868863012311
2017-11-06,0.5567539919217864,0.8744482231180439,1.8828272258058627,1.1411507665843128
2017-11-07,0.15377702999596635,0.22633071152182122,0.23543633112706092,0.2565112475802764
2017-11-08,0.887273413242545,0.9124106251378711,0.43257428345705434,0.2921900972013348
2017-11-09,-0.06093916819119242,0.21283719913895108,0.40435292675850554,0.0329173267292771
2017-11-10,0.6426757338893311,0.6430500933032596,0.24304301670899656,0.43711213674875693
2017-11-13,1.107351498180895,1.116377762465586,0.2535521367266523,-0.40307112835230213
2017-11-14,0.34153863431291176,0.2241698905721603,0.5232505724829466,-0.255590467602106
2017-11-15,0.7434298190881496,0.7002663505571616,0.7160245397907257,0.037527506396490475
2017-11-16,1.4064579342487624,1.3346533159278315,1.3932680677871216,0.6900368997909639
2017-11-17,-0.292559086143678,-0.22198864122561257,-0.33959900932318493,-0.30760555778867993
2017-11-20,1.3320694861776807,1.2680244981439401,0.3808628627735669,0.056616166559754
2017-11-21,1.2410027489772217,0.7983201842819656,-0.6069163530440563,-0.37426042279444965
2017-11-22,1.2702602159629028,0.8862990541349277,0.6707435308584204,0.040896543676105054
2017-11-23,0.08021245891025777,0.1361825964861317,0.14909856998653892,0.560637989125351
2017-11-24,0.35584339355497185,0.5699503153279875,1.8067163291583483,1.3150112077321716
2017-11-27,0.5050869329931568,0.730291091433853,1.3472305808260145,1.3067449128234554
2017-11-28,0.5185799989977256,0.30179085342458134,-0.2729500731670533,-0.3019119697291747
2017-11-29,1.1486135343497577,0.8656523350243466,0.3137809342684139,0.1466623555735391
2017-11-30,-0.37044919587391567,-0.21266234588678273,0.26357471669771826,0.5373905048192389
2017-12-01,0.9928807871215944,1.0390677983769687,0.7433575727869178,0.5704871156936784
2017-12-04,1.4571105684059156,1.3417753117566773,0.6081096655277622,0.5065503521242737
2017-12-05,-2.341890111374511,-1.952657484446119,-0.46910857246316623,-0.756420909583387
2017-12-06,-0.5320941008243805,-0.4403831141288988,0.15755123673133758,-0.41491791285493496
2017-12-07,-1.105054611662485,-0.8374120494770527,0.5802317577987899,0.5655696738430561
2017-12-08,0.16245384128906484,0.18545833621515098,-0.03540878547588895,0.00981723580150802
2017-12-11,-2.388965635750303,-1.9589905339380203,-1.3322397268758586,-1.340754358760716
2017-12-12,0.716361374264192,0.3805936166881809,-0.5255619261992934,-0.9050438505480244
2017-12-13,-0.16300635395609422,-0.1089176418089897,-0.17865632424688774,-0.004462194061572271
2017-12-14,1.616073921691679,1.5890421355470037,1.406325565633122,1.596952979678254
2017-12-15,-0.16281116965808656,-0.1453521130703243,0.5051696977252801,0.34305350967892223
2017-12-18,2.568436429706681,2.1901553257935493,0.4580544452957019,0.4791774754200364
2017-12-19,-0.33606748759312205,-0.4652191844581275,-0.8526171053864422,-0.3523377357126028
2017-12-20,0.12233707494987481,0.15165338027469027,0.48690092313747524,-0.049185973152353214
2017-12-21,-1.2995393222439,-0.9444232688965116,-0.22586646153419263,-0.3011077557371338
2017-12-22,0.993415557061692,0.6750250731214078,-0.4420062259595215,-0.2624284357664955
2017-12-25,0.35880913988748475,0.149633096827338,-0.7706767872033133,0.0065965961587906765
2017-12-26,0.6771643872872163,0.6345470158138017,0.5592850467104165,0.15269945897053697
2017-12-27,0.23932081964597596,0.14955599947127124,-0.29481458879511685,0.43703347306224105
2017-12-28,0.9236765187516881,0.7271178409389194,0.32396622925150215,0.23906611900193028
2017-12-29,0.8865242392324307,0.7283196216807841,0.2319696380605857,0.15361739223962304
2018-01-02,1.7477988306858219,1.3571655948474959,-0.03283748757054018,0.8919679593031912
2018-01-03,1.1955804329884228,1.0696868703255098,0.7283298914009826,-0.4227741755513767
2018-01-04,0.9401647408548341,0.9752711244088167,1.4005261111290979,0.6620216304691849
2018-01-05,-0.6350546596471615,-0.5773315049010563,-0.2999137466737073,-0.3601664539317133
2018-01-08,1.552784949301923,1.224676810712666,0.8596107187468758,0.6020643405137386
2018-01-09,1.5646373262848499,1.1965989827669907,0.6410278360919018,0.3997283315467502
2018-01-10,0.005771061973175524,0.2638644921862547,0.9089411054327744,0.48225772573544684
2018-01-11,0.7187725611765682,0.6035511076300997,0.2595969174445632,1.0787568288368394
2018-01-12,0.2536886332866367,0.24242191244206995,-0.571283609615236,0.20616612084270394
2018-01-15,1.2541752774589163,1.171469191527769,1.2739254191057203,0.5051997999755834
2018-01-16,-0.12518296699446396,-0.10475227048171655,0.21534472362882395,-0.17474930021583032
2018-01-17,-3.038794280951951,-2.7997496759437794,-2.298228304444087,-1.1258972511935295
2018-01-18,1.7858992087608518,1.4289014915310467,0.4329227184260006,0.016945382953245634
2018-01-19,0.46716830206083354,0.5359020954830095,1.165970847555111,0.3393614598549944
2018-01-22,2.7377680111138036,2.180362343395089,0.6975569290796568,-0.309713947381748
2018-01-23,0.0,0.0,0.0,0.0
2018-01-25,1.1761978929716115,0.9546471528625308,0.9607292579118338,-0.1059243587339682
2018-01-26,0.8091173899932975,0.7008500092201042,0.2145904697534064,0.11756919135263884
2018-01-29,-0.6941696055900332,-0.6501385853853718,-0.18378074596092037,-0.8899627583643102
2018-01-30,0.21676374872713913,0.37466166180061,1.1994527175086749,0.8041826572636732
2018-01-31,-0.29703082347102855,-0.42049586954933554,-1.0323653623216915,-0.6281140624238671
2018-02-01,-0.8246335900205286,-0.9102952952331387,-1.4381351533658733,-1.2519943610559352
2018-02-02,0.32149938131816314,0.2987922767836018,0.09088155730041525,-0.3243982559127151
2018-02-05,-5.212385119805566,-4.98609566065225,-4.767887912797536,-3.3793622645076153
2018-02-06,-2.6730396918124044,-2.9819515620645545,-4.482631460970538,-3.5846213547599204
2018-02-07,2.2751554051055636,2.29151193937889,2.82688341258489,2.2765434798214392
2018-02-08,-1.6973021388097949,-1.4828108673487281,-0.7789114654163868,-0.4618998405411389
2018-02-09,-1.670411365700148,-1.5094105115058658,-0.9278957339108299,-0.597023526889344
2018-02-12,3.740474348013387,3.375812464714708,2.3429621349828786,2.0494498222962503
2018-02-13,1.8508319697948847,1.788508817659618,1.6666818521284477,1.3861983816079682
2018-02-21,2.0079939865768175,1.9496463230512673,1.2377605613159401,1.0145653855486474
2018-02-22,-1.04592611395892,-0.9947340516441256,-1.014348570083914,-0.8174642576147871
2018-02-23,2.384248412576131,2.0369007794677674,1.4752715963398677,0.22982927621184546
2018-02-26,0.8905510362527699,0.46452204383155116,-1.2209491357715812,-0.5578074095508373
2018-02-27,0.578476542879973,0.38806837929734617,0.08032388497770697,-0.23779110043655216
2018-02-28,0.19328738992139158,0.19151852639203948,0.3620405330788762,0.16562460365239579
2018-03-01,-0.21589208365622592,-0.22967059709375695,-0.3039152114071374,0.02110020941456708
2018-03-02,0.0976156551781046,0.4812136236411328,1.7717376794896929,0.9988150389777829
2018-03-05,-2.3852119230241806,-1.6811079332064889,0.11954140997189901,-0.01319348243882233
2018-03-06,2.058548796548111,1.9145347432128288,1.745057089963843,0.3753337959097029
2018-03-07,-1.0148209599102915,-0.6275967351518602,0.25050202308302,0.09525530783155287
2018-03-08,1.1705941060564604,1.101524381630477,0.4593965122837136,0.5772509932053896
2018-03-09,0.13655459557177604,0.0521981220528336,-0.27414479624982213,0.14243545244732025
2018-03-12,0.03885232101134208,-0.15957990358995733,-0.39929422433595513,-0.17290600507065096
2018-03-13,0.397593329227151,0.5973566234226995,1.0111059155171351,0.39647892216129094
2018-03-14,0.32519185315324767,0.3956255940462923,0.7121400346137402,-0.0140942035111078
2018-03-15,-0.42601827821602395,-0.40524764008557135,0.03931796488444503,0.029270355301766464
2018-03-16,0.24019551038722986,0.286340421641309,0.24691262855177348,0.2879101458431277
2018-03-19,1.5451517519732199,1.1922389090333283,0.06620497650242445,-0.32802354805167827
2018-03-20,0.34710450182336067,0.13264989011723793,-0.3297166379802561,-0.3650114859572774
2018-03-21,1.1457750979026158,1.0408567691646318,0.7893277774286082,-0.27245300694988706
2018-03-22,-0.23387332637184588,-0.20073358896302174,-0.04942189490494447,-0.4462437679685927
2018-03-23,-1.3767476013211004,-1.34893834246927,-1.6906344243976974,-1.3185888702461777
2018-03-26,1.564413227621873,1.2907065218308211,0.24051073848946966,-0.06777740383127213
2018-03-27,0.3108364169752136,0.21772597662157314,-0.23080863709489785,-0.15572861879122854
2018-03-28,0.068654163877456,0.0759048882642951,0.14982200426498404,-0.17269718227689762
2018-03-29,-0.5531782573464856,-0.4243062116970257,0.08538620167287321,0.04571020922330744
2018-03-30,0.7259086109902427,0.7441598381728799,1.1478088676486908,0.3782573541923522
2018-04-02,1.5600779344785998,1.3448542517613056,0.6260696984216405,0.3060072902554991
2018-04-03,-0.8781539851205993,-0.6905728113624434,0.3434501965149466,-0.14845180813053974
2018-04-04,0.4108794117673533,0.6306718764991068,0.8535000065696984,0.5384709195634276
2018-04-05,0.2886672354477461,0.42957012526590316,1.0205947821793542,0.8553489170282216
2018-04-06,0.4480504531937287,0.435958010625991,0.23729411524020388,0.7678396189851225
2018-04-09,0.28145678749128517,0.1762243709538926,-0.21700499521117933,-0.22918973573849777
2018-04-10,-0.82021485179579,-0.8998915252172545,-1.1938917320380533,-0.7367380151287811
2018-04-11,-2.6775152154954984,-2.485670912138684,-2.1994114774482654,-1.4788434564190265
2018-04-12,0.5524633685991098,0.5111152568090231,0.445858666102683,0.2897635626675187
2018-04-13,-0.8157361134613041,-0.7246169533419287,-0.6989003340804496,-0.08872721401928212
2018-04-16,-0.5463624879198288,-0.5157925134932224,-0.2211691264903752,-0.03662292302954598
2018-04-17,0.2028030008527866,0.27529397880364753,1.0088291799304772,0.3844262443603201
2018-04-18,-1.3018767858418174,-1.123966168779862,-1.190870466500193,-0.22693192374637305
2018-04-19,-4.548426066981314,-3.676256419760024,-1.7510503256543644,-0.733011451947532
2018-04-20,2.1675231790965945,1.7949591603463544,1.1303279261305599,0.8238460285012692
2018-04-23,-3.178156539433896,-3.062116541951071,-3.71552504399792,-1.5600209249303592
2018-04-24,-0.1308453935682682,-0.21377225270910474,-0.8075836357278644,-0.5525997461571712
2018-04-26,-3.3790649228990985,-2.9877128781534763,-2.6737125031589155,-2.453317174117516
2018-04-27,0.8793670548630218,1.0151215849551674,1.76888901560403,0.6181310589252473
2018-05-02,-1.482771762910467,-1.44349935782468,-1.7669854321080356,-0.8176717177227664
2018-05-03,-0.24614606212945492,-0.3201341856347632,-0.5650487497511458,-0.04994744007056037
2018-05-04,0.053432547628948335,0.19471348732339402,0.6896546166415486,0.2089161497567676
2018-05-07,3.608108048967651,3.0679748329343197,2.0622973186056637,0.8979953693817867
2018-05-08,-0.019085244301345162,-0.22744590198072834,-0.5153447496274469,-0.539215298395815
2018-05-09,-0.13752139001111885,-0.09763540058595858,0.16086345977053446,-0.07512149810376591
2018-05-10,-2.5847485566176718,-2.3379332641762547,-1.8038724907003298,-0.7892884023895694
2018-05-11,1.0826839012034164,0.9702172007955945,0.7960920015283288,0.09085297586020605
2018-05-14,1.9844665366509147,1.7485644435248158,0.7092295020879824,0.3625887200439577
2018-05-15,0.38349501659301455,0.3723343975280466,0.5943498357440921,0.48718772047419473
2018-05-16,-2.028024467688536,-1.6280056774880203,-0.062446118952617695,-0.4315213461648053
2018-05-17,-2.6659885279502875,-2.1686746830660004,-0.17823237442049106,-0.3565687268299011
2018-05-18,1.4901966003438336,1.0943664884449897,-0.3030702186960232,0.054671189064207495
2018-05-21,-2.476084942995133,-2.213570580412758,-0.8778960666147716,-0.15944419049964365
2018-05-22,-3.9122443796896547,-3.711833151735062,-3.0982256773537338,-2.013020991877744
2018-05-23,0.9950847094241279,0.8179152693343938,0.6093520577407302,0.03564681177018583
2018-05-24,-0.8283745900635126,-0.7089857931430226,-0.7918098235393732,-0.31889603417193246
2018-05-25,-2.5548738682746754,-2.1418950327970605,-1.864017183708871,-0.7332612594641339
2018-05-28,-4.17872300895053,-3.999983173672639,-5.371296224132471,-3.0065816083843773
2018-05-29,2.951555525801472,2.762112755669783,3.008391003292483,1.8546175557918376
2018-05-30,-0.6791308092280437,-0.664226771898144,-0.8645837629879386,-0.007287213372828435
2018-05-31,3.073207367579374,2.674327726376508,1.9215507218098968,0.9393032196258955
2018-06-01,2.2793009528556567,1.9748631421057956,1.022965264491304,0.6416621218309118
2018-06-04,2.8000323520350796,2.5533118297010042,2.1411304056633282,0.8997597089708478
2018-06-05,1.062889561696743,1.1894625666214678,1.867404659161763,0.701318135778045
2018-06-06,1.5172405888197908,1.4249142103887873,1.5994863680255447,0.3546852660145171
2018-06-07,0.39327291388675645,0.3254057485630436,0.04338599454994208,-0.007034492464272659
2018-06-08,-0.08574407868140085,-0.08384095552266475,-0.013202440584629993,-0.3135369388832434
2018-06-11,-0.09947726497168272,-0.233261041815989,-1.1772821635250805,-0.008233308442036716
2018-06-12,-1.5824406606130677,-1.4605973345859646,-1.762698764436779,-0.740232532310755
2018-06-13,0.9697464211880363,0.8275388492030935,0.3015979205676716,0.2662644690173907
2018-06-14,-1.4118579472057717,-0.9803691372334944,0.40200670678264766,0.11102975320287885
2018-06-15,0.07266031623332718,-0.03270438953702122,-0.1708486378484425,-0.1110297532028901
2018-06-18,-3.5125789538058254,-3.1687092901317078,-2.680716215566231,-1.0215685444399163
2018-06-19,-2.6355508322159933,-2.8042368718576913,-3.735530583550161,-2.4315691215795407
2018-06-20,2.2752384473177845,2.046611938331517,1.6154515783104568,0.9533216006124713
2018-06-21,-1.1557334732599842,-1.1345447819445562,-1.6453286190572995,-0.2948870220566111
2018-06-22,1.793909575065194,1.6391734299917633,1.2523010430108148,0.325175917773317
2018-06-25,0.9247485522216329,0.8144934897589379,0.6632884358358724,-0.04483082497160833
2018-06-26,-0.8374324882236741,-0.7031835127505339,-0.28343829395931847,0.09327398392844147
2018-06-27,-1.30324965293301,-1.1010694120086046,-1.032202805259368,-0.044809107898013775
2018-06-28,-1.4945360767241307,-1.5290036193854364,-2.422746278493418,-0.7343319483895697
2018-06-29,0.05489343422369702,0.016794585465136486,-0.2542659182775303,0.44683425231996937
2018-07-02,-1.856609593139866,-1.8405739490292061,-2.4095242264014884,-1.9033944347317062
2018-07-03,-4.188111035398455,-3.970935497828789,-3.7463485674269643,-2.2526323285479775
2018-07-04,0.995066385725286,0.9894056956939635,1.1081801919322278,0.1075833716604867
2018-07-05,-1.9186315795467621,-1.8545619571831373,-2.351047543871419,-1.4089764032202192
2018-07-06,2.442294422148542,2.2415139655348604,2.471582112625111,1.0757251238803789
2018-07-09,-0.7637136352400906,-0.7565381164268039,-1.1124252762506341,-0.08380420781248743
2018-07-10,-0.085713177803805,-0.1817624370302181,-0.29994426516541745,-0.3193529143425889
2018-07-11,-1.8909000239825533,-1.7915196511299882,-2.1652660723913226,-1.9404342895215774
2018-07-12,0.30934693594629326,0.36974832040663586,0.853117093795771,0.2361981008307677
2018-07-13,1.7473472408790152,1.5622531236611048,1.777349316564953,0.8236130415358192
2018-07-16,0.5244990206959639,0.61156515585148,1.1723671746941748,0.21831826619711875
2018-07-17,1.2474676940719456,1.3127507204282192,2.0896266438826374,0.2946151641684201
2018-07-18,2.1492493734118776,2.1533534618126926,2.7941678936796026,1.49170284321452
2018-07-19,0.6043151654442773,0.5522910340215179,0.4097528879842451,0.4112101265448813
2018-07-20,-1.5624732219521404,-1.074627742705303,0.42682705279447586,0.16426232996090126
2018-07-23,0.5178151423062982,0.3568469460134259,-0.10002084601305646,-0.25842725107190856
2018-07-24,-0.8388912925821949,-0.5003990880588953,0.4638352655765037,0.10922308329078607
2018-07-25,-0.8536325561863515,-0.5235434507370146,0.31182525771945213,0.5817643191711822
2018-07-26,0.615131960710687,0.4231624508176538,-0.45199691304687534,-0.07612487342155085
2018-07-27,0.6340228539862529,0.7606069196272955,1.83259017614132,0.38004618752551844
2018-07-30,1.3295745976996323,1.259435558685743,1.669268284234763,0.37365122640815646
2018-07-31,0.5074374735179413,0.3973751712923537,0.11831710360326597,0.36485331954090106
2018-08-01,-0.5383064350225315,-0.4936075687509339,-0.45196228231714164,-0.18535228408854293
2018-08-02,-0.15448790342770727,-0.18489161097050102,-0.15615007681021106,-0.4052627667488963
2018-08-03,0.3469971230195441,0.4018429714932911,0.5469659114846435,-0.263619446616926
2018-08-06,-0.13610073553749724,-0.14756520139631393,-0.07121757268544425,-0.1869438965141475
2018-08-07,-0.3111748285546224,-0.5586920082197995,-0.9699807846205786,-0.3887140475544627
2018-08-08,0.9528383496466585,0.8078611083343981,0.6030595424144949,0.3412993930426841
2018-08-09,-0.20954606037756032,-0.2044293727280523,0.21629460704332798,0.05115695939777778
2018-08-10,0.46611754221280016,0.39730421442134845,0.32006127544564156,0.062351138681215064
2018-08-13,1.2262119538676246,0.9555236590693927,0.687816233327177,0.16815414351678504
2018-08-14,0.5795552205117361,0.511684554924811,0.21664389448500904,0.22873348858504683
2018-08-15,-1.8585058974260862,-1.6411135463271997,-1.3934930300840465,-0.5990465578797246
2018-08-16,0.24868295218646858,0.17390533233298686,-0.11079105941600034,0.1697411855092003
2018-08-17,-0.10003107061833082,-0.08580009106368183,-0.1139405918105491,0.04737623048631026
2018-08-20,-0.37786078902789383,-0.09145254027825347,0.8789123983210276,-0.20087969573574896
2018-08-21,1.0121501300877362,1.0466883208541908,1.305532700743338,0.5380977820668195
2018-08-22,0.45537704677813273,0.3758139242155443,0.08386820357507357,0.457343376496911
2018-08-23,0.13641785544471668,0.2241537489878102,0.3947146892048867,0.4798775592891119
2018-08-24,-0.05412832709083288,-0.041716067877613006,0.07561511287650144,0.30351274520750515
2018-08-27,0.6362341581039648,0.4371531791250959,-0.100177774806532,0.4651512781328546
2018-08-28,0.46037365317672985,0.3688309633993097,0.45196820027468104,-0.48846573504227697
2018-08-29,-0.6219028308475766,-0.48915870689582924,0.17689692306896834,-0.32820567497177333
2018-08-30,1.0760660824656747,0.9097954985572297,0.7354977312774864,0.2852437569819681
2018-08-31,-0.6376457588724879,-0.5241649305908708,-0.4137816360999028,0.051552087160038375
2018-09-04,-1.884067665685546,-1.606910510856357,-1.159115456315272,-0.3134047511173249
2018-09-05,-1.0718125584688922,-1.0257071299522202,-0.6857124557403882,-0.43300524714992944
2018-09-06,-0.9481577823242126,-0.9481515854767808,-0.4909814564177953,-0.46593556250925994
2018-09-07,1.4347509537669147,1.2075203025631782,0.4771001416366933,0.35831889009502416
2018-09-10,-0.24141046188799592,-0.16650001890926008,-0.32079799874165615,-0.014852771925856519
2018-09-11,1.6402256040453806,1.6306517725062506,1.5654004096256164,0.8148718311313535
2018-09-12,-0.025031550313750175,0.0022005589420676323,-0.060736678983104274,0.3444116239016074
2018-09-13,-0.15658930876301327,-0.046221910007874546,0.4273113794215893,0.4139275860048692
2018-09-14,0.3295961262773988,0.28579299474380865,-0.0331807671704907,0.4012992872240611
2018-09-17,-0.6833453962500734,-0.48302628421638855,-0.12208284592193004,0.37793489276153397
2018-09-18,0.6229312450020938,0.7001221108966561,0.9095880095036449,0.7036004063257846
2018-09-19,0.3069002903013815,0.3465942689951328,0.6717523571616224,0.6641044372591189
2018-09-20,0.8769990228547485,0.815266214592264,1.145799044200679,0.316734803145942
2018-09-21,0.33408576465578116,0.26380675248431545,-0.07420303431315313,0.07011747935665771
2018-09-24,1.1387761964860952,0.8772174675502522,0.13884796478950712,0.509546185363786
2018-09-25,-0.048713656009751076,0.11873500493728675,0.6913626492564819,0.6162712235847797
2018-09-26,-0.07311500706522733,0.09189605707404817,0.6040949916522004,0.9900665908344968
2018-09-27,0.5127073201775362,0.5527965380008641,0.6946062938181857,0.6376907138734287
2018-09-28,0.5322110355846646,0.3446140291049306,0.006521182199483694,-0.14457304322994402
2018-10-01,-0.4352344740868304,-0.389235543789543,-0.22756109200760033,-0.4547413379032395
2018-10-02,-0.2557765928460018,-0.17868543363100306,-0.4904539969860981,-0.13147104004789686
2018-10-03,0.27495872727063836,0.2848944203976855,0.3615217806443928,0.3254530152565806
2018-10-04,0.3033955386669511,0.34969146253671757,0.8490090096790809,0.35446652889425756
2018-10-05,-1.3027190451144908,-1.2775100818401208,-1.1814483413763122,-0.6170711115470975
2018-10-08,-1.073289545264162,-0.9657125936558932,-0.391915953170609,-0.24346642813824376
2018-10-09,-0.30036406861920606,-0.31747606318971666,-0.26779836843732463,-0.003499052340340215
2018-10-10,-0.11377506864363722,-0.2357786946646998,-0.6688481189456938,-0.23354674541874793
2018-10-11,-4.9047889327162695,-4.868193196828855,-5.755548802365565,-4.159633480424523
2018-10-12,2.5190356981079365,2.368958013792991,2.1820640995549807,1.2992463676205122
2018-10-15,-1.5961536279246766,-1.440199241733705,-1.0716369094874312,-0.8553876005238908
2018-10-16,1.16277889897864,1.1296503935331377,0.7707186357186215,0.8746341001261926
2018-10-17,0.6895408476459566,0.6879392936058395,0.8256011312688761,0.40212520052269674
2018-10-18,-0.8888003504271781,-0.839093975989266,-1.050152494041939,-0.36725035875954315
2018-10-19,-0.6259282270840976,-0.42782855570821604,-0.04259302430285222,-0.23955855659288056
2018-10-22,-0.9641799420087234,-1.0338639940821874,-1.5817868895360256,-0.9165656267005792
2018-10-23,-1.6113963308814607,-1.647377952065545,-2.1363986499270124,-1.308808633549355
2018-10-24,-1.274608555610574,-1.204735775671359,-1.3614103688493215,-0.5610702213279478
2018-10-25,-0.8558550247570431,-0.9793107933673112,-1.0942014361640746,-1.0752858766044728
2018-10-26,-0.8814014753651153,-0.8161373889155348,-1.0903245977611669,-0.36897632222836213
2018-10-29,-0.7553482529563617,-0.7064295070947391,-0.7335440670459284,-0.5421229142582024
2018-10-30,-0.04232223295789901,-0.2305781083788864,-0.6233434081231727,-0.23794768786246165
2018-10-31,3.0988664807908526,2.7078847668781023,2.3544310610766916,1.571568678992041
2018-11-01,-1.548131003820363,-1.3714662262448085,-0.7931968918399152,-0.4826698711889164
2018-11-02,1.7542252595943073,1.6647541213162045,1.3706221768920814,1.0474041813172184
2018-11-05,0.15484502004484516,0.128261951773729,0.34966900858854766,0.02480497104335694
2018-11-06,-0.5785744675963718,-0.3396698782977289,0.17542032273279282,0.535524528103689
2018-11-07,-0.04002534992229081,-0.06432861617064183,-0.46008822820758755,-0.10243057522412408
2018-11-08,0.12780264568438215,0.24422890183111493,0.8245618637269916,0.018519318788914912
2018-11-09,-1.651727033397131,-1.4613731976208337,-1.089023440078494,-0.27691260339351625
2018-11-12,0.28751041593960674,0.19403927100023055,-0.07884404531455004,0.012378535635039134
2018-11-13,-1.6265319684332689,-1.36864536137544,-0.610777499365536,0.16819613651330567
2018-11-14,-0.2658387512794891,-0.12590156162256952,0.06346654468467774,-0.4495669815082956
2018-11-15,-0.7566850383581651,-0.7297456610041808,-0.4206873889356604,-0.16025146755103323
2018-11-16,0.49128813742428434,0.3583130564081231,0.5073599096612676,0.1590101952469099
2018-11-19,2.220796616070169,1.9427812706331977,0.8332855488946593,0.607618736682325
2018-11-20,0.486012686048846,0.42665097072004127,0.1015807942579853,0.20213231754303956
2018-11-21,0.44799788925121353,0.4330357360993594,0.1527005275170097,0.2140116924277507
2018-11-22,0.20044550141156176,0.19653496575423174,0.025079156217840473,0.13137782832515793
2018-11-23,-0.9253944173184705,-0.8379543914797959,-0.7393341946909823,-0.2420163467288539
2018-11-26,0.49617332300315625,0.43863071942792803,-0.44412400850791667,-0.21055101941466098
2018-11-27,0.027927500390982032,0.05396084450617869,-0.3166251910532911,-0.4286259055879561
2018-11-28,0.6790252616437507,0.6103069299590558,0.4486969939068273,-0.12262569120076731
2018-11-29,-0.42468573762841144,-0.43103766762811313,-0.293965464577541,-0.5929497579940584
2018-11-30,-0.3113199008454257,-0.13588709406640198,0.24855244293346904,0.19679651619584185
2018-12-03,2.965243592678148,2.674135496459628,2.051386156603367,0.7685194317255689
2018-12-04,0.620817706838109,0.6087415611123407,0.41723098046541923,0.3032995371365576
2018-12-05,-0.1921064298889878,-0.2692097428150076,-0.2827834361158377,0.04676923162175849
2018-12-06,-0.3051058876308063,-0.187853347514019,0.451658910023423,-0.23159850204208135
2018-12-07,0.7266085033038425,0.6882089510391196,0.4895656552478185,0.4516124799372495
2018-12-10,-0.7309429491456135,-0.6380802102714676,-0.7852851538143218,-0.03192730425598259
2018-12-11,-0.05202800958482815,-0.08318188254171134,-0.16937603454367128,-0.2890370934006456
2018-12-12,0.5794485521717969,0.5808253568569806,0.9935593473277506,0.27921125635423916
2018-12-13,0.1292685734249255,0.129118501136027,-0.026612895128252694,0.038069741769772084
2018-12-14,-1.0943503399188463,-0.8319931605238711,-0.17213119004181032,-0.20156589054734997
2018-12-17,-1.9097382945270234,-1.8197816351797065,-2.0220287004777235,-1.3064635043511388
2018-12-18,-1.1974988112759806,-1.1679357419223104,-1.1418592517315667,-0.8537324182810903
2018-12-19,-0.8897869211851976,-0.8052371837025267,-0.433840159859813,-0.4573956627657065
2018-12-20,-0.6546147411630036,-0.39078092977126566,0.9290187334845422,-0.05305710078987292
2018-12-21,-0.4502556003362964,-0.4269688168552021,-0.07269777538375047,0.05684581673136171
2018-12-24,0.06297481787987996,-0.09446541056550663,-1.012709791685433,-0.8713850711948465
2018-12-25,-0.9141514678931378,-1.074069921983469,-1.873211035565141,-1.324709518835196
2018-12-26,-0.5409143847616167,-0.46543281926745395,-0.318362604350011,-0.11625054590686665
2018-12-27,0.5131869910744898,0.6382059917952161,1.471377335697198,0.5130662383418038
2018-12-28,-1.215982991047798,-1.2145062386574415,-0.289967340230644,-0.5583113057854934
2019-01-02,0.07833280148008272,-0.07578721270239926,-1.9000832212808108,-0.7801333724164359
2019-01-03,-1.9912723813068565,-1.7765743543407801,-1.3363178657788295,-1.610543842891679
2019-01-04,0.16438751498157822,0.2349826709268613,0.3493191834951425,-0.1457784161580772
2019-01-07,1.3289546372180339,1.2378671532104317,0.41978343407081076,0.7939013330413741
2019-01-08,-0.7048425022190287,-0.5682811918274152,-0.2041481389434134,-0.015790097010318253
2019-01-09,1.1852408671182444,1.0979751962806523,0.9444041277541473,0.45166364875327913
2019-01-10,0.28480403969796064,0.18649785691638185,-0.05582220226719711,-0.01703164614977118
2019-01-11,0.27353428956722614,0.3731687781598952,0.5981897544960681,0.2773854293348521
2019-01-14,-0.10234225069300512,-0.13476354682926373,-0.4865764937599726,-0.10196745768781207
2019-01-15,0.6587364065956246,0.6539057702934351,0.817967060681842,0.8219242196813087
2019-01-16,-0.09367465513630849,-0.10989609284227075,0.007592808529301264,-0.14019967765808927
2019-01-17,-1.27502993599845,-0.9994193584094101,-0.32265977638779464,-0.16771873995057485
2019-01-18,0.16977634586243712,0.1475655013348465,-0.16226609749406234,0.042931576833675204
2019-01-21,1.0832678113748249,0.8820571252977651,0.5814127824574952,0.10789801435480892
2019-01-22,-0.572169590345544,-0.26852472771997593,0.8470283438364556,-0.15733598372143995
2019-01-23,0.2975189596575967,0.32286763277982816,0.42244372172281514,0.37537630371911546
2019-01-24,0.4388485838843814,0.343487637724991,-0.026751844699225338,0.06739243386222203
2019-01-25,0.25155504201261225,0.1526837159508761,-0.2947435990693977,0.1656958307902096
2019-01-28,0.12208748046760645,0.08645741310422388,-0.011807832900683525,-0.6618329612320933
2019-01-29,0.37569193827915365,0.3606327555112609,0.5118222583107851,-0.020834418534649027
2019-01-30,-0.3296598991676772,-0.2586610947944395,-0.07372070870702463,0.31855235264277937
2019-01-31,-0.3573037768164651,-0.22687859728031165,0.22206572873421176,0.09601661565481233
2019-02-01,-0.7242755620753983,-0.3853105308903663,1.1957655146675967,1.0142022417534948
2019-02-11,2.1697965967483186,2.008881495918749,1.3741065670891939,0.7775273514892973
2019-02-12,1.0933895005779908,1.2537544304137067,1.4087865291835442,0.5551370655020939
2019-02-13,1.0180684319710733,0.8927904179946026,0.9018812789117342,0.8049805634364372
2019-02-14,0.3004107870255008,0.582742144947065,0.11977386504803485,0.17452340092157242
2019-02-15,-0.26475936838990755,-0.23268951071070912,0.2310218674310914,-0.09664079872083707
2019-02-18,0.7977098556465608,0.9161000366591053,1.183183813130137,0.26209376385307664
2019-02-19,0.318852842199217,0.36387526960059036,-1.0294652092076957,-0.8514864327308623
2019-02-20,0.4374546715237005,0.5019999638994762,0.018187880858896353,-0.05685587190022304
2019-02-21,1.5550754368602138,1.617098117338156,-0.04143276582557048,-0.15683698495853282
2019-02-22,0.36753850135554444,0.11920479567563351,0.28563805989741725,-0.2281051793133409
2019-02-25,1.0669079303529283,0.7929288266550075,0.9479409536533692,0.5087201880071363
2019-02-26,-1.0658320889104216,-0.7261471446138127,0.7222043606142201,0.1853802401091505
2019-02-27,0.11074972234928589,0.3820231860763269,0.9980851137162192,0.21270043070570338
2019-02-28,-2.785221879120048,-2.6802763662281683,-1.2978729059888898,-0.5231225256011869
2019-03-01,1.1360886903107281,1.274954626257994,1.2527208606194287,1.4977513081163139
2019-03-04,1.4210485695527841,1.4042133198567617,1.0664059420291252,1.16355226662968
2019-03-05,-0.5140178049000169,-0.4688532814618093,-0.10788064200189282,0.3783230572429535
2019-03-06,-0.00866157078126221,0.18135800915308659,0.5450133257701687,1.2645597030826476
2019-03-07,-0.13977151262146523,-0.1190138674828997,-0.6578779585843954,-0.020582235182321693
2019-03-08,-0.821983583288139,-0.9111858625618857,-1.3229650547342753,-0.44658642478314653
2019-03-11,0.1638467198518731,0.17281239572414198,0.24139726479619328,0.6135434902785343
2019-03-12,1.4755698091505187,1.3375630272398655,0.8369151767897253,0.5689435677085151
2019-03-13,0.5950898667316761,0.47898203241295967,-0.025376747227615445,0.42698715547424937
2019-03-14,-0.10589198937958491,0.04733206835937239,0.3323152546350279,0.5645113720721893
2019-03-15,-0.7907727564105169,-0.6547264548583562,-0.3879714375694484,-0.19536840294010646
2019-03-18,0.6118923710885533,0.6976361745681187,0.3256855433103997,0.8123174210198404
2019-03-19,-0.5579729685032464,-0.5603738713635139,-0.8063968630276148,-0.12545419609028957
2019-03-20,-0.3715549077075761,-0.42123995333441355,-0.20729061008701488,0.3640924181924374
2019-03-21,-1.774073679409456,-1.9518286476251048,-1.7349990563999753,-1.1189475582822344
2019-03-22,0.4834802345913041,0.5366183408231444,-0.0490438952684309,-0.37298755718680104
2019-03-25,-2.09015899729592,-2.117927158006983,-2.2240572543641224,-1.405152747356326
2019-03-26,0.13199254704378435,0.12306136794019025,0.6235064002941381,-0.0534590443562849
2019-03-27,0.7994074881804657,0.7431913419182455,0.6459256779825227,0.880849756918612
2019-03-28,-0.012199111697992246,0.26774997908475257,0.5312485717690262,0.21299518885716603
2019-03-29,-0.16872208156198154,-0.15486577601539472,-0.12675930510891714,0.25092007138234707
2019-04-01,0.6356610551231133,0.7447978297501566,0.6031823262849246,-0.0803699459679623
2019-04-02,-0.25200902000178876,-0.16868278624299324,0.08401596797500221,-0.021602938083577407
2019-04-03,-0.23156750455021993,-0.19394027956685408,0.43196611445163796,0.14273293976183143
2019-04-04,0.3134295384151168,0.31057685665381424,0.4082996686686267,0.9578583019255614
2019-04-05,0.039800555522035486,0.12780421683859783,0.5812533046238744,0.24425538003925162
2019-04-08,0.2053842289074174,0.3092204246993242,0.3345636577052887,-0.08411774610244789
2019-04-09,-0.7173647794263706,-0.9078005883007518,-1.0021063744188434,-0.7053381368522297
2019-04-10,-0.7673213875074376,-0.7441342729642025,-0.9391050883260709,-0.19355769759270178
2019-04-11,0.31857306331309276,0.43437078915914723,0.19012744262159673,0.49390475245070803
2019-04-12,-0.3286498145770209,-0.25010434045889485,0.13986295712392816,0.3457107435459087
2019-04-16,-0.5997120497532159,-0.6527535667430937,-0.5676571665853477,-0.3945153297649361
2019-04-17,-0.23683064153479064,-0.597974676800987,-1.040524902344543,-0.9558803947417394
2019-04-18,-0.980333264770401,-0.9294276926729979,-1.3142699119207741,-0.6718112843653138
2019-04-19,0.3982844915874087,0.3523143204915491,0.6015810879588337,0.3213921693541271
2019-04-22,-0.2604123717559042,-0.3289438279689011,-0.898063665465877,-1.045276108638734
2019-04-23,0.006831689935014534,0.015187891774567011,0.16996733509024634,0.16807750135504548
2019-04-24,1.1726621979079204,1.0782652543875535,0.6606371865927099,0.6731255290401742
2019-04-25,-0.3381618507394917,-0.289338658407133,-0.39031535975933707,-0.19601206546798608
2019-04-26,0.5517410686188299,0.580147241404298,0.49455122837651033,0.04601264217958086
2019-05-02,0.37211013448522046,0.16924861128696625,-0.4165713145122941,-0.2788218559883124
2019-05-03,0.17325312137382404,-0.03681885166777126,-0.30508341545528045,-0.4757886548402197
2019-05-06,-1.8735541432929441,-1.7049791215184111,-1.761268524929668,-0.8119820491846899
2019-05-07,-0.2027543381198783,-0.12298755862136135,0.22277664098170707,0.131490842237768
2019-05-08,-0.4846277630045939,-0.5523772080987673,-0.5195361010365204,-0.01842287881113818
2019-05-09,-0.14676545391347742,-0.1686709018026045,-0.008401772778998718,-0.48389276421437805
2019-05-10,0.5663792708480088,0.5497850620227049,0.7825289963048974,0.3376175317804478
2019-05-13,0.36330751940913647,0.5747983257818642,0.8054013437848336,0.13153448529703973
2019-05-14,0.3438671954056674,0.33329479635653064,0.226128803861729,0.05526660134408572
2019-05-15,1.1881506300317233,1.1463598010248321,1.170959159116824,0.62056882486476
2019-05-16,-0.14452569526848025,0.054043178364232225,0.0866096455764212,-0.33489813250613093
2019-05-17,-0.1570863063280905,-0.2048284990366369,-0.256990902010097,0.23601211803893984
2019-05-20,1.1755056964894715,0.9618049095943673,0.6331261033670034,0.29392953441970315
2019-05-21,0.03328857899605477,-0.1347139815343489,-0.24686980764788927,0.21532462106884875
2019-05-22,-0.4113356401714622,-0.3536302244975694,-0.16797572883305617,-0.010937528494051394
2019-05-23,-0.2889449947259336,-0.18015645202472563,0.4016539283540563,0.06196351640731121
2019-05-24,-1.1902025807740737,-1.1354242324155015,-0.5954306970288054,-0.45163291267931577
2019-05-27,0.5322280390845844,0.4577993102517153,0.055111602386937464,-0.11353302527581405
2019-05-28,-0.442949886523715,-0.41134439971301273,0.3788346214698,0.16110531470502418
2019-05-29,-0.19787544830147794,-0.03716220182359823,-0.14240379979927295,0.2095364166011578
2019-05-30,-0.016978985716182986,-0.14297091292339514,-0.2741891991212046,-0.027993987561176756
2019-05-31,-0.8047052504962007,-0.8750515848770339,-1.2830368562231138,-0.8704956366103876
2019-06-03,-1.4031729269447029,-1.4026403483509036,-1.601818409331085,-1.5206454667401479
2019-06-04,0.0312422258577077,0.07731974477142486,-0.10195662996868238,0.37208766446100416
2019-06-05,-0.0763871243828219,0.06775430409860546,0.3275731043725744,0.6462978122492471
2019-06-06,-0.2759422040801453,-0.2415100900844513,-0.0775966064206907,-0.29291645639944724
2019-06-07,0.9532850504812108,0.9896904908561476,1.0860996605247757,0.8393726290896779
2019-06-10,0.33638561038709947,0.35319917101188714,0.44934124017151494,0.4298922093623504
2019-06-11,-0.18125506855222467,-0.10112294353404297,0.5942865216720311,-0.1761425252366071
2019-06-12,-0.632370378333646,-0.6645405443839322,-0.4879414270123743,-0.2660244423284184
2019-06-13,-0.6654711243479186,-0.54507049253824,-0.1518085645120605,0.11900162731287328
2019-06-14,0.22889287470747305,0.16418997370831379,-0.024806970885996798,-0.022072077685230337
2019-06-17,-1.010133163405121,-0.9699999602758951,-0.6492317093950595,-0.34643343698214796
2019-06-18,-0.5666736695284247,-0.5368138741115497,-0.5833293350217678,-0.09480249166413705
2019-06-19,0.7248153622707801,0.710719661027716,0.5770862284499145,0.20549680221074212
2019-06-20,1.1926165103585553,0.9600150054365927,0.6813152771045364,0.33870050050487865
2019-06-21,0.22413244744883656,0.06406986206855614,-0.1975906999384268,-0.09315096030726595
2019-06-24,0.2777347403481128,0.25113735716404556,-0.10360655305718075,-0.025754389119480522
2019-06-25,-0.05064923213536181,-0.02839900622565349,0.14915945214804952,-0.31695358229489096
2019-06-26,-0.1947779398839153,-0.16108021959779423,-0.3203452927935939,0.15000248718307696
2019-06-27,-1.4408634025032634,-1.2836595426963107,-0.670961655326405,-0.5494654701328354
2019-06-28,1.143933575144158,0.9940107172103055,0.7716336754528569,0.1728032818270145
2019-07-01,1.3812342543139189,1.2487388553899974,0.4667465123555937,0.8302166199875023
2019-07-02,-0.38189369410696905,-0.33870032731936944,-0.3071245957546791,-0.15544773906028791
2019-07-03,-0.3833577148318927,-0.20754969183529223,-0.045580268676793614,0.2740129913332931
2019-07-04,1.1593338561015525,1.098873453150897,0.6897647255726455,0.1867300219765534
2019-07-05,0.05795619355951836,0.18896982107123295,0.10696178164926382,0.23505208150040574
2019-07-08,-1.06331127749726,-0.947263960738842,-0.08123936751032375,-0.23383277004556424
2019-07-09,0.14800964190837784,0.2056707056713712,0.16035857962350683,0.4367748918429946
2019-07-10,0.4472847252792857,0.3363869156534133,0.009243615492717485,0.16981433674546523
2019-07-11,0.3395589001138329,0.24892350571080335,0.18879352218074186,0.1719461820520009
2019-07-12,-0.4686199136253729,-0.4304553324069032,-0.18468552287853,-0.1331719325143589
2019-07-15,-0.14639449060456294,-0.24764834872397368,-0.09555466093642377,0.1972733358691619
2019-07-16,0.8206951262819278,0.7096131604932068,-0.3655934660864017,-0.3136412169232564
2019-07-17,-0.13176878759583105,0.026833579468830488,0.5750778416407117,-0.03881940533749269
2019-07-18,-1.0213963214083581,-0.76582964050075,-0.13344421446669513,-0.18581383890266032
2019-07-19,1.139541904124185,0.9429837992547765,0.06263830691175078,0.0376764569141888
2019-07-22,-0.1329235998738462,-0.2553416142347367,-0.528004437924714,-0.7709329586541387
2019-07-23,0.9774496899403872,0.8856506709610024,0.030954321986385702,-0.13846938424672492
2019-07-24,-0.09799229235694087,0.017355587096295685,-0.18173562475820507,-0.23571597330912752
2019-07-25,0.3397460799777504,0.3971970536572959,0.14252519840996736,0.4145871725141862
2019-07-26,-0.28904842281349935,-0.31855614939740445,-0.3743037881618132,0.020806687589201713
2019-07-29,0.0788119699875729,0.046230482891726696,-0.325810923752364,-0.34079519094413546
2019-07-30,-1.2024192966801701,-1.2475963068339708,-0.6820270256069306,-0.7098258943539594
2019-07-31,0.598487968429799,0.6495763290869359,0.15788458886460197,-0.11755753938568292
2019-08-01,0.47442170109853354,0.6661709521136969,0.5480436313962589,0.30906575554573407
2019-08-02,-0.23692950587503778,-0.31457477425017294,-0.24239409732420875,0.7672860602784752
2019-08-05,-1.4678703317240982,-1.5584731016698203,-0.223146879386285,0.10161669346913896
2019-08-06,-0.7201558860281226,-0.677624541230456,-0.8165278661956545,-0.27938797935166176
2019-08-07,0.24677134294052128,0.12429935248218928,-0.026315097122983844,0.11773219740829224
2019-08-08,0.8646446235023855,0.9759850489465884,0.8825035526938826,0.7667644369786517
2019-08-09,0.3203322335856029,0.20949278826035872,0.6790897419289362,-0.11926785563349379
2019-08-12,0.41002982170459684,0.22422057741420592,-0.14001609879438645,-0.1889288300492871
2019-08-13,-0.48403685005694214,-0.6800478010893573,-0.5870858349783745,-0.4573421033877273
2019-08-14,0.28888605687493374,0.22290013921523233,-0.02923610261813322,0.11881650374706099
2019-08-15,1.1596198347198494,1.0363874320420523,-0.10239372322594811,0.1419047274643296
2019-08-16,0.18618011008236188,0.2987738606898193,0.7425841146231781,0.09286299710605757
2019-08-19,-0.07398191143506595,0.03352736847345824,0.017638239749398,0.3900588814129614
2019-08-20,0.2989538848366207,0.4026053623901909,0.5266737130152396,0.8033436918668553
2019-08-21,0.6785579159053734,0.5373517419252037,0.002063983488196601,0.03378541467534615
2019-08-22,0.08324870196573189,0.24703795902139683,0.036112816831025796,0.26746681647958037
2019-08-23,-0.08435915297542959,-0.2596349414881715,-0.2882337617144788,-0.015642767357763283
2019-08-26,-0.8979374447057304,-0.8002894303515349,-0.48328311105217864,0.021658564843762843
2019-08-27,-0.6260592891959089,-0.5185376851316428,0.19525373602080995,-0.2976138882139407
2019-08-28,-0.09362715645679878,-0.07197418527139239,-0.02905619280547452,-0.4074901498988863
2019-08-29,0.34362165615263696,0.3998452307149989,0.5413391405879437,-0.17705558833482496
2019-08-30,0.37942615286935216,0.41092469578751156,0.47269238971859523,-0.1372517083452001
2019-09-03,-0.3974228910091533,-0.5509783094345791,-1.4644429143818087,-1.1466417422302053
2019-09-04,-0.20832285177651913,-0.13097123403031083,-0.06152979957075751,-0.18705395559885452
2019-09-05,-0.11504495917036268,-0.15669527142817102,-0.09706458687717731,-0.1565572524083671
2019-09-06,-0.016929544917831687,-0.039502730849469564,0.03236533179227553,-0.18275445611095215
2019-09-09,-0.03838424938184751,-0.009297028443977718,-0.24037970647520454,-0.6995203837961589
2019-09-10,-0.2906173419068772,-0.3690921854676202,-0.33540547338401633,-0.9893826133079884
2019-09-11,0.28045433861773594,0.15269224993983185,0.5141776388185516,0.5890553322242973
2019-09-12,0.9888609884701863,0.8108293609198313,0.7087983795438728,0.6712897358787716
2019-09-13,1.1926537830491593,0.9783542717526532,0.6007700871951788,0.23432425562392345
2019-09-16,0.39147625327410235,0.37454510344846753,0.5377269116890819,0.19917737695369359
2019-09-17,0.41516166342446614,0.4855013203334538,0.5430099702460822,0.06795115191565737
2019-09-18,0.12049118038434488,0.06009717780843395,-0.06018903619111322,-0.168108815857405
2019-09-19,0.5894055352595267,0.3858016381975027,0.09383829902894236,0.250823338205692
2019-09-20,-0.40566237393071647,-0.5241926943607597,-0.5541029961888047,-0.07406950526899658
2019-09-23,-0.5676292129281784,-0.464212186316894,-0.5087500374205634,-0.9779058086792355
2019-09-24,0.0856794542566563,0.23351322555967602,0.3959179401078449,0.012470071843777669
2019-09-25,0.1820994590458685,0.10916535084564967,0.13128341663439025,0.4205764853604085
2019-09-26,0.6205906769231609,0.4716775945199979,0.5295344712047743,-0.07328692156526957
2019-09-27,0.730361968867815,0.5808625480204093,0.15485398939898193,-0.4158942103966513
2019-09-30,-0.2099886035625168,-0.14630745176322985,0.09055990036628872,-0.04368202055117645
2019-10-01,0.3698901037564011,0.2530892280799832,0.38675343221492153,0.4906365690097763
2019-10-02,-0.7128803131227215,-0.7023506226187062,-0.3206659605021257,-0.6543017042729633
2019-10-03,0.21396422905744866,0.2598695336323714,0.14219407821588148,0.679143030430693
2019-10-04,-0.7120877622939389,-0.5238190720320705,-0.302913484582058,0.29266256829534254
2019-10-07,-0.8405347237673343,-0.729759891503507,-0.6352275286936198,-0.4268790995599402
2019-10-08,0.8525537575607613,0.5560570839103686,0.16378846291612179,0.08949770016519583
2019-10-09,-0.07978970917515545,-0.07616103310572983,0.008182385374454313,-0.16414035195197943
2019-10-10,-0.1630563014818772,-0.10467392754753332,0.021475576727330546,-0.48403891958389755
2019-10-11,0.3967803733225614,0.34886597238415,0.08789951403549857,0.23357930141278474
2019-10-14,0.5689157567916651,0.34426170685780955,0.10517341818111439,0.00748549685334612
2019-10-15,0.14741111937845536,0.05763851768648311,0.10098486595361583,0.013721955774464003
2019-10-16,0.1482756466497763,0.10389142023505375,-0.21024492083331864,-0.057395255237678175
2019-10-17,-0.6009542205403945,-0.3912837045774382,0.23267215982837255,-0.24992827575433343
2019-10-18,0.0032640094006278313,0.04871113825494443,-0.14892946965373158,0.03002439504633507
2019-10-21,-0.5596999003920148,-0.4324318792783154,-0.38456865298664583,-0.20158646556622256
2019-10-22,0.3069681951201756,0.1136802978074875,-0.23597257253675455,0.17781789625962227
2019-10-23,0.30494137177211245,0.17368111753049084,-0.2797837616822623,-0.1765645513955109
2019-10-24,0.6114304143192503,0.5497005200544742,0.6785602836159569,-0.11788313379175341
2019-10-25,0.19435302775969865,0.12061979739595621,-0.2745650179408951,-0.11550969933486754
2019-10-28,-0.1165664830697639,-0.04169319503510719,0.19882759798992575,0.21960517556512713
2019-10-29,-0.21622331310297369,-0.12067012848978066,-0.38366104384411276,-0.42584526677744566
2019-10-30,0.11898067427065541,0.2704592691929223,0.5299668490201412,-0.09697916967555543
2019-10-31,-0.2586931492751736,-0.41952425297917784,-0.99045297509893,-0.6206214739275111
2019-11-01,1.1712044579254934,1.3994246975510947,0.14445203609662197,-0.3009506973013976
2019-11-04,0.7151273939100966,0.4558703885386857,0.11850112932327642,-0.13489611228698167
2019-11-05,0.22203462874346608,0.27695325009760347,0.3351636801923079,0.35466664860457575
2019-11-06,0.004244662337753708,0.12272178524916826,0.2071158332922069,0.1964948497721919
2019-11-07,0.19823713313084956,0.05081357052566777,-0.1250384502359138,-0.015198723336500304
2019-11-08,0.0476455182522376,-0.06407353209122041,-0.08310377677066544,0.045589241728737406
2019-11-11,-0.5285458224242066,-0.45632846171300473,-0.33001803412164843,-0.13429453057852989
2019-11-12,0.010640901507218187,-0.024425718182031115,0.11835599774040323,0.4010810511020561
2019-11-13,-0.7711983191698316,-0.6494650557470408,-0.219326560008284,-0.16681625018695395
2019-11-14,-0.44706260248569857,-0.3190330973973546,-0.1052001994750439,-0.31670451362073915
2019-11-15,-0.11639186571006196,-0.18741623661805928,-0.29452971495319125,-0.28716665223439736
2019-11-18,-0.6936093727150887,-0.6344290871754671,-0.35873920006126125,-0.06109746508300777
2019-11-19,0.5544079776472453,0.4995415292079307,0.4208175863614573,0.06364238288229322
2019-11-20,-0.9842353485119557,-0.6794455158160825,0.30981518502517535,0.07886034496708696
2019-11-21,-2.068131202699869,-1.532618910566483,-0.299472532953128,0.22859765355446965
2019-11-22,-0.6612554392994656,-0.758405796067087,-1.257197476045619,-1.3331998410450696
2019-11-25,0.27866237795030135,0.034756013140081414,-0.6472242480750082,-0.1170546109742036
2019-11-26,0.30128907464593985,0.2325542083458453,0.1264116129907998,0.526310248167141
2019-11-27,-0.2722365228453862,-0.16307840050035763,0.2334410465044003,0.2659508024528274
2019-11-28,-1.051246231844274,-0.8672657767670857,-0.4990902508179718,-0.1866029861136136
2019-11-29,0.19964251458041074,0.2530510309156952,0.31827358324475236,0.41873114340367795
2019-12-02,-1.4036552419555954,-1.2375061247263792,-0.8952176005194675,-0.8366536797677848
2019-12-03,-0.7363347448735109,-0.5889535337040793,-0.27961042887623067,-0.11697185654345628
2019-12-04,1.6984383075575367,1.3325911348739905,0.6304080309890241,0.5796597273806633
2019-12-05,-0.4810319676709392,-0.32121197110002414,-0.18425377161720477,0.11374166535040281
2019-12-06,0.1261543000099792,0.09037188054544326,0.16732506260243696,0.23983886168301716
2019-12-09,-0.05567011624315492,0.07153537494654803,0.03385455270269593,0.4703498151939752
2019-12-10,-0.7734908223422884,-0.6515677086543961,-0.568581143527522,-0.3646462719247319
2019-12-11,0.5835248339550163,0.3721723353184527,-0.18953718152734433,0.4432456852079043
2019-12-12,0.7407567322358327,0.6152783759417302,0.6893392565748535,0.2859856425607739
2019-12-13,-0.48149185269761496,-0.5682665633581906,-0.33186164378587274,0.08841398527268385
2019-12-16,-0.4438887324956835,-0.3625623446363019,0.1284221763094799,0.5439175375782038
2019-12-17,-1.0561479752210805,-0.9360036108955715,-0.6864759792491675,-0.043957424802758584
2019-12-18,-0.49462714966614335,-0.5502750332922912,-0.7320935859120764,-0.3662247122650341
2019-12-19,-0.10780172483488373,-0.09819772060264981,-0.5058332479647205,-0.12994797602173294
2019-12-20,0.709583469645241,0.5186374121100288,-0.24466565560482853,0.6982170436204207
2019-12-23,-0.01957882498753189,-0.07989078044177703,0.13323297699271522,-0.16687686982319558
2019-12-24,0.19331682352935423,0.13946920528239226,0.03355105473780038,0.10919155415213462
2019-12-25,0.3786449052503041,0.29498546464211184,0.4329875842781608,0.026338728744197182
2019-12-26,-0.12720242368361645,-0.09030633470969147,-0.02047336583896268,-0.6125997962254554
2019-12-27,0.493009091461392,0.3773186407986552,0.17980678312104148,-0.4818920706749717
2019-12-30,0.44516118075532735,0.31689001592688953,-0.008606129721210212,-0.8646045698093621
2019-12-31,-0.13982438973442854,-0.17487479643254858,-0.07102884500085638,-0.17023459360570706
2020-01-02,0.8856530930217981,0.6929740643026475,0.2483805475754073,0.0909131713844464
2020-01-03,-0.4067434540613001,-0.24693983691835433,-0.08702425947400763,-0.37314193821312613
2020-01-06,-1.2462994959492297,-1.1164569673706866,-0.1635094651141573,-1.4505854085411327
2020-01-07,0.49856024231507573,0.39212008702064777,-0.012920035763407724,-0.29631971973460797
2020-01-08,-1.3227280825349619,-1.3419334383609482,-1.5998431004518587,-1.7048002422042654
2020-01-09,1.4435629980048184,1.2185220474914313,0.7455806766583899,0.3888705769073986
2020-01-10,0.8801835328130093,0.6603730595150267,0.1779417818837335,-0.4993038724564488
2020-01-13,-0.42211106578436497,-0.3083414042953144,-0.25181548294782774,-0.6638330207291825
2020-01-14,0.33737918062748806,0.37319645553415337,0.9389029372454853,-0.19316419592060294
2020-01-15,0.06666177307300873,0.07894845783033737,0.4575929613935375,-0.06044041095435221
2020-01-16,0.742694656867249,0.49934601446527777,0.17774546396293645,0.009404241319774053
2020-01-17,0.3223642818501383,0.15341467708971349,-0.2474307572901449,-0.34585114443128023
2020-01-20,0.28567621981791935,0.10526316761434663,-0.36207204706035073,-0.14029599354984748
2020-01-21,1.0111399288846812,0.9563105129595991,0.6779468807281406,0.4377730440520545
2020-01-22,0.28310063465825713,0.4505448808016428,0.7742111566561292,1.1957470176569156
2020-01-30,-3.7283508806770524,-3.171114511033025,-2.131481329144619,-1.0788829897419059
2020-01-31,-3.153730588215779,-2.8884661002697083,-2.892602387988783,-1.9534704163280463
2020-02-03,-0.70478622013669,-1.0464080905351183,-2.242544880819956,-2.7718830274620143
2020-02-04,0.33764004140746995,-0.017326947159027974,-0.5146750615763154,-0.8267605054081875
2020-02-05,-0.024839871670101644,0.09278791206304426,0.353694989478213,0.48416646812389785
2020-02-06,2.0549029141952375,1.9058694335657989,1.9305575199235165,1.727729361006011
2020-02-07,0.0729863617420398,0.23872577880742107,0.23955861049636115,0.21907636221446752
2020-02-10,-1.2375184149177023,-1.0561507658710587,-0.38985530646470506,-0.5959551155512979
2020-02-11,0.41187472662186353,0.34069502923980377,0.5295193533904669,0.8145525821968239
2020-02-12,0.795528788142381,0.7166660899939483,1.1633330216070603,1.3657382982882078
2020-02-13,0.10767691023521012,0.11975252578737754,0.10919861443250149,0.8443794738155574
2020-02-14,0.1965295831460405,0.1413410722323654,0.1233942381630456,0.2268462604719248
2020-02-17,0.0473405584635229,-0.1401321820539679,-0.3695353029576002,0.15767878579414735
2020-02-18,-0.5277851115366745,-0.5953300679098901,0.1402532518522192,0.39110061880796976
2020-02-19,0.24687793246669795,0.23443251977400847,0.015448957777816614,0.9465330228277476
2020-02-20,0.8713547213364863,0.9887503966387134,0.582007859006846,0.6185982756119477
2020-02-21,-0.28845787086434627,-0.27427598755158983,-0.37257908190991595,-0.7568814590134677
2020-02-24,-3.6914681389655377,-3.5259119701260113,-3.643044981312587,-3.5731146423929507
2020-02-25,1.444025613590775,1.0229760221184447,0.44892174839044724,0.20250311707872698
2020-02-26,-0.934221522091833,-1.0941286349855528,-1.1272555629794911,-0.9013179804715375
2020-02-27,0.7881604331771892,0.6931379986708109,0.40274286387674724,1.1583327662878866
2020-02-28,-1.94851163529975,-1.7564502798365502,-1.5823973314102482,-1.5172447313402166
2020-03-02,0.41382099249404736,0.3515030674770994,0.36115585779091414,0.2783384999241883
2020-03-03,0.30715748329107095,0.4604978243016652,1.1330292545173044,1.2238059863515522
2020-03-04,0.0,0.10010010845850262,0.5828188280001092,0.5722123758203658
2020-03-05,0.13475564166906767,0.12248623561393165,0.00911525096057265,0.13640892046837988
2020-03-06,-0.37609963799988955,-0.28770518825998925,-0.044444698422202014,0.3456444123754747
2020-03-09,-6.565162051581759,-6.504306623071408,-6.009686300918452,-5.244292249469574
2020-03-10,0.8471393102407127,0.7896442375762928,0.0048417357632155175,0.1273311425104402
2020-03-11,-4.051805469799972,-3.2309351837266784,-2.5883754680264355,-2.1650747424196997
2020-03-12,-5.274105776303975,-5.087735803639469,-5.127629677963646,-3.970064362226485
2020-03-13,-0.3565811029675038,-0.6420474957795597,-1.9887356703454155,-1.3298943410863988
2020-03-16,-2.6110627195934932,-1.9497735580417885,-0.7927197377156201,0.20930168618324396
2020-03-17,0.2217597177511881,-0.007396613833558374,1.6387361126190259,1.0719330733277996
2020-03-18,0.13139292654251353,0.20542233321223874,0.5210371830029277,1.5859097334137557
2020-03-19,-3.0577661214870444,-2.7282514019410815,-1.8724900705592837,-2.1410854139348037
2020-03-20,-0.8645906434742031,-1.4394894120849278,-0.9143798095460965,-1.119684408746231
2020-03-23,-6.25356793202511,-6.213414906661841,-5.440323103350606,-5.588276951440133
2020-03-24,-1.180981547346419,-1.4185570901349003,-0.4595931891975403,-0.20793261963582105
2020-03-25,4.208049588110428,4.13614197399046,2.5167116417350526,1.7497704863135497
2020-03-26,-0.86374006014561,-0.3704772529726108,-1.9457598664195337,-1.5990989871245944
2020-03-27,-0.6936013469034044,-0.4361077939669824,-1.0586207822769942,-1.5735368953219377
2020-03-30,-4.654893315212584,-4.59677217270674,-3.5551341347153826,-3.9539955487525718
2020-03-31,-0.3693478516076331,-0.48571620435175705,-1.6360714436522137,-1.0920708123649476
2020-04-01,2.9093254365338788,2.5619960133929096,1.6913435856597343,2.314249994805207
2020-04-03,3.1866477125612698,3.0285673437032963,1.8847548165885404,2.4804700337277312
2020-04-06,5.03184683244983,4.811163037035103,4.100370559428644,2.9623038589906363
2020-04-07,1.592755976335843,1.6590743627718538,1.067568536542737,0.19074103804438008
2020-04-08,-0.3524029123978904,-0.0014985426672980747,0.7210936353050419,0.6615345596219463
2020-04-09,0.9618366184513052,1.05390446965881,1.2727307232736438,1.2625705737756048
2020-04-10,-0.3028152630745243,-0.4101045866674113,-0.30332450260369725,0.28631785000751964
2020-04-13,1.516315220784266,1.2841172960301057,0.6587630121901805,0.9276504370292182
2020-04-14,1.0477640952654714,0.7891753195802527,0.12906119970739313,0.4777526651540671
2020-04-15,1.2515738233667906,1.2550525598571907,2.204796804260212,1.7615683966086766
2020-04-16,0.5202272025070123,0.530025156528106,0.9937444677155179,0.5646370050088101
2020-04-17,1.150845721511655,1.225908610348947,2.0446990429975425,1.863407954489301
2020-04-20,0.1807937744800803,0.3094337292984355,0.9641471150901137,0.4902080159025662
2020-04-21,-4.1115731888901195,-3.8849471198000014,-3.95346460329268,-2.9106014561878024
2020-04-22,1.0935530876978854,0.7961418420656906,1.2701891373820455,1.663240004914205
2020-04-23,0.42879855632827746,0.4587297188687429,0.4446311661622549,0.41601958369329
2020-04-24,1.048160773948265,0.9097590843569071,0.3503862388361955,0.6900390321433459
2020-04-27,-0.7461739738052271,-0.44735724317090336,0.6544907661048157,1.149888729159962
2020-04-28,-0.5461905733942414,-0.41027476578250405,0.35332536209179094,0.28211664831489963
2020-04-29,-0.05729978424784363,-0.008685959152497286,0.6645736179220809,0.24180973305525622
2020-05-04,-0.8394916921436523,-0.8607456672464946,-1.5996010251561947,-1.852588771158227
2020-05-05,0.23374366439483904,0.37748818719406274,0.7765722471548402,0.4775053885566279
2020-05-06,2.0780872379498634,2.070330209331113,1.2899437829500187,1.4657942990032642
2020-05-07,1.9155792024510159,1.595940210987536,0.922296045406699,0.7938572698705296
2020-05-08,2.689262342089322,2.183317185657356,0.251895646933604,0.24923575812037418
2020-05-11,2.209186431332759,2.0452943561593764,1.6678175942436468,1.0638321631463594
2020-05-12,0.6822376069008423,0.9925307873286502,2.3655636843734733,1.1885668756051313
2020-05-13,0.15835113835407,0.11440279007055822,1.1949582248191273,1.3408870156324424
2020-05-14,-0.37841545521316017,-0.21827676566464824,0.3634526001709922,0.4610646065535926
2020-05-15,-0.8722107420703534,-0.7704280791322304,-1.0979526881119495,-0.9958252392131377
2020-05-18,1.7063992528990046,1.2741405268527872,0.4475729976734194,0.46213391680362276
2020-05-19,1.517759095191402,1.331395223933754,1.0741267413598823,0.20796266959794857
2020-05-20,0.5004284667686655,0.6935419153587059,0.07577641584963118,0.5561594936793735
2020-05-21,1.5109592091561947,1.135473068774235,-0.06393256516304373,-0.020800255224784094
2020-05-22,-1.5333687308066903,-1.3253276140394934,-0.5712842079915373,-0.1860078270897487
2020-05-25,0.5104364686412285,0.8231245960951274,1.7907684513665292,1.1424906516668059
2020-05-26,0.9566973465853313,0.9712181787985716,1.844294379672565,1.0208702433731727
2020-05-27,-1.68900988007291,-1.6421703875727376,-1.7004927309859146,-0.6000536231335747
2020-05-28,0.3363608956683202,0.3425149630840005,0.10625690647872046,0.221347852302393
2020-05-29,0.2695168340561115,0.4355278119570535,0.6572121899730504,0.8602291259341954
2020-06-01,1.8726356646147597,1.7778757299324637,1.6055549032248448,2.009390867366022
2020-06-02,-0.3377701864498144,-0.5118413927912951,-0.8639808072200109,-1.2316593405586984
2020-06-03,0.6804693357672219,0.7332917930052459,1.209085620710637,0.7290855891754991
2020-06-04,-0.06310450071673154,0.12001087854530637,0.7329442777248031,1.254362617196082
2020-06-05,0.32722542287428596,0.552713663062618,1.7055023957015045,1.6941151709323519
2020-06-08,1.4474814134031482,1.5399487014802375,1.9602007637521852,1.9531320202169842
2020-06-09,-0.1790468029079489,-0.09648331463562781,-0.07510490548584235,0.4015128602620377
2020-06-10,0.2493841269095932,0.324950400533884,1.02481668232077,1.5714582222579752
2020-06-11,-3.9179241500699153,-3.737554910998194,-4.2841283636486045,-3.0948216939803523
2020-06-12,0.11024198610665123,-0.16404161107232273,0.1989200536798121,-0.5921442563453998
2020-06-15,-3.6626280279567993,-3.6201866520124986,-3.0504696246706273,-1.8753522519827968
2020-06-16,2.5496934368062725,2.7829844410670064,2.0405480965417815,1.7422815950929034
2020-06-17,-0.29963977911898526,-0.29273873914412873,-0.41139694130553645,-0.3665356165214658
2020-06-18,0.08158091710128497,0.06094991273140607,0.10926475022880987,0.25658650541091965
2020-06-19,1.3953482980911975,1.7299201468920604,2.2073368606317563,1.8351021183255611
2020-06-22,0.20886767982640936,0.34343750764581693,0.8752063842421113,0.08510044270454369
2020-06-23,-0.2917941214029174,-0.3306965441569406,0.25887486573219953,0.1839250104659542
2020-06-24,-0.7444588610378075,-0.8559691452563344,-1.5064215127009106,-1.3858272473070758
2020-06-25,-0.6394995920052301,-0.564405394978964,-0.14082462957892558,0.04496374071295981
2020-06-26,-0.12311250016075294,-0.33525152588848794,-0.3877320320820574,-1.3682014568015712
2020-06-29,-2.639072119140986,-2.7019436520927,-2.781293202866134,-3.1332118429364106
2020-06-30,-0.553924824788641,-0.4807059597201181,-0.6950827906285708,-1.4030333314214394
2020-07-01,2.0920915854077125,2.0849265754562256,1.6955908120834295,2.31248310056617
2020-07-02,-0.1564477777269392,-0.20470836217249105,0.1370614249655399,-0.08790858074316645
2020-07-03,0.5433347123055503,0.5554114356414598,0.4214273239437593,0.5276215500186511
2020-07-06,1.7059026777470458,1.5644051510225965,0.6604497603173726,0.532763493517117
2020-07-07,0.27592396043591944,0.10154438297428767,-0.4118444887606954,0.01713875141799808
2020-07-08,-0.07698325373676848,-0.0012847277983166375,0.5303312574962549,0.15016797921742117
2020-07-09,1.4820200480354258,1.350095794868521,1.5887557271432935,1.480327795962995
2020-07-10,-0.9913370651101838,-0.7263785046551727,0.1685779961369128,-0.21812241675430777
2020-07-13,-0.3529000251099957,-0.3017673568416773,0.05096106020664548,-0.3606845189667584
2020-07-14,-0.09928392292034595,0.09344060481851857,0.49716717698741386,0.20328918361753462
2020-07-15,0.592995987255902,0.42259068462266364,-0.07496913386936793,0.5219638686194141
2020-07-16,1.1865242667943525,1.0102696506813926,0.0033086471496288493,-0.11791766567663664
2020-07-17,-0.6940094808296977,-0.6173718135248362,-0.055158416366256444,0.5649988202359035
2020-07-20,-1.3353974597280733,-1.2925654125353057,-1.1196486190673443,-0.6713735286554815
2020-07-21,0.16666048656918503,0.11819876753523263,0.036817824705625925,0.18543378002925665
2020-07-22,-0.8548927295650957,-0.7811532670460849,-0.5649132138910412,-0.5690618066802893
2020-07-23,0.3053552124239901,0.22104312876155396,-0.6121319890448855,-0.7021334651317215
2020-07-24,-3.5614034825427243,-3.481651169108181,-3.7173103269625027,-3.964015213486558
2020-07-27,-5.641148802155047,-5.521618966627347,-5.342573810802947,-5.086874508766043
2020-07-28,3.5317579491744975,3.528520502306377,3.6377353410054636,3.467021439840067
2020-07-29,-2.817805602817004,-2.7740761389881814,-2.4730743962485926,-2.735696577756206
2020-07-30,1.466424689858981,1.4505718257766043,0.7616998559804564,0.5446504885329327
2020-07-31,-0.7116223069190097,-0.5515764361749427,-0.9585418896701013,-0.7387671050605671
2020-08-03,2.2862485587265926,2.170606543773797,2.451618706946974,2.6825393307046785
2020-08-04,1.3577478445712117,1.3869136091622114,1.7660398627944984,1.4443974445639527
2020-08-05,1.6127611602107985,1.3573573167082975,1.4096882866699862,1.317000193467156
2020-08-06,0.11393386668140343,0.17977295293838966,-0.14471196167347214,0.33228904575421875
2020-08-07,0.0703437279206291,0.17681370557945084,0.41966592417271054,0.792482320755186
2020-08-10,0.2745062210841565,0.39078225819105833,0.8581081344825827,1.10432202640441
2020-08-11,0.03441967819714352,-0.011819477198889915,0.2102425418499989,-0.0635332445825836
2020-08-12,0.4895145789801888,0.35397802968948083,0.12091761965169409,-0.4299084442609714
2020-08-13,0.8424373003616847,0.8340875401161041,0.7778958922020147,1.4416281566612767
2020-08-14,-0.3919176823688043,-0.39532425117677317,-0.7117952572805629,-0.4045132320116742
2020-08-17,-0.055572397105663904,0.0573148031164808,0.5023023232373296,0.2746694852869326
2020-08-18,-0.581570100165636,-0.4123555749667685,0.5031755840459321,0.4099413094989515
2020-08-19,0.31211169998993477,0.407146495540153,0.8803802946342264,0.7643017577545089
2020-08-20,-0.4189099250851175,-0.3208810016140963,-0.10290943759916017,-0.003891328175664655
2020-08-21,0.9482824224004696,0.9259204999026112,1.458760779249089,1.277268503361757
2020-08-24,2.0071902391960417,1.7731142967434979,1.0630870110161954,1.2067663441325553
2020-08-25,0.675748938820921,0.6249901494850867,0.35512793591871056,0.3713110013841605
2020-08-26,-0.3465356085923722,-0.11253928998245503,0.5400728884785978,0.5819706586778028
2020-08-27,0.2692221847269223,0.29561899339484315,0.690888126920832,0.9455214638759252
2020-08-28,0.9019419766988899,0.5698164462758141,-0.38527398847848815,0.2752363561541717
2020-08-31,0.24303415654145766,0.010033864300409595,-0.8369880653539863,-1.1117796361948478
2020-09-01,0.9782923018871617,1.137311173964061,1.541836798460155,0.8067425720533292
2020-09-03,1.3857365453960384,1.2433848211640277,0.6935358507208664,0.15759466695396404
2020-09-04,-0.36813208813362736,-0.25137194806523694,-0.013823684246528934,-0.4610737123253078
2020-09-07,-1.9437214732769794,-1.569028426850814,-0.480762469337158,-0.626029022451918
2020-09-08,0.3886368115211703,0.32249456736897947,0.7865633638402003,0.6434666828603066
2020-09-09,-0.38135870285579376,-0.10696784522026363,0.6730687962340666,0.7877426435505992
2020-09-10,0.17330501771380297,0.23368853007019702,0.5754263310300091,0.49058981380994077
2020-09-11,-0.035121502592464396,0.07942910749587885,0.4022972912853086,0.965493516387027
2020-09-14,0.8058916821465124,0.8105314034517912,0.8690605669889815,0.6687689158700725
2020-09-15,0.1308861417542573,0.20775077388266883,0.1663043131753609,0.1498888202489472
2020-09-16,0.1403020921707395,0.18280755705955226,0.43459523408708395,-0.025368599849744343
2020-09-17,-0.31926284664841137,-0.3228997458700584,-0.01233210356419744,0.03744662389969572
2020-09-18,1.1260653325689545,0.9862905908584175,0.9634734760418746,0.3736970173721053
2020-09-21,1.2145706963152143,1.0309057435520412,0.11088787727965654,-0.20596337279934965
2020-09-22,0.1384765456634128,-0.0012051895461944238,0.19502687800339275,-0.38415123346962254
2020-09-23,0.6522448343292766,0.5624474013952468,0.479850284479814,0.36124020653336075
2020-09-24,-0.5947981614323308,-0.5624474013952463,0.004039587962591667,-0.14844587168133352
2020-09-25,0.17565230053767553,0.0,-0.6585836949274952,-0.12931531166901536
2020-09-28,1.0011608517982133,0.7910873334093894,0.7837300517395569,0.6677378457089312
2020-09-29,-0.8269844922364205,-0.818810702578966,-1.1228152547740504,-0.6532268657086236
2020-09-30,0.27292784358527483,0.36701263166777204,0.866298687975516,0.7864809865915865
2020-10-01,1.0474454442576229,1.1334103572459435,1.5472449779291169,1.1403747453455564
2020-10-02,-0.7021063027602559,-0.5513658153455414,-0.055773560794835565,-0.5077450784576886
2020-10-05,0.7159369237771925,0.786230223933643,1.6363031333801914,1.6985722046932246
2020-10-06,0.4220652932988548,0.33473527461370917,0.42249451599571863,0.9297834701493045
2020-10-07,-0.05969395546386229,-0.001180839695119922,-0.48719976624105565,0.1369275078462524
2020-10-08,-0.11834524869327831,-0.25894038151292653,-0.6355474193884014,-0.36594544692298553
2020-10-09,0.5400305496705713,0.4712672085539382,0.3005683493069916,-0.04423645621717202
2020-10-12,0.04229949246519507,-0.1462212682255945,-0.7903070958318487,-1.1983065090180316
2020-10-13,0.39355533471731136,0.29222904199469574,-0.005950964057924613,-0.2099775458600334
2020-10-14,1.558913241804579,1.1197355709432313,0.11796136398899255,-0.23645703954333752
2020-10-15,0.7871199261988988,0.5233760924339568,-0.16855886198051737,-1.0614598209080466
2020-10-16,0.2654392131550942,0.12145820728642666,-0.04466612149001816,-0.4868874069704779
2020-10-19,0.2127306768677011,0.19518060396379863,0.37160949490148537,0.5048305273272262
2020-10-20,0.6596824805849928,0.5167137527245254,0.5563132060679915,0.36653037446703435
2020-10-21,-0.3734327617489501,-0.4636535627699569,-1.2471210985643781,-0.6864003033107469
2020-10-22,1.337445939146158,1.1591175664687159,0.38668616799847333,0.2791942332070382
2020-10-23,1.2982980155036457,1.292225663424948,0.1823859354768055,0.5560608094364362
2020-10-26,-1.1611820004199747,-1.0463127019379483,-1.4463803998341023,-0.7728779953736254
2020-10-27,-0.4468623581869925,-0.5770277496948119,-0.967215358655386,-1.0730104758258643
2020-10-28,-2.9464427912690017,-2.8996618980038797,-2.3080828990808815,-2.0165602254529387
2020-10-29,-0.24780926871967382,-0.03061488849478269,0.514661713737316,0.43195012118545295
2020-10-30,0.6598383905004537,0.7695865108379537,0.3320343746302492,0.23739394539823788
2020-11-02,0.750078859103592,0.7509509452116926,1.2928348954155364,1.0461573707329104
2020-11-03,0.3186395577116533,0.298808463877734,0.8963498088737991,0.6966389733667318
2020-11-04,0.3695471173211572,0.5317044907307086,1.4766207663911033,1.244234395733235
2020-11-05,-0.20341388459035123,-0.2072706659623687,-0.7590811962878431,-0.34998691920058184
2020-11-06,-0.08081703132851466,0.04840159589272768,0.44897260863748023,0.5370197640255265
2020-11-09,1.594250199092775,1.5989917167393088,1.906960696392846,1.4896644701614357
2020-11-10,-0.10033153869043537,-0.1372917437819956,-0.04298302236819506,-0.10558795870527718
2020-11-11,0.019638006150897353,0.05675497893498054,0.3170533305197558,0.4637553691621903
2020-11-12,0.6870787161583487,0.7157465864734467,0.9876168801142446,0.37667902659800484
2020-11-13,0.8844842474321343,0.8168806645487988,0.6709176718448484,0.7040608104460174
2020-11-16,-1.6490463931074877,-1.5553253773893887,-0.8253459320153516,0.026580530495853485
2020-11-17,2.0188514612242083,1.9434674694473335,1.6049709487901604,1.2870220073518137
2020-11-18,0.322594708065677,0.3644610461283328,0.7688776527243457,0.8270330919235097
2020-11-19,0.7702193086560523,0.5342844410495446,-0.08870603027693974,0.5708306059022158
2020-11-20,0.6298120311614532,0.7342548129252757,1.1592183387024422,1.4107631145053434
2020-11-23,0.9566145836438371,0.7973732342556381,0.29725457635760694,0.6247152441257455
2020-11-24,-0.04375820536160188,0.13680041219268083,0.3965145391146299,0.03636744382465555
2020-11-25,0.10623673040172177,0.09651620648926386,-0.44677140861112796,0.020932833225215997
2020-11-26,0.3667936717924354,0.2684536310920708,0.23988853902834895,0.3968935412928582
2020-11-27,0.7182491206011141,0.6379263236588152,0.9418815616202124,0.7313786066114529
2020-11-30,-0.5389791054907205,-0.443531316710131,0.10298472690549075,0.011981069923865917
2020-12-01,1.0771172593465663,0.961003825701766,0.5151673767259138,0.6913757860801191
2020-12-02,0.36804212683630066,0.37863682811921007,0.4369986381717255,0.09405660305826719
2020-12-03,0.5586691983864059,0.6620924586498572,1.3751047289359193,0.7181765359286018
2020-12-04,-0.11168761124045312,-0.05818166595421623,0.35672389962641565,-0.1438679240213762
2020-12-07,0.7761822052896203,0.720121620482079,0.5505084010136772,1.3828350355815315
2020-12-08,0.16115876615820468,0.149068872215944,0.41112308558876354,0.7758318371562658
2020-12-09,1.0432404742542678,0.883538206515956,0.41914693461865504,0.5295872692550587
2020-12-10,-0.9758323153149139,-0.9538458314929378,-1.2672167302711375,-1.056708831363056
2020-12-11,1.4349224950159158,1.3533586465846592,1.0622841449459979,1.0964457317803145
2020-12-14,1.5377123641873518,1.583298341000465,1.4336313524417321,1.7617401078317603
2020-12-15,-1.1053958331823126,-0.8023868899661297,0.4565721595860805,0.675692081202448
2020-12-16,1.6350952216619827,1.3107712245370289,0.6736477984813963,1.1413274885641094
2020-12-17,-1.2478968975525515,-1.0890621267912137,-0.3193953200348532,0.09477717991173695
2020-12-18,1.918640857400862,1.6745598783910087,1.7968480351133427,1.002745875386527
2020-12-21,1.251957532225173,1.4116468085258997,2.1107898921048664,1.4688013207011898
2020-12-22,0.2397786052284261,0.559125891547235,2.156706036310037,2.0783405850854617
2020-12-23,-0.6225203975506026,-0.4796267320387069,-0.7096485228574559,0.352784912579133
2020-12-24,-1.1300098604772613,-1.1338499635435235,-1.0354933227021326,-1.8507658505544584
2020-12-25,1.7430261807715806,1.69154495491937,2.0246759210656635,1.9859742214669482
2020-12-28,0.19939618068891135,0.3677797863716494,1.0541962392739401,1.1689465518152744
2020-12-29,0.39382429180019096,0.6425780079951605,0.9597286397705987,1.0505238478664978
2020-12-30,0.07272555868223582,0.03128758201847939,-0.4016293679013057,-0.03562154953909832
2020-12-31,1.0901874698220866,0.9224816552711101,1.0563870061331249,0.8244716379133833
2021-01-04,1.9513806781651877,1.898733533100674,2.2808677775854362,2.076103609395869
2021-01-05,1.131982745401273,1.2410786724046332,1.0127174592001704,0.86602611551388
2021-01-06,0.8494113342216738,0.5466847532172218,-0.06270839274349148,0.29121813690384024
2021-01-07,1.5033856945636836,1.3979758968191063,1.7441464936757851,1.1377746149306045
2021-01-08,1.5159718882406228,1.3605403247663013,0.5181145066350271,0.9293903639547093
2021-01-11,1.344741325331628,1.5436841472549363,0.9504918881582545,1.270609453089249
2021-01-12,0.4827592625913758,0.6613332718508295,1.4656021137228055,1.338041127136974
2021-01-13,-0.38224249489160594,-0.588926179943994,-0.5982057077302202,0.09875526244959333
2021-01-14,0.3788207961889556,0.4217778858605011,1.1674520128573462,0.9915742608162619
2021-01-15,1.1236981274720594,1.1105473467899645,1.0771734047594395,1.2087980374633802
2021-01-18,-0.7522726664195751,-0.34379138417819977,1.0216344851111026,0.6294224588241784
2021-01-19,-5.791170123262888,-5.427868106733127,-4.479461726116299,-4.733524857093453
2021-01-20,0.7996336788684231,0.4752679416754574,-0.40147384946782,-0.8857235908863533
2021-01-21,3.0952720397489903,2.9241475238633563,3.2101984385876596,3.046617997633147
2021-01-22,0.4575635832046474,0.463007493542389,1.1069136286338508,-0.09335989200838292
2021-01-25,-0.1981938187443082,0.17744166109650109,1.6187422948316716,0.4181548303889877
2021-01-26,-2.562240388553109,-2.559219782738756,-2.780601377027255,-2.6134938391818583
2021-01-27,-3.754651611818534,-3.706362996070027,-3.722590050563602,-3.649222905032496
2021-01-28,-6.96238867996255,-6.877364326472915,-6.582235848490193,-6.175576107255119
2021-01-29,3.6486714146178536,3.5756598452028103,2.547812734079067,1.553377161123361
2021-02-01,-1.77564730117516,-2.1954603682241105,-3.2743455241111654,-3.4350810021385403
2021-02-02,4.72603540977875,4.148769427559927,1.8251645848670914,1.039364779909328
2021-02-03,3.484026071428155,3.400557504528521,3.6894501968970963,3.2342379554428433
2021-02-04,-0.021469593770412222,0.05695212907482276,0.7650680771207513,0.6179797590127641
2021-02-05,1.5764293015940987,1.4952337490159502,1.198576074522235,1.5011985090534663
2021-02-08,-3.852205810620233,-3.79422898431601,-3.260425799296254,-2.172973423080824
2021-02-09,3.321517895446597,3.089233907868953,2.285315197677016,2.0814816856104668
2021-02-17,3.9425345506097877,3.8610416435017716,4.295079640646538,3.4504197419572447
2021-02-18,1.1029165696687582,1.241383039084944,1.6106302342884258,0.9379388915297127
2021-02-19,-0.620640109530082,-0.4524435660203664,0.03280512359868263,0.4837451944621633
2021-02-22,-0.0033881938388913425,0.09277217147020819,-0.10273020671897751,0.6320412202349309
2021-02-23,0.16250395024337316,0.0485606200580421,-0.5755246775071854,0.6593718015406216
2021-02-24,-1.3014888027625617,-1.3168022376825477,-1.2737185034122966,-0.8327852871676102
2021-02-25,0.22593077646413492,0.2028244209622839,0.10246758815084997,0.3945606560459902
2021-02-26,0.3226057026349833,0.3395014109827949,0.5678417772783069,1.0665007639265942
2021-03-01,1.5413993176023095,1.6139273887291794,2.181026621987805,2.30651040962236
2021-03-02,0.24135370855202,0.1320871267154112,-0.3695553263936493,0.7334235323686766
2021-03-03,0.07446733194675378,0.1519903158572373,0.4098264860761252,1.5821417878581374
2021-03-04,-1.7984441786493819,-1.6217308869253575,-1.4500431942089156,-1.1857141309920447
2021-03-05,-0.03918028089574863,-0.016856599176680923,0.15039104498880398,0.8535730045518864
2021-03-08,-0.32681580225296025,0.012420927504378402,1.005369921292773,1.9010093629241713
2021-03-09,-0.6000875273137357,-0.3902209830739633,0.32676993938317644,0.49491217322897973
2021-03-10,0.7930636018186163,0.798364939896075,0.7772560979109633,0.1993777171838309
2021-03-11,1.3935175965869657,1.1603982932006014,0.8233945061622903,0.7191298622868585
2021-03-12,-0.07574100306543881,-0.053288374349491435,-0.05421900439368745,0.1783779284406574
2021-03-15,0.2564459695136306,0.314078830176388,0.3636771449570127,1.3068864051946205
2021-03-16,-0.2539203449475972,-0.14819208402600698,0.20416150378256484,0.3959871184515322
2021-03-17,0.47117405933168927,0.29790443801420463,-0.019360147197582642,0.290285075292339
2021-03-18,1.5044005321662774,1.3168203412426376,0.9860431713027409,0.2605380446882484
2021-03-19,-0.6774633554613058,-0.27248090368428796,1.0367445915530669,0.44828615650640985
2021-03-22,-0.4013494708439938,-0.27236230658310895,-0.32444421621114833,0.8420042387260221
2021-03-23,-0.969188310159715,-0.9896562361551645,-1.1955058400782343,-0.9696585309224969
2021-03-24,-1.816771115138475,-1.7897589133948948,-2.3903578828603482,-1.8489057818235595
2021-03-25,-0.08325287467230524,-0.01597458269800925,-0.033125302042679244,-0.2136557779008251
2021-03-26,0.21871242899321658,0.07363933915414025,-0.3028647367049552,-0.5309493005070337
2021-03-29,1.0974608074246432,1.2506497703894364,1.6583430269995263,2.315845564686468
2021-03-30,0.9101976433075764,1.0585612810368235,1.4333698414605227,0.8384391085978435
2021-03-31,0.4507569108385949,0.4427426098908597,0.2827210169026128,0.6746507615135975
2021-04-01,2.470403041506409,2.2362600524577285,1.3477979276319485,0.7251352112304807
2021-04-02,0.9634071893563128,0.7841265861999889,0.33127327996745015,0.1526345006020034
2021-04-05,0.9542141511960787,0.8303438258969336,0.5517005724760471,0.09299277308376275
2021-04-06,0.4358835925011564,0.4448409597020032,0.276379737192977,0.21081880822182444
2021-04-07,0.1917927635064407,0.32265679102550654,0.8457411767684972,1.0249052527586406
2021-04-08,-0.47498077009939493,-0.38466665671484573,0.28648397065908243,-0.15137197840131172
2021-04-09,0.11576524104603687,0.09919733641956326,0.21268127895346842,0.48118584630545796
2021-04-12,1.969685831805973,1.9797605073248226,1.4833657554194979,1.2047889386206667
2021-04-13,-0.06573953295600743,-0.0786045704053256,-1.5998564378217566,-1.070620593462001
2021-04-14,1.0451320152821164,0.9303668723948886,1.3552345873285543,1.3037839096412642
2021-04-15,-0.5102983147091413,-0.4128761886230883,-0.4009926020963979,-0.2717061028551215
2021-04-16,-0.5724185605811596,-0.6472828722797943,-1.1717910195461207,-1.5879102051130536
2021-04-19,2.2725699188073483,1.898356096684491,1.1287320019312321,1.0266184329011405
2021-04-20,0.4933378977489957,0.2982287436138639,-0.7821956970961756,-0.5667093033202554
2021-04-22,-3.1849949155761585,-3.414254654749101,-4.346962018164613,-2.991612675092716
2021-04-23,2.3212024234842854,2.150847792936335,2.4367039145508227,1.2422043128768574
2021-04-26,-2.0455373349343167,-2.3079105063909693,-2.153418577681078,-2.362442248367062
2021-04-27,0.6854668573194926,0.4516089030629475,-0.1027953572197334,-0.2589226048077995
2021-04-28,0.7952343614880261,0.8630377164276611,1.4309590173862619,1.1192533726310163
2021-04-29,1.3981519531004172,0.9763745082686869,0.2774151562974369,-0.112371317617872
2021-05-04,1.1930558774149442,0.6925324247560121,-1.0597956582532255,-0.5224379827653414
2021-05-05,1.4101589978382703,1.331438129163601,1.4143856780564548,1.3748474802249924
2021-05-06,-0.16719119044682554,-0.254125731628651,-0.23064338181746372,-0.5589600191472357
2021-05-07,-0.2912077488860022,-0.4712861345484516,-1.0543937861356645,-0.7543281381564392
2021-05-10,2.2078133914112525,1.708972349342976,0.3789117962432492,-0.12549644839672897
2021-05-11,-0.8403441580157736,-0.47802247990184354,1.0142033729194309,0.737465896040491
2021-05-12,1.5317745908303317,1.3661712600758003,1.3825765173777382,1.406914668485571
2021-05-13,-0.7264561916992143,-0.6511596767705868,-0.13971985466856923,-0.26755562003493555
2021-05-14,0.7155873746867869,0.5110412886633379,0.18536790896868155,-0.10415790052569135
2021-05-17,-0.6295043649282093,-0.6029637997905637,-0.9850528305382293,-0.5624856343534298
2021-05-18,0.5258289538996443,0.07011803489338504,-1.0252161863364597,-0.10022667485120175
2021-05-19,1.6631682148187499,1.2191733013918677,0.2715937066595617,-0.5181519024797376
2021-05-20,1.6422751938188613,1.1763581777369057,-0.6204218367996678,-0.6081835514312544
2021-05-21,0.008421170828411593,0.33325140438509143,1.3566757828715632,1.3136007046677536
2021-05-24,0.38101687827179537,0.6805033719096214,1.8559621989324204,1.3170866137283261
2021-05-25,0.9413913369601068,0.8357711651980126,0.8580212488802749,0.45789569649369755
2021-05-26,0.7657533485974699,0.6710386066690192,0.6920039277769663,-0.39332982376984044
2021-05-27,-1.225948719639132,-0.9730587815224456,0.06454986378187066,-0.6957040126349083
2021-05-28,1.4778458015864708,1.382244939941859,1.6009867015738644,1.0118540718308666
2021-05-31,1.0908356165203894,0.8558561120115141,1.0316827299017388,0.19737072390232138
2021-06-01,0.5504290868987882,0.48131618338764287,-0.07670930067679177,-0.4080263345411058
2021-06-02,-0.274835828702849,-0.15020820510875224,0.510078746903603,0.9091520879513133
2021-06-03,1.7109447203268007,1.8529826052848186,2.5883376395603603,2.479637675468564
2021-06-04,0.26421322361981003,0.5714178816083293,1.5184404405458063,0.793185428938197
2021-06-07,-1.620781022685331,-1.2838195790252527,-0.9541268200228225,-0.9406829515236412
2021-06-08,-3.088094804270315,-3.041934323734023,-3.31925428870465,-2.259253030763885
2021-06-09,1.2973431106479032,1.042450631779332,0.5526050194254113,0.33894016265828303
2021-06-10,-0.4523992397549829,-0.45663021910812035,-0.03304538158517439,0.014222355320865906
2021-06-11,2.4793786697482734,2.214139572279785,1.4099523036086394,1.7995515847754657
2021-06-14,0.5296480509012595,0.7449924221246608,1.2076614773442562,0.6090451862715865
2021-06-15,-0.5679718877880341,-0.04738724079541236,1.3372151948887472,0.7033565714901263
2021-06-16,-1.4536498358068783,-1.2116631206134572,-0.3994107252483666,0.42427553182584354
2021-06-17,-0.25072686312090325,0.04578505089083253,1.454794880946684,0.9756385378137691
2021-06-18,1.3176280680670698,1.2850214003069909,1.1294357050086106,1.2958714745462723
2021-06-21,-0.20340662306631593,-0.28157903889908187,-0.6005812084735077,-0.12437900446600253
2021-06-22,0.7379908339585695,0.4714840360083097,-0.06137866103931685,-0.6391701935178119
2021-06-23,0.019471124048926428,-0.2638145653042721,-1.182370470831424,-1.1358512618435028
2021-06-24,-0.17268666373208733,-0.20982747239456676,-0.49886167997046993,-0.7731699305627467
2021-06-25,0.8931320792870145,0.7724591453462469,0.5538057518722393,0.8105926566693034
2021-06-28,1.3972448342019395,1.3154212286688889,1.1799546931155032,1.042190569357175
2021-06-29,0.5610590916120382,0.4435407529377689,-0.1694880627303453,-0.5268956830040283
2021-06-30,-0.0634200422045378,-0.12983596876108242,-0.4745564761049233,-0.34275586052301904
2021-07-01,1.0500594184234178,0.9366440404888018,1.0068567282008278,0.6065507254495864
2021-07-02,0.609732413929861,0.49828687218070816,0.22022495327383335,0.48360023169269106
2021-07-05,0.18123398276834954,-0.19541000730008934,-1.1599976666225416,-0.9559203403075986
2021-07-06,-4.530903045003837,-4.414504006544741,-4.310523477091067,-3.4429546418886585
2021-07-07,3.326824134691264,2.627117556047175,-0.08988318890786956,0.043053215923676155
2021-07-08,-1.1477325187095195,-1.120527530653029,-0.8169817285700496,-0.1953727745949044
2021-07-09,-1.7761207570511386,-1.8798982272134543,-2.023001453146176,-2.0774523331607035
2021-07-12,-3.4951285777513976,-3.586031284529774,-3.584766862942954,-4.446073494730239
2021-07-13,-0.15464796405225087,0.17783408852198732,1.3720303106317333,1.1262633504048631
2021-07-14,-2.1444650103315017,-1.7605473446039477,-0.914128071522162,-0.7673558491867306
2021-07-15,1.407477319798269,1.3894502223958687,1.7604870789372138,1.6852987735642957
2021-07-16,0.5410808294938232,0.444850653302967,-0.20719223189743785,0.40743685806143465
2021-07-19,-4.545267106178785,-4.327816462748481,-3.9105608880089417,-3.482415598598592
2021-07-20,2.647748896746816,2.4283642612151106,2.1826660117672336,1.909509964784075
2021-07-21,-0.3180059182722529,-0.13273336739861363,0.08173758735950509,0.30166409351884255
2021-07-22,1.547815395870911,1.7677756475435211,2.4228539543022647,1.9427890807228745
2021-07-23,-1.9046444860218843,-1.906067003326218,-1.9095688946142158,-0.9476472667723175
2021-07-26,0.17323181388546033,0.37754426502692495,1.0388467316322818,0.8129277132191366
2021-07-27,0.4186500583002244,0.36773038896759713,0.3852671037137109,0.4849099816963293
2021-07-28,-0.16682347205745565,-0.18407841895175175,-0.17982242534587903,-0.3309595848883332
2021-07-29,1.4144607172616537,1.3592014680609454,1.4391789594766233,1.0368179068880967
2021-07-30,1.3691696364675185,1.3469276452286116,1.411838850655776,0.9590982610667179
2021-08-02,0.06769265033447062,0.09445645479104216,-0.18201232505530532,1.419387361622346
2021-08-03,1.484565043351215,1.4077097903729943,0.7116752450664671,1.4046532816125177
2021-08-04,0.1583919136611545,0.2840037628969871,0.6612666720196392,0.9025931302136574
2021-08-05,0.9639573605214148,1.0209958232897947,1.321217377247617,0.9722394181461425
2021-08-06,-0.6526640901774525,-0.49247070552291783,-0.3226691510150022,0.4743647861920869
2021-08-09,1.4146580663054946,1.5246320573934002,1.7380385878629687,2.2350819091793728
2021-08-10,-0.2285913890088605,0.03007066629185796,0.627222204516641,1.2156956525252016
2021-08-11,-0.4359029408165104,-0.4369121827838985,-0.5915339501100817,0.4761125165103786
2021-08-12,-0.7318825102328902,-0.5146847571159445,-0.20038206414964704,0.5834162086183858
2021-08-13,0.48559685602672636,0.5089326306251062,0.46432131206983795,0.756104738350024
2021-08-16,1.1068715562366793,1.2163722146422236,1.769671990983103,1.7078316177255626
2021-08-17,-0.444090496083013,-0.3679234999014746,-0.013630800889925944,-0.1971708304705667
2021-08-18,-0.3070057310352934,-0.24413063827945874,-0.03438157655611325,0.07557239760310913
2021-08-19,1.0332195237205413,0.9290745561012259,0.18895255450783763,1.052060271253938
2021-08-20,-3.692568958396226,-3.4704218546334467,-3.0480255142554995,-1.8622487228334224
2021-08-23,-2.686671404202418,-2.5557128045745183,-2.6796867542159983,-1.146905724974081
2021-08-24,0.4423629071695072,0.06315457291115933,-0.719472809102245,-1.4648327217736268
2021-08-25,0.7201174871460468,0.8047263767460936,1.198964105145162,1.0179763658613776
2021-08-26,-1.130615783236755,-0.69655410186723,0.35236732427353035,0.840129050685327
2021-08-27,0.4323536770077101,0.7442597588738374,1.4976378606392742,1.5644900091817446
2021-08-30,0.8759118612968223,1.264072696007772,2.319542679979319,2.6480866553194824
2021-08-31,-0.1671498548071734,0.030901439370053397,0.5268084266100789,0.6107731515625762
2021-09-01,-0.12046506569568563,0.07721184739739434,0.24367063049200827,1.4824411451000243
2021-09-06,1.0179695224173955,1.1903119205818298,1.3712573674593507,2.4386844187800327
2021-09-07,0.17743035663533907,-0.2509119597674303,-1.0352540646483863,-2.119771887552945
2021-09-08,-0.7220799944728036,-0.6436058173620147,-0.33481611964046387,-0.39672610150221466
2021-09-09,0.9420442525214482,0.9315557560054749,0.8823230331796524,1.4436773430053609
2021-09-10,0.07252358197562497,0.1110316989794799,-0.07357377574046207,1.0591311365484326
2021-09-13,-0.23087674254003834,-0.34510977854176195,-1.1018171967568438,0.6135616569454232
2021-09-14,-0.4737882369200766,-0.4354445015692626,-0.8033419971105561,0.831490378155854
2021-09-15,0.46409911917585794,0.6244942197661627,0.9479027035649585,1.632264690375531
2021-09-16,0.2854350673007783,0.15968646784464627,0.1621588264112318,-0.24045589434835854
2021-09-17,0.4551456092242855,0.7168903917583395,1.4266552325709945,1.5717828586595286
2021-09-20,0.21068893441810702,0.10435822444178453,-0.022236266271421303,-0.32266076774252267
2021-09-21,-0.8564950048252085,-0.5966677995272657,0.07722053279783454,0.4666569844599955
2021-09-22,0.48285279917681656,0.6887005063920879,1.017003279175627,1.739440814532858
2021-09-23,0.3441587487394864,0.021557919025712042,-0.7448672535318273,-1.281461880721897
2021-09-24,0.11719674972499629,-0.18411046071679069,-0.6940652167394314,-1.6615226973838444
2021-09-27,-1.4307935331188526,-1.9972236910830963,-3.4313724658463682,-3.6270246960793386
2021-09-28,0.824826841339063,1.0461202292594949,1.7357791892771022,1.4133657005646085
2021-09-29,-0.04135592344684394,-0.09379124502892555,-0.37400670132265,0.22186517122801055
2021-09-30,0.22311907557930138,0.3173718198798996,0.2945351530317814,1.0491635220288003
2021-10-01,-0.8240163492851499,-0.7847288272986601,-0.9031087519534347,0.07105184350508766
2021-10-04,0.12337807930820098,0.18837209778606268,0.0584924051929164,1.084988500282922
2021-10-05,0.8690249254335789,0.9076646904980001,1.049440839650388,0.7788285218003932
2021-10-06,0.37766543742632525,0.5054357606521804,0.5022205802809516,1.6305977826382607
2021-10-07,0.06975647068933602,0.3353045470963427,0.8834527849721132,1.4751289436856436
2021-10-08,0.9390123704061948,0.6786467450857823,0.18691594227035718,-0.2486916061537992
2021-10-11,2.258692986093109,1.8900421579577227,1.1722738204874412,0.16605580859559993
2021-10-12,-0.04636007288712611,0.1249742708713682,0.49154373336680895,0.5718484739912337
2021-10-13,-0.26665621149639623,-0.1354540710660951,0.13563158774084966,0.4616588317121969
2021-10-14,-0.1442373452498403,0.10684246642285089,0.7195143881234544,1.031996203671239
2021-10-15,0.09706737636443057,0.15552048437772636,0.2253618753954418,0.6012907719136479
2021-10-18,0.37475212413513365,0.23317578438248124,-0.21562764841420753,0.17153675794942289
2021-10-19,-0.2187111499861089,-0.13844780677601012,-0.05612797324917432,0.3774679385881264
2021-10-20,-0.14341584414325778,-0.0034810578241975896,0.19688200311304807,0.7729108367922997
2021-10-21,-1.053347926354654,-0.534734500942938,0.713871623980605,1.0251908728040628
2021-10-22,-0.036937914502398944,0.19859035392207222,0.8682091876212923,0.38688801355668967
2021-10-25,-0.7917281247564965,-0.6623353049120708,-0.567213293917296,-0.04601882470246965
2021-10-26,0.3818101063834786,0.5749761659589041,1.0769287216975292,1.0259966905263032
2021-10-27,2.2567878309054255,2.091589464496341,1.6394082913375672,1.6401791046587955
2021-10-28,0.8405286998597482,0.8739633919707035,0.9882429499900808,1.1574866384071252
2021-10-29,0.20185464831844938,0.25962331940221567,-0.0976762410646487,1.093130629901933
2021-11-01,-1.023261691525107,-0.35944914183271937,1.2775029784589742,1.1844707039580524
2021-11-02,0.30282107338067676,0.8894779643634002,2.4097679915676187,2.0628861390724893
2021-11-03,0.6094383214056477,-0.2474472740441442,-1.6569117037327372,-3.7300289440333048
2021-11-04,-0.15953659320940308,0.21983366237871832,1.1430945131223595,1.168409275281461
2021-11-05,0.23202852267733576,0.4864979794048473,1.1699114704113966,1.1082972110661025
2021-11-08,0.25428549735518174,0.6454480393770015,1.7575946233128537,1.1245262122424318
2021-11-09,-0.5570099193419825,-0.1673093913544594,0.7649463337237803,0.4877479046319794
2021-11-10,-0.21895043687218227,0.18529015198908072,1.0954777706643164,1.1809128308506147
2021-11-11,-0.620774503097696,-0.23600482963652666,0.5761096966464199,0.9250163294170938
2021-11-12,0.8927515494406723,1.1527218293822286,2.03780355659808,1.1237424736334984
2021-11-15,0.04841949699063617,0.27871414280797524,0.5954701277233563,1.0566847055665867
2021-11-16,-0.7524905004140328,-0.7628708914813429,-0.9556446996852261,-0.28443878834795105
2021-11-17,0.15542679630513614,0.3686219251833219,0.6446404832171041,1.1616669271977196
2021-11-18,-1.069146803426493,-0.36199194440784005,1.168573193822226,1.2963809658735737
2021-11-19,-0.22440719662504574,-0.6258146511573576,-1.1646551782965853,-2.1658805695184333
2021-11-22,1.1262626964061364,-0.10746696091815,-2.4661392003146414,-3.788134108698818
2021-11-23,1.054380686260436,1.0067165669203295,0.6688921221429879,1.6261410918665091
2021-11-24,2.076623562729783,1.8823622891845089,2.0418189305240713,0.1376116461992579
2021-11-25,0.45701617271017214,0.8483141224505303,1.915686751448035,1.359479504063649
2021-11-26,-0.3765522877108335,-0.38353120899314597,-0.7760760463273498,0.08845601105558956
2021-11-29,-0.866144875492809,-0.4362381758751359,0.01931853861265097,0.6372872063302255
2021-11-30,-0.9998044864280641,-0.5626634936995211,0.3966528323746801,0.24877433678109082
2021-12-01,0.7916087201670049,0.6501931215813394,0.4750648351498157,0.26736826649168083
2021-12-02,-0.5778660978542625,-0.4559929953801943,-0.4000561767881739,0.20053739209513502
2021-12-03,-2.423875422693981,-2.6888395212297267,-3.5762215475243475,-2.4422458478087874
2021-12-06,-1.545141129593468,-2.2447168606131993,-4.003979866792275,-3.7055634813245195
2021-12-07,2.1179730347719623,2.274807835888156,2.6422887120264265,2.5943860647294703
2021-12-08,0.23375759295537873,0.34373125386053294,0.9768823728515074,-0.23965326400229298
2021-12-09,0.8831978402304186,1.1006343112850108,1.6923210003609246,1.3026890450134438
2021-12-10,-0.6657792371148643,-0.3948607272401995,0.43467663986386307,0.05452603016128471
2021-12-13,0.08815036126977704,0.727103339478838,1.9958788266687633,2.401827222136428
2021-12-14,-0.28710296156296544,0.03480510816510395,0.8757506133226539,0.3235753076908332
2021-12-15,0.1963200514592549,0.03676205147387731,-0.15424020728788754,-0.44398644707595475
2021-12-16,-0.6106455819721003,0.007219529486707875,1.3829607507153996,1.0979836004302668
2021-12-17,0.22422646336407331,0.29489847381573003,0.2191907719189595,0.5563079382849879
2021-12-20,0.002642741051174954,-0.11785505194442526,-0.39931464987326243,0.23579133026638105
2021-12-21,-0.140161605449532,0.23426417115961334,1.0735800360639223,0.6198308740952346
2021-12-22,-0.48812936821228564,-0.08238794725024924,0.6179264178544785,0.9239931823581315
2021-12-23,-1.79445296153993,-1.5750848940872055,-1.1315070558348226,-0.608512654573803
2021-12-24,1.963843759950422,1.6306715141844876,1.4614198866657844,-0.22283637294607722
2021-12-27,0.5216447573339312,0.8612297199983993,1.586677468131846,1.3287071204344363
2021-12-28,0.5918209295773289,0.7567868955242235,1.3036406373770515,0.7883739046091456
2021-12-29,-0.5000865831530826,-0.5392378612102599,-0.7435647382049355,0.1715599794025445
2021-12-30,0.2424595002430507,0.08985975372823156,-0.08356313680874092,-0.47743722964732155
2021-12-31,1.0532511213814426,0.8864986905312235,0.8907462386729456,-0.2566120360182249
2022-01-04,1.496838499557639,1.5859934296922624,1.550549570574516,1.526258835931696
2022-01-05,-0.8283781362751698,-0.27586572679065546,0.7030956255506858,1.1748770253449483
2022-01-06,-0.06858710831285886,0.2727136683386298,0.7051439936462764,0.7603818434986045
2022-01-07,-0.8260830354217522,-0.24616717706000937,0.7524385674768918,1.5391200378428604
2022-01-10,-1.1513317461425965,-1.6606405925958654,-3.1551732739141394,-1.6494918864269466
2022-01-11,-0.9925639799969931,-0.8822571094854893,-0.5533672744483731,-0.7580839351766564
2022-01-12,2.0002119102578177,1.0369937830883977,-0.3593825724832548,-2.1950889413251513
2022-01-13,-0.2362203246654522,-1.1699738200047047,-2.9313194556227335,-3.1177780722118245
2022-01-14,-0.18754103857426468,-0.36612092960284903,-0.7484372879468483,-0.8572526493003348
2022-01-17,-2.995380794872601,-3.6368368055034717,-5.028164165235414,-4.9095643225013355
2022-01-18,-0.10488316639472438,-1.1121605199698736,-2.9176779579895395,-4.175183353705442
2022-01-19,0.37099525254430626,0.4362830212290045,1.045688943818364,-0.8660698591442596
2022-01-20,0.689667177568923,1.2814276262998736,2.670059136842099,2.5071589116617594
2022-01-21,0.6243822392906008,0.6326063303935872,0.540949652501023,1.0580918741536807
2022-01-24,-2.0750911893359825,-2.8104719963138325,-4.304673534078147,-4.660359234000619
2022-01-25,3.002766213917003,2.6983007364468587,2.5908003993833324,-0.03198362465695679
2022-01-26,0.601684554135751,0.2775277807855003,-0.08814456278057653,-1.6383763775570543
2022-01-27,-0.5746462089815375,-0.7174097154533516,-0.9837078223993547,-1.4201977623831363
2022-01-28,1.0279511012497702,0.9915119035812903,0.751896284864023,1.6994549902339913
2022-02-07,0.5863058484148316,0.9264989513702193,1.3453700564915148,3.052892197148819
2022-02-08,0.5957885599536593,0.5062337840080371,0.5233311668176714,0.671327539233404
2022-02-09,0.12762256397203098,0.4554506665793375,0.9569451016150454,1.6478512614484877
2022-02-10,-0.22506047115230488,-0.08479053984734222,0.17937052486246588,0.5679221809932008
2022-02-11,-0.19580796402460104,-0.046991868660959286,0.35968853051852334,0.34164776436992333
2022-02-14,-2.677979363679109,-2.332752263229929,-2.1841410561767227,-0.5542407901259631
2022-02-15,1.470134608828089,1.442272093269475,1.5975476635448465,0.5197223224031774
2022-02-16,-0.38637820590564315,0.165844065652474,0.9873248697556088,1.7593931763521895
2022-02-17,1.2436557656074712,0.9964914387784956,0.5099038912381536,0.8083652478083472
2022-02-18,-0.5885471972169584,-0.028650123586845978,0.8841299134252134,1.5423409950898874
2022-02-21,0.12594336824136987,0.4924198238515019,0.8163958791409456,1.890163617373675
2022-02-22,-0.06784614841956171,-0.5113073486975273,-1.3029485039697666,-1.0850363765243491
2022-02-23,0.4213356758446059,0.6421245212383019,1.005278632268621,1.1390520615065574
2022-02-24,-1.0970847113822935,-1.1089315333672338,-0.9068369698396127,-1.5192116050298303
2022-02-25,0.29259928897107057,0.565764065034397,1.1319179751601733,1.082907186120331
2022-02-28,-0.6124184624770028,-0.4990372108884135,-0.46048952895112183,0.46401795667216666
2022-03-01,0.19359305424011503,0.5445766260385687,1.064255491294327,1.1329991440725973
2022-03-02,-1.4251267289915248,-1.21188223308256,-1.0553709044100723,-0.39378701221085805
2022-03-03,1.5809140615334216,1.5488791268551272,1.5436923385409342,1.6564596838050312
2022-03-04,0.1870183593361016,0.29063108070358556,0.2786298373072349,0.9770756875319497
2022-03-07,-1.069063654244686,-0.6081174289644414,0.07251864919071513,0.6367879261048951
2022-03-08,-1.263649207788101,-1.6549461084810744,-2.3893680603393515,-2.143277165077415
2022-03-09,-0.061756988221879756,0.15920782622271323,0.7009883239415737,0.2220214221119142
2022-03-10,0.06645432852156316,0.3709405906439536,0.6173017041572251,1.3726534834024564
2022-03-11,-0.882939502475299,-0.7803719611868041,-0.5431358911958394,-0.9435935108823419
2022-03-14,-1.0918209091220816,-1.2733502493196456,-1.6601344608888375,-1.4750769034648201
2022-03-15,0.5317436820785326,0.6670460385798976,0.9873676481753189,0.7902275692942206
2022-03-16,0.2583646961036621,0.5021910694862497,0.8935390459702254,1.1176427782267928
2022-03-17,-0.1882682936704227,0.0212293097954611,0.13669016703921413,0.963889581035029
2022-03-18,0.4764402298867054,0.45600378166034594,0.3084925984507913,0.6566408647865766
2022-03-21,1.7271145945689386,1.6957881735298732,1.6614569700156174,1.3067932391192616
2022-03-22,0.7115249492708606,0.7148316952502543,0.8984004064508354,0.1507980200370433
2022-03-23,-0.5173927321714118,-0.10383446753579856,0.6314251851123972,0.5951157227348159
2022-03-24,-0.5427864529760738,-0.20928617824321813,0.12733143757689286,1.10367659951856
2022-03-25,0.06141932231263905,0.18669919405810792,0.18666869051594503,0.9883425299789281
2022-03-28,-0.952222100496064,-1.0341206194572656,-1.127084151921947,-1.2558052490927958
2022-03-29,1.099608028147455,1.0818699492928525,0.9265244876039951,1.3700262068314917
2022-03-30,-0.02266062393060849,-0.5076957364297205,-1.023363208936402,-2.1007718162558957
2022-03-31,0.5517237037355325,0.0926769109655101,-0.4919746508387657,-1.2074461926006665
2022-04-01,2.224936093725829,1.9126537832217818,1.5198190298990524,1.2878133856820837
2022-04-04,0.360458696521809,0.32422343330076503,0.03942564061729953,0.89484266563829
2022-04-05,-0.5726813697670281,-0.4335922842570282,-0.24531855487526405,-0.1128575879307852
2022-04-06,1.1568738110420913,0.3328212825647681,-0.7386826147578925,-1.558888109450118
2022-04-07,-0.9777204572268956,-1.2885123178314453,-1.7735039500232703,-1.83888705454993
2022-04-08,-1.1512485814942504,-1.5209664764186885,-2.2750003792220332,-2.41816952421789
2022-04-12,-1.1288223812552998,-1.7247704308396155,-2.6355621061798633,-3.069700595399847
2022-04-13,1.19964902290187,1.6843279108498865,2.6157760778778245,2.439734247658009
2022-04-14,-0.48498485019571835,-0.33591290016759107,-0.03439931989240194,-0.11720228184709759
2022-04-15,-1.6117224452417551,-1.479876912308757,-1.3857670374834319,-0.89630467165477
2022-04-18,-1.7211826694113819,-2.078387459849505,-2.638478742874319,-2.973311093064871
2022-04-19,-1.9004580419327792,-2.2077647547170463,-2.6802457647068225,-3.1658484006387226
2022-04-20,-0.3553414422182468,-1.3348052193564373,-2.8691414517719007,-3.6848599233965875
2022-04-21,-0.6029986444389765,-0.8611129030131085,-0.7193639016685053,-2.614712765352122
2022-04-22,1.2155388433115908,0.41454208669778786,-0.7198405812850548,-2.0889371850977208
2022-04-25,-5.546639704349056,-5.607018909510042,-6.0314555764621245,-5.527101731381569
2022-04-26,2.2083270227151046,2.4690791469927214,3.0324618403748804,2.497373149094219
2022-04-27,0.36656906349492757,0.8472291034154564,1.5809436589002093,2.4387410558131304
2022-04-28,-0.08205758048090958,-0.06213738341445095,-0.19124346092470335,0.6246372224274601
2022-04-29,1.1660098253553333,1.564739241779127,2.0628781001566407,2.808890840350959
2022-05-04,-1.9751969231683708,-1.832515772329604,-1.9426404961941341,-0.5614336645851793
2022-05-05,1.0943150282084269,0.4721065186460441,-0.49523737377255017,-1.3442624232063878
2022-05-06,-2.2800825050164204,-2.5776016279513323,-3.0921280469411996,-3.4119265987298744
2022-05-09,-4.404470383590499,-4.838577567941063,-5.601739804297495,-6.101492974039819
2022-05-10,2.3629601018142137,1.856308930996447,0.9625487270785724,0.7235470843219679
2022-05-11,0.32352882097903285,0.7172356510345251,1.5660558471883474,1.1411130726541847
2022-05-12,-5.329868987612238,-5.353153077387667,-5.457445603805679,-5.483881878258394
2022-05-13,-4.474447391833034,-4.861326853559736,-5.616204566277877,-5.845753342075813
2022-05-16,-0.7118168186558104,-0.8724633219235198,-1.2635773059197946,-0.854768452119444
2022-05-17,5.169853537262752,5.063036651939341,4.889933036276909,5.099633145624043
2022-05-18,0.5346939425248987,0.973798558246448,2.006125024796648,1.3143885883596025
2022-05-19,-0.222571649415482,-0.0708940243728669,0.4084474171153478,-0.3857913497790962
2022-05-20,-0.08105812466923143,0.1966271525131834,0.6873948342664536,0.8609701237932862
2022-05-23,-2.140467713848853,-1.9814556555671072,-1.8965073916066333,-1.1896893274169522
2022-05-24,1.3734067131368357,1.2799504144906204,1.2877230165789004,0.6119451589783031
2022-05-25,2.9412860347138885,3.206799734082851,3.8329778698049135,3.484531703149283
2022-05-26,-0.09159606777332958,0.046525333883101004,0.1563225869861863,0.7147339046161073
2022-05-27,1.9795140501014612,1.6964867594966662,1.3095810402608183,0.8174334748155704
2022-05-30,0.5368589176250665,0.6533537892419122,0.8756534102838415,0.8391359255624717
2022-05-31,-0.7684697652021415,-0.6411593178952308,-0.34572008539277,-0.6269093401832936
2022-06-01,0.21738487166984435,0.22304870260666584,0.17639879738057831,0.36750582247863056
2022-06-02,-0.7516063311984413,-0.8453368094450767,-1.2779871953777042,-0.21678363304065149
2022-06-03,0.14399393340999028,0.10806958893158647,0.16635657300432186,-0.3242745275160801
2022-06-06,-0.027124365380818746,-0.288445510452952,-0.6021370791563084,-1.3330336923525843
2022-06-07,-0.201402340831824,-0.13299561076108296,-0.014367196840943536,0.09520596539713758
2022-06-08,1.324651832655231,1.7410045917198524,2.6144501438706977,2.343510809670845
2022-06-09,0.06629546416856334,0.1291916635758411,0.18403694882439106,0.4449643680736675
2022-06-10,-1.2913269026314722,-1.7487250551698161,-2.529874932036027,-2.9681166665620315
2022-06-13,-5.014698191393304,-5.143443596431199,-5.424715462535758,-5.471068298898638
2022-06-14,0.024583566406280476,-0.2348540530888908,-0.31152673169494227,-2.097517402598466
2022-06-15,-0.6419431411435282,-1.2540193296569127,-2.3088765197200467,-2.9180691301008777
2022-06-16,2.1536597712831926,1.7336675911508936,1.221872807990787,0.1078239426713111
2022-06-17,-1.760209329031749,-2.01732307028061,-2.5110757636017076,-2.791655516793975
2022-06-20,-2.614912297482239,-3.122666690489968,-4.1952692564669,-4.08478061897122
2022-06-21,-0.08326191248738032,-0.9379562749511181,-2.5663481273969055,-3.0421510253343973
2022-06-22,0.21535909649959445,0.5097557202783389,1.2924034837308238,0.5631201631101435
2022-06-23,1.0860157959276444,1.7958023660428768,3.377836382202514,3.1308062496165245
2022-06-24,-0.4127547710887354,-0.18535531032193284,0.20925746937156356,0.4364242936914652
2022-06-27,1.7013900823803692,1.6278799913539346,1.4052588536340205,1.8968435747153634
2022-06-28,1.3232976253757582,1.3723284973577792,1.6118860816614258,1.1375868259895932
2022-06-29,-0.0007852961155325022,0.009775648866466665,0.1106841386985751,-0.17078012083798771
2022-06-30,-1.941131074970838,-2.065000479192665,-2.4618970277267263,-1.9528907420712827
2022-07-01,0.26547697467509174,0.3710332998308042,0.7614539881697087,0.12642581894086072
2022-07-04,-0.3095247231458531,-0.09532454582678311,0.405639121522191,0.08419516936474736
2022-07-05,-0.507546001644906,-1.0713747995649765,-2.079558408714471,-2.6018305430861792
2022-07-06,-2.4540858878705687,-2.5864315883450515,-2.7765440588211754,-2.841523362496511
2022-07-07,1.4165575622951112,1.272704823379968,1.0767423438479362,0.4507274675111093
2022-07-08,0.18774616713760653,0.740408786137677,1.7139424409302484,2.3699189930418183
2022-07-11,-1.8455304672528139,-1.5967843402885238,-1.1863915843815318,-0.9192923097417744
2022-07-12,0.8581622878432952,1.5900396601524074,2.997767632865921,3.2695123677884546
2022-07-13,-0.20522257426370208,-0.13161226906126983,-0.16107996521737916,0.6057650158083072
2022-07-14,0.41002484788211174,0.5766276199793852,0.9582275464534785,0.7617943796532418
2022-07-15,-0.14741534478552384,-0.12766566772057514,-0.06514250152065806,-0.1909477487659883
2022-07-18,-0.4814297712246213,-0.23307386031272323,0.19154815529246336,0.5682975424014471
2022-07-19,-0.21269762921919078,-0.0876483335507113,0.2648081689332773,-0.28651728322138237
2022-07-20,1.1422506153563077,1.4057086804042485,1.7429918032625942,2.552276040113736
2022-07-21,0.7826540334819573,0.4901381118182122,0.1010846777389515,-0.5412650604953699
2022-07-22,-0.5202743778925927,-0.45024018348757283,-0.1967497102695481,-0.5968133261734022
2022-07-25,-0.5090896352308507,-0.5976387372954383,-0.8638910095203067,-0.5756515944285586
2022-07-26,-0.3367351374693755,-0.47011194107196935,-0.7061242042715234,-0.7194101954243235
2022-07-27,0.07711492145621539,0.3906582437589988,1.075515808328917,0.6884780019820738
2022-07-28,1.3610084777152667,1.4181217531952897,1.5199553459214343,1.5532849103040547
2022-07-29,-0.3354756118180895,-0.33795680047101495,-0.4089213718399603,-0.021662898309713408
2022-08-01,1.9492227713920722,2.040017658317898,2.343676017092274,1.7190361727962769
2022-08-02,0.7707533933500315,0.6563602169028535,0.27836945920771494,1.0433656825030184
2022-08-03,0.30444064842166174,0.5904271830277342,1.096393393415673,1.1238060079786616
2022-08-04,0.6202032786599089,0.2975050178971399,-0.3578410956445785,-0.01237418226144678
2022-08-05,-0.4447432412774394,-0.03674033411135762,0.6031161553830032,0.9980252113825419
2022-08-08,0.3640990227377584,0.42488295953573824,0.42049427562443925,0.9274866950625229
2022-08-09,0.3705821749066973,0.36445243508563313,0.28206626273959645,0.5873301718770368
2022-08-10,-0.33534126376021606,-0.19833877994298102,-0.04307434465538943,0.3411284630968047
2022-08-11,-0.3781167722609499,-0.7060971805077307,-1.224874507855612,-1.504478270668586
2022-08-12,0.6759931589048357,0.8394241846873185,1.1724617738558694,0.9898032163505625
2022-08-15,0.9966098605918764,1.0571256539052587,1.3481347935314736,0.5342957421810174
2022-08-16,0.10120168194137284,0.1489904216013007,0.21241913099126017,0.31151590510555704
2022-08-17,0.4083997200208891,0.12451107525203237,-0.443722241055099,-0.16543123224288261
2022-08-18,-0.03614925837245472,-0.18564870736777025,-0.46421746807651393,-0.4204906424261471
2022-08-19,-0.38537772274146886,-0.42113926819311753,-0.5373424407156762,-0.3038009200722602
2022-08-22,-0.7347788040562249,-0.612076765666435,-0.29659865868897156,-0.7173938950230212
2022-08-23,0.5082553764498219,0.84879304879269,1.4179045821008018,1.5844018928694348
2022-08-24,0.3407500563715848,0.4217100373995793,0.49931233213790827,0.7819463945728643
2022-08-25,1.1610737959122805,1.012495468155592,0.8465568535855299,0.4204955289741596
2022-08-26,-0.3620590887369808,-0.46800686147058,-0.5898378540497045,-0.8874195169692002
2022-08-29,-1.0430623094391602,-1.0636484533603991,-1.0591282204308148,-1.2342397523566446
2022-08-30,0.3774040807580252,0.052666125501534024,-0.6037382852321056,-0.2691190849285979
2022-08-31,0.2538873027655013,0.3310819666253159,0.42467583125094194,0.6244947485931991
2022-09-05,-0.2531169727946542,-0.15363635110086435,0.06299722500403024,-0.1098472091482674
2022-09-06,0.07007519894332546,0.04392019144511121,0.08316489073040711,-0.3003139007954165
2022-09-07,-2.3451139145433606,-2.713458748857897,-3.5168020367799193,-2.8988848786539996
2022-09-08,-0.2667173274406125,-0.6060967456393554,-1.2128069344938839,-1.2501647951162738
2022-09-09,0.7925399876161929,1.0634838495724328,1.7203783370020906,0.987437138392069
2022-09-12,-0.0031357300766261267,-0.07782507403077396,-0.3773015821793912,0.3473103380545738
2022-09-13,-0.24489039270773186,-0.05539699311919433,0.3689722152064666,0.011141221548160484
2022-09-14,-0.915786234153939,-0.4297654980182317,0.577837393285161,-0.02687211837281484
2022-09-15,0.1537425511849704,0.16681377543107326,0.2026965830788075,0.15261628489116932
2022-09-16,-0.798223351012884,-1.2159558778990953,-2.043285123077688,-1.6923937810925196
2022-09-19,-1.8448478237534673,-2.39283948863881,-3.2642412159309777,-3.8094223539210557
2022-09-20,0.9057307106462986,1.1330319717078932,1.7323583735700205,0.9018186862871387
2022-09-21,-1.04242278426361,-0.8629282678037248,-0.5829453323280825,-0.3817637155164995
2022-09-22,0.060232629998489114,0.4560168380205432,1.107749583134423,1.3875305867374228
2022-09-23,-1.107054078392405,-1.0346298684070219,-0.9988797579211296,-0.5728998060639466
2022-09-26,-2.34670287789562,-2.8719617682774925,-3.8406133660073687,-3.7493660356249876
2022-09-27,-0.4017425476926984,-0.4638375472580042,-0.5316299575077805,-0.729499484549869
2022-09-28,-1.8608205337335433,-1.7757708616408654,-1.5063858567287716,-2.0176202047556617
2022-09-29,-1.145543483218352,-1.3718171810237276,-1.662579834962251,-2.207195334450649
2022-09-30,0.3974868787758612,0.3416062367167476,0.15235120555322915,0.5404656100573585
2022-10-03,-4.438153206085655,-4.679098852463203,-5.232428735150043,-4.724763044663867
2022-10-04,-0.3891409271203169,-0.9412010646365351,-2.0618415393937237,-1.6395413530515581
2022-10-05,1.7751357729812876,2.4175365514319815,3.675203779467393,3.3801074514292484
2022-10-06,-3.2767150995897407,-3.3134956185517686,-3.3021127709599924,-3.662986365686751
2022-10-07,-3.944120057936231,-3.94473031047584,-3.9358899308411783,-3.9816251949053005
2022-10-10,-0.05869702401417517,0.4281309870878837,1.2384445126046333,1.6050791179908497
2022-10-11,-3.6512746995375966,-3.825649729102001,-4.119340683120916,-4.235635203930262
2022-10-12,3.2655201201331523,3.2095097017834515,3.55005075609819,1.542679941138826
2022-10-13,1.5636628194753497,1.2852357158509127,0.8930454799339845,0.3398862285875003
2022-10-14,0.9608950073886063,1.2756848878694338,1.832430991396213,1.9283744313149123
2022-10-17,-1.345943423497289,-0.6576708920201452,0.6192542548842729,0.47330160811535055
2022-10-18,1.1261786624552257,0.8919906285639976,0.38694893095175076,0.7696938261844655
2022-10-19,-0.5121395577020574,-0.40437630199617325,-0.23043276402774712,-0.12948108852044363
2022-10-20,-0.03702104071407569,-0.4380658481982668,-1.1759481771929692,-1.1240938159205576
2022-10-21,-4.1375588154335565,-4.3180170823058805,-4.592690551172758,-4.84561351765972
2022-10-24,-3.698171431477971,-3.740337237355996,-3.7947955168220298,-3.8968910344639918
2022-10-25,1.795102644683148,1.3334018926449294,0.910791935932663,-1.0634835903863211
2022-10-26,-0.11201204039062691,-0.4205842317927832,-0.7948354571995102,-1.7267332616349065
2022-10-27,3.773771028312076,3.9860497533680546,4.633120930401638,3.446218142182009
2022-10-28,0.09621038745238128,-0.02807327142230287,-0.5121955154003434,0.6859099334040638
2022-10-31,-0.2577408749571976,-0.38378892527738545,-0.6935474222575688,-0.351160946594283
2022-11-01,1.0896360951503536,0.822035044121486,0.1817158375007503,0.8241528188516419
2022-11-02,-1.2514279258449292,-1.1153894216891447,-1.0353800184598838,-0.2235398805483876
2022-11-03,-0.13470118875350542,-0.1545837408930096,-0.08569273235802452,-0.5751122676733004
2022-11-04,-2.5603361245670433,-2.7877691504573066,-3.176387178528432,-3.3544772727977574
2022-11-07,-2.544320486042737,-3.091592983441112,-4.0972436439596835,-4.2448538246714245
2022-11-08,0.7414496265191672,0.5816705164554623,0.49728063670322864,-0.5135825029967721
2022-11-09,-0.041841645293243725,-0.2423079135010751,-0.8929613713862316,0.3455319913396278
2022-11-10,-4.475617544613674,-4.6865631395561325,-5.254477720840842,-4.547032957370729
2022-11-11,1.2791451734560118,0.40462353730931594,-1.2134100057125947,-1.6928649771307012
2022-11-14,-1.3314645792760043,-2.041968155683494,-3.4304518809173588,-3.5988995671815673
2022-11-15,-3.4265850471759536,-3.849552503579866,-4.693611318863459,-4.829802308639546
2022-11-16,3.8507570569178,3.809697121152327,3.6993017283157825,3.9017971655825683
2022-11-17,3.2179323764818974,2.951457011131782,2.41756232395331,2.3955432676704986
2022-11-18,0.016475821768897142,0.39180029702415187,1.0633444907224272,1.5521671429415145
2022-11-21,-1.4843977987413928,-0.8739960491187762,0.1560207110004615,1.0635007219313155
2022-11-22,-1.1932249455785056,-0.5549008065498234,0.7152761039549775,0.6791112422973122
2022-11-23,-0.7228294937407842,-0.8742305209305875,-0.9957589296650785,-1.8118118937195504
2022-11-24,0.21601613090591307,0.16555642553165498,0.17825945877117252,-0.32220596017688924
2022-11-25,2.801702969952198,2.8269336081628396,2.8277653296346736,3.1188750527689413
2022-11-28,3.7380799409375385,3.7994332042200942,4.033366905535241,3.5962754584390266
2022-11-29,2.4295719427876348,2.4560831397823124,2.6122388975459687,2.196914952447917
2022-11-30,1.9411171248130639,2.009192575347271,2.287395130594688,1.6721790709703321
2022-12-01,-0.6281541796126214,-0.41884772304320417,-0.24879246521267323,0.8261749928377301
2022-12-02,4.716110178138807,4.243486875649593,3.6797783383517086,2.0945203874138763
2022-12-05,1.6289443776893362,1.635448261066074,1.9278681576377885,0.6394912995549789
2022-12-06,-5.255712930345636,-4.425065073377074,-2.9303999903264515,-2.4292401887171935
2022-12-07,-0.6166632282177756,-1.0209230814902024,-1.6608743048069914,-2.381754365548776
2022-12-08,1.435832676531838,1.8883448305373085,2.9946073839484897,1.9548137116622086
2022-12-09,0.22088447328189723,0.3925247901944273,0.7460868988649703,0.6510593581619989
2022-12-12,-2.6313051995138617,-2.138980662754337,-1.2061326554191645,-1.2485513109442747
2022-12-13,1.8158437655606092,1.8333780431848374,1.996514905129364,1.4242282555192962
2022-12-14,-0.024614219569502552,0.18643011559747408,0.5412191353251375,0.7409577969433192
2022-12-15,1.1213486923818046,0.902559765107,0.5493364647826263,0.2824949303259192
2022-12-16,-0.37614658705980897,-0.09868823626284642,0.38164903830120056,0.5741830563487806
2022-12-19,-1.310151219719625,-1.2998121632123263,-1.4484184758967986,-0.6951546069470514
2022-12-20,-1.964476807257458,-2.0046885665694796,-1.995277086195517,-2.4479237944028407
2022-12-21,0.3209092913929051,-0.24077382949362286,-1.1269572039361866,-1.998108338317749
2022-12-22,0.505929322317895,0.4789532830616861,0.484210586655135,0.1910452815080452
2022-12-23,-0.4062790574480647,-0.4637613327405256,-0.6192586413104834,-0.4003024015246528
2022-12-26,-4.586589537911523,-4.443887349331422,-4.379024566337587,-3.526746442880467
2022-12-27,1.9638449223946481,2.3014783263985357,3.0915559507655272,2.421616702191069
2022-12-28,0.6520546921743647,0.8899660112242848,1.5244491813429228,0.6211317714168934
2022-12-29,-0.5587849871503121,-0.5790201658355428,-0.7249779011720633,-0.23531090310702396
2022-12-30,-0.3089166048218044,0.1164846511152738,0.9606339831135534,0.6760891935994064
2023-01-03,4.099110247619268,3.590061679160117,2.56291776599725,3.008511252226226
2023-01-04,0.27653302641720445,0.189656342067942,0.08636865057249267,-0.2172703313152129
2023-01-05,1.1126745318483684,0.9222843860137836,0.5832651090441747,0.49592604421346426
2023-01-06,-0.4246691608450042,-0.5045240397864709,-0.586986357746842,-0.9401493622900704
2023-01-09,0.35307370974995544,0.11058234574083672,-0.2623245533069101,-0.6927008842591285
2023-01-10,-0.05750187510856549,-0.003947264546178504,0.02462218023191564,0.3847098897127402
2023-01-11,0.44125674324978337,0.33692953404880577,0.06637506629489025,0.41166691111177417
2023-01-12,0.09570905181067318,0.014751655900130311,-0.22167083135217827,0.17865736903501353
2023-01-13,0.3389357675641581,0.2945770533862289,0.23956218614820582,0.10612701470910009
2023-01-16,0.5453109892934369,0.4129083575350759,0.20552083664022192,-0.03109452761371013
2023-01-17,2.57144440417552,2.3612469471845214,1.9856447467249037,1.9107043863925137
2023-01-18,1.0804583695527514,1.04921607979024,0.8944252798961041,1.370726866947919
2023-01-19,0.5541566888587862,0.6471662132033851,0.803361721114808,0.9391560302125016
2023-01-27,0.7751185276187988,0.8598328650340236,1.0853239824481684,0.7991483391428421
2023-01-30,-1.4880431392470483,-1.1170689410491852,-0.6774814022437085,0.6243787357163489
2023-01-31,0.9932998748487836,0.968224781284137,0.9140857459966981,0.9729904144690814
2023-02-01,-3.3421390342056503,-3.4060471024446484,-3.70830585761315,-2.9372613387726525
2023-02-02,0.49414054717632727,-0.05299136364795944,-1.0926972563338768,-1.1723734010200755
2023-02-03,-0.7140330816920777,-0.642946027342365,-0.7144670236113477,0.40949733631621477
2023-02-06,0.7953914974054183,0.8018359500768503,0.9539614565825798,0.3148826671177919
2023-02-07,-2.2987605689400366,-2.1975913197823638,-2.1521660957505446,-1.5556355177406798
2023-02-08,0.36212986636015604,0.32307667532895856,0.16557859880821751,0.5641801859528016
2023-02-09,-1.2628549345015883,-0.7765519543495829,0.037764921369089446,0.4666922016603429
2023-02-10,-1.0594555265995764,-1.1447662105605723,-1.305846898260743,-1.329045287441832
2023-02-13,-0.7984189000553628,-1.5439850278433125,-2.9307122045420035,-3.0465531987114365
2023-02-14,-0.5271463012472966,-0.13203467319992543,0.5546709380392618,0.8428082822843954
2023-02-15,0.809331406000884,0.9326859377325071,1.007164622845841,1.7443897366970103
2023-02-16,1.1360076423061538,1.2159451680585311,1.3757621416532746,1.3664193877006898
2023-02-17,-0.14604218851894016,0.016908777187573408,0.38864355984633786,0.06613579528046745
2023-02-20,3.142597988360793,3.0297779012463573,2.8583998315961177,2.7389315422639773
2023-02-21,-0.595871262135515,-0.48941947810557473,-0.48105568478902394,0.3826253079242298
2023-02-22,-2.797582045915952,-2.786314464263786,-3.0034283623289064,-1.9667890926386749
2023-02-23,-0.01236899570087669,-0.02791987015453749,-0.07364448459511831,0.007065140599219862
2023-02-24,-1.9728030906381981,-1.8703234841423686,-1.8261316416965816,-1.2056206266674665
2023-02-27,-1.8571654503596726,-2.166260930581485,-2.9327801179131434,-2.136553518057448
2023-02-28,0.3454371236332627,0.3244787089512292,0.38476569962183116,-0.07581813147226846
2023-03-01,1.9001347524931438,1.8631181559965337,1.8452774515535213,1.6458740740117292
2023-03-02,-0.5525518624233483,-0.3633314431253453,0.12506540032705987,-0.47845903414901425
2023-03-03,-1.5063357767718415,-1.4635685133476173,-1.583058714542524,-0.7279220281227633
2023-03-06,0.08976085747249689,0.3140303801673785,0.8611934122052664,0.26349758108586807
2023-03-07,1.2638429827467845,1.0934451601588004,0.8742492765265619,0.44997201358326044
2023-03-08,1.29901476020367,1.337622797539169,1.5173876013900576,1.051364314424787
2023-03-09,0.926893529944833,0.8180332729251368,0.6526527942108921,0.49488497979320095
2023-03-10,-0.29368596733096025,-0.38713017193748644,-0.555293841087903,-0.580735712114452
2023-03-13,0.27368930004220365,-0.07218986246511284,-0.6905103946366423,-0.8337124923656425
2023-03-14,-1.218744425696376,-1.394824174998298,-1.7652362811793263,-1.62069847281415
2023-03-15,2.572308565925468,2.627900170729895,2.754186451746315,2.7153117564906393
2023-03-16,-1.6473089271854455,-1.5112933754441469,-1.2420113711989058,-1.308652334933051
2023-03-17,0.06874493038193659,0.1256452045699717,0.24061777929717815,0.20231038050749772
2023-03-20,-2.240214135141349,-2.130029768276475,-2.0524339905705444,-1.5164064789399463
2023-03-21,1.0235384616720757,0.984354389137866,0.9756791558938377,0.7074263317434488
2023-03-22,0.7795321885219578,0.5320374334611995,0.05973199375933206,0.09455233812289275
2023-03-23,0.33114197572125104,0.44775291118132715,0.848884928250484,0.04633436230056642
2023-03-24,0.45948165223591464,0.4587785685222729,0.48651307191075005,0.4088094489346115
2023-03-27,0.4772599399062626,0.575259503672168,0.7415222755656085,0.8449358919442593
2023-03-28,0.22408496236675143,0.1313655235040742,-0.09624158147879179,0.1667010612163309
2023-03-29,0.24808173948141088,0.2016880878025892,0.09393286800926941,0.20485852697560988
2023-03-30,0.5439978840313885,0.29830799356872423,-0.19489354431274178,-0.0598933558629488
2023-03-31,0.6016123371225862,0.6195329926530532,0.7199056879803353,0.42740636931091636
2023-04-03,1.3910694162511708,1.6319527205143978,2.1665980708241905,1.8324369476989597
2023-04-04,-0.03490946541292243,0.34192690585065977,1.009970310801702,1.220793592276496
2023-04-05,0.13681211589633568,0.32538511722120683,0.5753177149451972,1.0344179181687194
2023-04-06,-1.0116792685295177,-1.1075466204463356,-1.4647488040902303,-0.6620325866729988
2023-04-07,0.0018537914670785078,0.11849148150682981,0.26751170437342575,0.57566830362235
2023-04-10,-0.13634531790510826,-0.03495009938105341,0.2243665941913755,-0.0924325222859832
2023-04-11,0.3983109493696008,0.5113812597065426,0.6523432078723931,0.9654583340701017
2023-04-12,-0.09433962963833728,0.07821968541189735,0.4148648414078546,0.3284937128246625
2023-04-13,-0.5586088313961908,-0.5129208961296857,-0.3712304671830978,-0.6555176221703113
2023-04-14,-1.0514104620862912,-1.2114024435827346,-1.4823473093377664,-1.5839113423254134
2023-04-17,0.14940452402100504,0.16583507629977468,0.20990457052527584,0.1390694664382588
2023-04-18,-0.04414036708172798,0.11562734012745017,0.2662440246909553,0.966398587389473
2023-04-19,-0.7931422402707997,-0.8220867790839584,-0.9289409568186637,-0.6742061187196297
2023-04-20,-0.23983895843307368,-0.1066972369823173,0.03994618623572313,0.4928063821481816
2023-04-21,-0.7076927701950937,-0.5928557635035735,-0.5213067109574107,0.1343700856479594
2023-04-24,-0.0009558630248311116,-0.1014743715080905,-0.45629072178140034,0.356019619867102
2023-04-25,-0.876537502807617,-0.8135163794377561,-0.7937731955134246,-0.33720510526883074
2023-04-26,0.7876022809908966,0.7756858597129183,0.7397308661155286,0.8073900915008153
2023-04-27,-0.3546136993183692,-0.053783790464043676,0.567128645368031,0.21691614870520773
2023-04-28,0.9450755253825024,1.0051431743311896,1.25636409006191,0.5705427177981908
2023-05-04,-1.127664299814508,-0.755393043269193,-0.2627551863747794,0.6241945195521398
2023-05-05,-0.11356528817874749,-0.11534485408972513,-0.10874742796588412,-0.16238525695355566
2023-05-08,1.0784615440619338,0.9614363804335594,0.8093881883438477,0.5563691725350288
2023-05-09,-0.00476328838465969,0.10046094687247396,0.2735430714599726,0.3501086749836015
2023-05-10,0.5055459153080298,0.6945494238119982,1.010355790895626,1.1530573658603134
2023-05-11,-0.005687419429749001,0.06352402154517352,0.13291868582970962,0.39885556093421415
2023-05-12,1.0851584540423556,0.8764093389944896,0.5116635800869711,0.5128111843371335
2023-05-15,0.41734178684452,-0.024214365048160474,-0.8844293497017285,-0.5487821136742287
2023-05-16,-0.11772731605361464,-0.045538885665655816,0.05670291140950567,0.2401059579280827
2023-05-17,-0.707406291879938,-0.7627015463363067,-1.0322987409404594,-0.17716532031331098
2023-05-18,0.8120596372566563,0.5657737493525326,0.13380016714145077,0.051467435729576676
2023-05-19,-0.17947284682819584,0.04756981445250466,0.5393284818400017,0.17299771746963596
2023-05-22,0.45739328684879854,0.6934967995793758,1.1416185812990298,1.0470790291214271
2023-05-23,-0.5313325196582533,-0.3737166906477634,-0.10670331646481937,-0.024207799871312358
2023-05-24,-0.6104451713780324,-0.5092228640297202,-0.5447886567310811,0.5344335182587521
2023-05-25,0.05650515759893236,-0.01069721533054911,-0.17219180824719077,0.028091353264944288
2023-05-26,-0.12623885310649835,0.12926239632903144,0.5442600022410179,0.7515165565380806
2023-05-29,0.8410904844330592,1.0934771447599185,1.468807535885744,1.8489745308609429
2023-05-30,0.19144660052903464,0.358660491690077,0.622431788287734,0.7765290105711632
2023-05-31,-0.5135291784793984,-0.23384649632090987,0.11399198988934396,0.8067239473503734
2023-06-01,0.16491603329181898,0.48815603039856836,1.1413306760629454,0.6979091139391589
2023-06-02,1.7512802283495272,1.480441402898245,1.2593481209798667,-0.007642922657355874
2023-06-05,0.3783222451424747,0.2977912121238688,0.19707193910881146,-0.003821680393334575
2023-06-06,1.0249018318154912,1.0450878462320579,1.1702047069537234,0.7409613046819857
2023-06-07,0.30434806101237283,0.4547377816993268,0.608816274671991,1.159387362030936
2023-06-08,-1.2028496268619435,-1.4145033906881554,-1.9565081184784296,-1.1214591520911714
2023-06-09,0.7650574632029662,0.8873354823197013,1.2703790129290722,0.46911854077109455
2023-06-12,0.7944017745960822,0.7450047646183515,0.5928115928250811,0.9092474610320274
2023-06-13,0.5177493116541098,0.3644600643719228,-0.03501653021969264,0.6271296098285688
2023-06-14,-0.43037097141765335,-0.5518081296357611,-0.6752592322698662,-1.1340863369611325
2023-06-15,-0.1829513346179835,-0.15716296408544958,0.0055308204986319175,-0.5798429034247353
2023-06-16,0.04419132208477637,0.02960249422631688,0.04147140606030729,-0.15287167056849157
2023-06-19,-0.9166730855361466,-0.6588739499918456,-0.06774552827550011,-0.7594886605976882
2023-06-20,0.4838404326420924,0.7753486622666892,1.2691406387995956,1.3560274942048223
2023-06-21,0.7038660316335751,0.855523772726669,1.052769992823391,1.394326502747374
2023-06-22,0.49603854731819697,0.6464300072509657,0.9943173017848581,0.553070499017472
2023-06-23,0.8162728671826152,0.6296175971347588,0.3105831101632018,0.24188445592402624
2023-06-26,0.3959278685261361,0.19154497675084153,-0.06871270688198629,-0.5443245404890465
2023-06-27,0.2807155671891808,0.17225756307827647,-0.08078111096050396,0.24704885490366627
2023-06-28,0.5897544262989499,0.3570966560425567,0.008682091855321573,-0.29075272116916356
2023-06-29,-1.3969456037405334,-1.5354363419549373,-1.8195798195162194,-1.6517077087059284
2023-06-30,-0.19213498051832997,-0.058370728737689566,0.259456374197252,-0.13944743396306336
2023-07-03,0.021366570301617177,0.1577050149778668,0.3926564836972218,0.4252715159058315
2023-07-04,0.411305696285595,0.7025407394636572,1.2449045814809367,1.0876574164571626
2023-07-05,0.15590677100326097,0.13558221069307888,0.05603810737849048,0.2582197637175928
2023-07-06,-0.9176660520578774,-0.7370673199963169,-0.4043109676035299,-0.6624682678595197
2023-07-07,0.888452041518963,0.9446036682181852,1.0862541499558382,0.8993247030257072
2023-07-10,1.2083276837714108,1.1275754058129612,0.9552417707515248,1.1306283696284356
2023-07-11,0.30657321714916685,0.27325218047308253,0.26536946134663014,0.0007309861368403211
2023-07-12,-0.011337819051841704,-0.047120536090020315,-0.09558289924880843,-0.13605543796836084
2023-07-13,0.8312209933313071,1.0658771362729544,1.5887635064714083,1.002888864804768
2023-07-14,0.38675750717569846,0.407418377552334,0.45474358381547425,0.4021094438983984
2023-07-17,0.34320104907733556,0.46683711419898677,0.7078962541774609,0.5685759214140305
2023-07-18,0.19215927676676975,0.17776852950852245,0.27045016182399556,-0.34939933170147697
2023-07-19,-0.13979359140387423,-0.23709500132362235,-0.4190314927840797,-0.3499016992406658
2023-07-20,0.2631298524777499,0.33890806568493154,0.4882763141008925,0.4039010741600781
2023-07-21,1.5576612468958018,1.4583294985276736,1.4563180557895894,0.6328544681443931
2023-07-24,0.549641260368156,0.6867947656029555,0.8810904187516233,1.1089135217633195
2023-07-25,0.4073359457741351,0.2533648702266569,0.08929513252780578,-0.42532441890424444
2023-07-26,0.28506670856499733,0.30014521061618427,0.42183194246794714,-0.08457140924580121
2023-07-27,-0.14576594240684285,0.005079451081740271,0.387479193492513,-0.24202745299613324
2023-07-28,1.0588251300415867,1.0383907017729652,1.0592593782773911,0.7894067941438009
2023-07-31,1.5029383363797606,1.0774610404635696,0.37283341606148973,0.2930182602716292
2023-08-01,-0.7036339818725984,-0.7704570140692973,-0.7910374577683976,-1.3857854469497612
2023-08-02,-0.07039083572825694,0.3327068622244722,1.0875814273886606,0.7690976133843831
2023-08-03,-0.8650942888188666,-0.6154173895233522,-0.2517033650962581,0.06595207012972693
2023-08-04,1.6886676873792656,1.5442846187476027,1.362849278138274,1.188166281342537
2023-08-07,1.551942836063184,1.3207677329389615,0.8616280136362844,0.8586857263608351
2023-08-08,-0.22973886325903928,-0.2200077482685761,-0.3044106253742622,0.18389055023259063
2023-08-09,-0.6407675733757643,-0.5168815485773327,-0.44612219334949044,0.3964676032185378
2023-08-10,-1.106238268705241,-1.1230792131959777,-1.134656651313864,-1.248674281445966
2023-08-11,1.1812198291740195,0.986050739889025,0.7914164650179291,-0.13784178368097705
2023-08-14,0.21415353164816556,0.6400414712479678,1.569594249544282,1.1846731437037012
2023-08-15,-0.17628100046433093,-0.16166964132713837,-0.29054337839309674,0.46803896016234897
2023-08-16,1.25772716195312,0.904593369182667,0.32179144406783217,-0.24548181213426032
2023-08-17,-0.7290122793812719,-0.7078481723028945,-0.624451348813631,-0.8312380826876603
2023-08-18,-4.736069156949051,-5.080664776363779,-5.8317194683717855,-5.547756375587356
2023-08-21,0.018484133104784303,0.011154346130917873,0.29510400279296095,-1.1464221623223465
2023-08-22,0.2676366942397722,0.5638155803769135,1.2120529627362782,0.9379513997886313
2023-08-23,-0.8870320061132684,-0.7346992793858632,-0.5627588721653877,0.08108267928598935
2023-08-24,1.585877210009055,1.8267253534865493,2.485971752810346,1.580442252778855
2023-08-25,-0.6636610732510037,-0.27210211316128524,0.6601043796547723,-0.15823247502018017
2023-08-28,1.6175949739910198,1.7131578903506472,2.1154382343902607,1.0355672669833644
2023-08-29,0.17044967422428767,0.2807590640475327,0.4881308070495697,0.51343208003157
2023-08-30,0.8267049127567495,1.0430084073968011,1.5730622117480029,1.0176068228659554
2023-08-31,0.7292448448527195,1.032241940575939,1.6421390212657687,1.4723769833185045
2023-09-05,0.8156000631928962,0.776922938428494,0.6584311180243819,0.8883452584904444
2023-09-06,1.228919872742699,1.1876471877503898,1.0971685241632216,1.1474820047165384
2023-09-07,-0.3824674178265954,-0.152274378371268,0.19956906428287058,0.6398462763174569
2023-09-08,-0.4855541491887731,-0.06784071261477627,0.7699363787448575,0.5061072135360825
2023-09-11,-1.486407591340063,-1.6632433524900232,-1.977325638507252,-2.0703344367570735
2023-09-12,2.020546994665506,2.0855009033184246,2.3252963927731845,1.7488092517406253
2023-09-13,-0.6294503524770341,-0.5316977790343619,-0.43168640316962154,-0.025766729869914972
2023-09-14,-1.1192658374628703,-1.2757470664415458,-1.5792641142422033,-1.528666943715651
2023-09-15,0.3841694744933374,0.24821833307720415,0.028169490374840157,-0.15574609648243365
2023-09-18,-1.2272185402903524,-1.146777342696754,-1.0231180553523163,-0.8707061135323345
2023-09-19,0.14698679765448758,0.22682407205376898,0.4321525446946554,0.1418242729379958
2023-09-20,0.7373807328177315,1.3019899723246044,2.448859803662579,1.9769661405384626
2023-09-21,-1.253602749733766,-1.2514733985553346,-1.541813873722395,-0.11108499825308858
2023-09-22,-1.779200221662941,-2.361428605339091,-3.661724543415465,-2.57842189291109
2023-09-25,-3.202642195763753,-4.0162623525155245,-5.756040281688183,-4.7999125317972595
2023-09-26,-0.5680187838917364,-0.9780434365905406,-1.7658922897262934,-1.763337957869017
2023-09-27,1.3118359334514007,1.8253009861260412,3.0916083401310286,1.748654963686471
2023-09-28,-0.3557578600537526,-0.2819101048452518,-0.15477049532791576,-0.08226463231846715
2023-09-29,0.15531750958834176,0.19492174804758522,0.25639868490007894,0.31839917733535666
2023-10-02,0.07456962105045585,0.20830113059432728,0.48359837340677225,0.37797277831819515
2023-10-03,-3.1542810502812184,-3.544484313866101,-4.462374001607186,-3.628197464251436
2023-10-04,0.6741806511414167,1.0783614676478552,2.006383252090069,1.256468912793789
2023-10-05,-1.242603327611129,-1.2718687800935815,-1.4062697583623982,-1.0372750047863382
2023-10-06,1.3514554750212864,1.5200930486649864,2.025328925517331,1.1291411257212716
2023-10-09,0.9248368431904858,1.1094468266102464,1.5672058418814978,1.0256881052867899
2023-10-10,0.8577725542661014,0.5765103809298597,-0.14394915068477637,0.7875331425989264
2023-10-11,0.602346756043134,0.8495818281046589,1.4260566524008234,0.8875258059842146
2023-10-12,-0.15432234134643238,-0.05830154064058147,0.16165635387092284,-0.02688943733703661
2023-10-13,0.10033660769311012,0.2518245754687546,0.7004771001292014,-0.11490659649944539
2023-10-16,-1.15956072579854,-1.2915070384626222,-1.6043076802762117,-1.2860312287850126
2023-10-17,-1.061799500726191,-1.931087249620909,-4.002319863046324,-1.94030550439344
2023-10-18,-1.365067367606877,-1.5877943293429138,-1.7589850436485928,-3.0111934651622154
2023-10-19,-1.8534907080679734,-1.7841444093321013,-1.565477452137701,-1.986071718448932
2023-10-20,1.6872130216523271,2.1094528652137323,3.1036764458210806,2.20733642108274
2023-10-23,-1.5099769529396638,-1.3783629482533044,-1.1839180520588106,-0.9114050030691098
2023-10-24,0.9235801744185929,1.1051032398898324,1.6281384293706043,0.7319550616550746
2023-10-25,-0.34074027336523915,-0.41715050018073857,-0.5897904420570442,-0.44770577460668504
2023-10-26,-4.441869249840926,-4.594059872822977,-4.922066338959182,-4.72042196077041
2023-10-27,0.24571880387963269,0.7573942876073455,1.9178301503881932,0.94609006226887
2023-10-30,-1.8854567615569517,-2.3528491386103956,-3.5480850765682983,-2.0049774803307456
2023-10-31,-0.7906088588931501,-1.4821236939751679,-2.7884268780243406,-2.8718585165423303
2023-11-01,1.1735977802181874,1.5309918228672121,2.5234546192290463,1.0148945470698327
2023-11-02,3.3521124641752684,3.727046019726596,4.501489198883184,4.20296218105442
2023-11-03,-0.12053238121331289,0.06366106695052987,0.4616893638505151,0.21786938871699163
2023-11-06,1.582891053227507,1.4358563611907562,1.2861975217554882,0.6052860753701758
2023-11-07,-0.9844221505437537,-0.9206805683634368,-0.8669258238047648,-0.5169872664833524
2023-11-08,3.351253476226998,3.633814973499828,4.356963652878833,3.43384761302664
2023-11-09,-0.6214232790081704,-0.13015704796114094,0.7237652577366414,1.1393455296449166
2023-11-10,-1.2455358152933411,-0.9802734385186646,-0.4467000130182211,-0.6312807625382802
2023-11-13,-0.21031071445236355,0.03757145329425647,0.662933386264846,-0.1636598402922436
2023-11-14,1.1284935572755908,1.148042683841552,1.220564279346774,1.0307428220602932
2023-11-15,1.121201521334405,0.8873063329459262,0.3183629749800074,0.9907022736962907
2023-11-16,0.0618238041330053,0.3639071504921184,0.9082077123317717,1.0154665859246355
2023-11-17,-2.6001742126806517,-2.164307716570334,-1.5609840200575855,-0.547131187956491
2023-11-20,-0.061639429430112365,0.1747363798110361,0.5260313052565241,0.9316348371915315
2023-11-21,0.5200219727107498,0.6985617855318282,1.1077512289018459,0.6682318276285413
2023-11-22,0.10818609060966002,0.4421720375443935,1.0581548826997902,1.0006577386880167
2023-11-23,-2.474037008323828,-2.8159051426624324,-3.6691409374321915,-2.475502734377103
2023-11-24,0.4294897893338989,0.6194430389985348,1.2390655320718564,-0.16044778156107156
2023-11-27,-0.8237339721768504,-1.0569851536878367,-1.6760557470242312,-0.6701789024130188
2023-11-28,0.9312781606793752,0.8163458566393379,0.5923366504700844,0.6694250189709218
2023-11-29,0.42627959695343104,0.6924114493491818,1.276673332799625,0.752555242648702
2023-11-30,-1.0538706920217162,-0.7555963304071281,-0.28957115172022396,0.062084159687910194
2023-12-01,0.8001552757583997,0.7779970616606594,0.77927054776097,0.5637220485045682
2023-12-04,1.5262747649345436,1.9175983455908658,2.671606147453773,2.3907570049899305
2023-12-05,-0.6106252948905995,-0.5163734994353181,-0.31254382462021046,-0.5080364950559761
2023-12-06,0.8010216202795444,1.0239732269599016,1.4355322351513196,1.368985960119914
2023-12-07,0.18733512337127614,-0.22674257809233286,-1.1299490077531638,-0.3128719706097788
2023-12-08,0.31802527882277165,0.15063541203490055,-0.024365906416245035,-0.6650318992048104
2023-12-11,0.2195115184172848,0.032374494431287336,-0.2515476144071018,-0.5225140603326583
2023-12-12,0.34575987630237986,0.2725797148217047,0.08953749253665305,0.34282079994636544
2023-12-13,-1.290838555271536,-1.3394370933749609,-1.4930281965751337,-1.1696810753366738
2023-12-14,-0.21163837648286873,-0.4759613503827401,-1.0436403592742454,-0.6118758097746391
2023-12-15,-0.6439944323780638,-0.49520042768982275,-0.28473636371749395,0.028904411829708168
2023-12-18,-1.1667952377973871,-0.9284035020402079,-0.48057425728412345,-0.5513627093520155
2023-12-19,0.6616029352171069,0.6064572393429081,0.5755764901104936,0.2322103439214301
2023-12-20,0.46964744048921275,0.48253154120693936,0.4742564387717435,0.6291636009785877
2023-12-21,0.038278559006252204,0.15409764643409068,0.40336986712983985,0.1970487613553943
2023-12-22,0.001822423093786067,-0.02225377321907413,-0.03434167632972474,-0.1904003409068394
2023-12-25,1.3044981779007447,1.272933440154862,1.302024353611584,0.8700727480747288
2023-12-26,0.32863752876290375,0.3430956530028809,0.4554860017129728,0.009519311394855743
2023-12-27,0.03764351634892053,0.03153026931952713,0.008727856705785438,0.07758520122173357
2023-12-28,1.1201079483575247,0.7867806297618364,0.19472391694460287,0.11114930981302483
2023-12-29,0.26106556064749104,0.30623112699222466,0.427640808165233,0.23067892583015845
2024-01-02,0.015907383710809832,-0.12133925339714914,-0.4363516854431697,-0.10724331030803472
2024-01-03,1.1605716057457358,1.1245278512210486,0.9369929507559698,1.5557414419707842
2024-01-04,1.0012164185548194,0.676021838093628,0.05579185756174631,0.17735402564363192
2024-01-05,0.41164929047469895,0.30956090918825196,0.12527441328493294,0.10253506270664567
2024-01-08,0.20476119790033617,0.2874405794656938,0.3720235988349809,0.7226434955211435
2024-01-09,-0.28488699106001913,-0.24584200510264298,-0.17064948279347056,-0.19157707932154455
2024-01-10,0.21266619865087116,-0.0951078951796361,-0.6180293961014341,-0.8591179639227677
2024-01-11,0.0756585771010319,0.22234300887350472,0.6335029292270544,-0.06617134303148356
2024-01-12,0.00859394471185672,-0.404318943035217,-1.1104086342471997,-1.4282696247015376
2024-01-15,-0.2030143151329899,-0.41621594112573557,-0.8799861234997132,-0.5679670975634856
2024-01-16,0.7626061518140697,0.9526878958969393,1.4375960347068266,0.7881367608167443
2024-01-17,-0.30640215686589295,-0.10248809790690469,0.23654891503937175,0.44831557396798605
2024-01-18,0.6237950260169242,0.589772814105043,0.5943647582485388,0.24835918389685513
2024-01-19,0.9596791101296758,0.6558061298868647,0.09824249549281944,0.04916420944654115
2024-01-22,0.36466422701463785,0.2774831069936293,0.1648532238781986,-0.10052323547738078
2024-01-23,-0.48116516037978163,-0.35870053552606307,-0.14772778571055084,-0.04921366791807663
2024-01-24,-0.3723611123373824,-0.35494803256454166,-0.2903871389309928,-0.4512878773842738
2024-01-25,-0.1637696221303589,-0.07147752756626434,0.12757694247081688,-0.0036359802061414256
2024-01-26,0.44908859804566126,0.42558792343897783,0.4073836689985888,0.27233231185678586
2024-01-29,-0.309061673027623,-0.17354201849565212,0.06887425029993378,0.12176473371746027
2024-01-30,0.2151740859352696,0.44289907086503316,0.8865632731044482,0.7806902763774811
2024-01-31,-1.3100475257786783,-1.2187073009716112,-1.1081545479798114,-0.8198127737611702
2024-02-01,0.600083863252664,0.6582658593453026,0.7335281001713237,0.8995584539396461
2024-02-02,0.12009660275478717,0.0848123053865974,0.015283725409506004,0.033747033991912416
2024-02-05,1.905526182473973,1.3845637648721867,0.47940056749317855,0.22373459505390147
2024-02-06,0.1510517576789045,0.23978249170916022,0.41318075403947657,0.3596496045523828
2024-02-07,1.1219627865065551,0.9346054475350807,0.5817352065913264,0.618311473272278
2024-02-15,0.3638133586244894,0.5157468936157011,0.8364438460921877,0.6166267814536436
2024-02-16,0.6077851004143084,0.4410034070421155,0.03207414685380668,0.589723401208474
2024-02-19,1.2707393662643462,0.8713948958794043,0.1839510203756921,-0.11359733075815377
2024-02-20,0.11684833208937771,0.14610144606223985,0.1395327259604938,0.46199804976388537
2024-02-21,0.034625342069860954,0.11704815542443207,0.2707880922865816,0.27687422010760115
2024-02-22,-0.17566624715737192,-0.15636216656160748,-0.24874539549383629,0.44889866080772106
2024-02-23,-1.3650287672268124,-1.5927084961616174,-2.073293879048457,-1.7753435606430021
2024-02-26,0.8321168352793787,1.0608544071830635,1.5750466528137803,1.1103115102536734
2024-02-27,1.1768540077996115,1.1686002068834418,1.143593241962993,1.1850633730155198
2024-02-28,1.387861179039075,1.0131188025873408,0.3022892633297811,0.35046081141111
2024-02-29,0.03160681153095783,0.15222924084246706,0.532382329064364,-0.2835787867365731
2024-03-01,0.10423165637562079,0.5251047730375572,1.41508362530439,0.8401334317589166
2024-03-04,0.11516013261969979,0.2724690656150575,0.6030480112966806,0.39224698378460204
2024-03-05,0.913413185489169,0.834694290300765,0.7225874830960084,0.5303215060882654
2024-03-06,-0.713381617767189,-0.8339124019622302,-1.1507509030352396,-0.6386325122864701
2024-03-07,0.4309894684979924,0.6072411876227379,1.0503360226267393,0.4155747671952905
2024-03-08,-2.086542160445973,-1.8226097212784718,-1.4819505321638529,-0.6947263010578075
2024-03-11,-1.2135407164040926,-1.0294114960137004,-0.719559306539565,-0.579211084064594
2024-03-12,0.574002020027827,0.5454602476115509,0.4928322971455802,0.500580483138704
2024-03-13,2.390241492815549,2.428499417531425,2.6412864293969505,1.8528209737505459
2024-03-14,-0.9444909507090741,-0.5916624241532952,-0.15150922307417117,0.9263347954501752
2024-03-15,-0.30992499199266393,-0.16332275496338536,-0.026235977020852314,0.6524875942032308
2024-03-18,-1.6596426132430206,-1.7005576034104797,-1.8094745847970537,-1.619789619800678
2024-03-19,-0.08095593201446614,-0.10983939084861932,-0.17703332153914975,-0.0893802246966951
2024-03-20,1.9504989196814235,1.7830201994414394,1.6795608922239673,0.6126311949371385
2024-03-21,1.7720478021090447,1.5324602193792878,1.1155168820458912,1.0264546119669276
2024-03-22,0.20033447735983717,0.2608265598120725,0.5036747673214473,-0.21518698113344145
2024-03-25,-1.107233312137863,-1.1025589275162129,-1.1958094272028463,-0.6416821398210475
2024-03-26,1.2698558497960775,1.2837364772873874,1.3851985230503006,0.9745294136081013
2024-03-27,0.19728161738308964,0.258912711854421,0.2596968223020045,0.8584195400115245
2024-03-28,1.1134503163406866,0.8577270397700079,0.42243546852800995,0.2544622182036649
2024-03-29,-0.48459769461395324,-0.4256587024508012,-0.30751691663473973,-0.36128058145736014
2024-04-01,-0.33056349419007475,-0.3020989000635576,-0.30536579906982775,-0.011147138967187175
2024-04-02,-0.024758986864943683,0.30286062201219055,0.9910945036609389,0.4775558264067181
2024-04-03,-1.4050110927006652,-1.327305527310069,-1.2834053889000572,-0.7586116775125458
2024-04-04,-0.520867294553787,-0.5689596448105013,-0.6361999285061186,-0.750496095217898
2024-04-05,-0.7816530454755017,-1.0684437655143657,-1.5766482965923028,-1.627138240654566
2024-04-08,-0.2435822099879198,-0.48372158076813687,-0.8661148909596678,-1.1684472871659326
2024-04-09,0.9676317945066966,1.1967649527540691,1.809311699580241,0.75952051973002
2024-04-10,-0.24498775460859412,-0.29804653484565113,-0.3964399255058756,-0.39159676331877974
2024-04-11,-0.07598904856924665,-0.05783961393075205,-0.00526839856611805,-0.1079924713990744
2024-04-12,1.7177373209301845,1.6469957063636556,1.661514951414672,0.8694500812840615
2024-04-15,-4.525097006009005,-5.012539344424755,-6.114163231523024,-4.985548573118937
2024-04-16,0.3901492391006737,0.025063568617403623,-0.5894833001955471,-0.9526964717975573
2024-04-17,-1.797514265162605,-1.7475848307415882,-1.8020016684288862,-0.9856826503074555
2024-04-19,-1.389760264080294,-1.7008200395221191,-2.352996010091538,-1.9870062497943737
2024-04-22,1.0505497194952267,1.4545439129540654,2.393608354546042,1.402664467820805
2024-04-23,-0.5209794875525493,-0.769078541697214,-1.2472994422909234,-1.1658021196883963
2024-04-24,2.614700000264847,2.8574777031156615,3.4929057080772847,2.4931818213829753
2024-04-25,0.12571527555075968,-0.05574248731588393,-0.39892200448906295,-0.37334640332315194
2024-04-26,0.5480528789228227,0.45150807580824875,0.26870143883001385,0.2650758885716207
2024-05-02,0.5394532539798325,0.5087231936532735,0.4632762020023144,0.39737285360680635
2024-05-03,0.6720417808979183,0.46632415722143655,0.19107446734023023,-0.43755597436679367
2024-05-06,1.5018620473693256,1.6888770722135478,1.9780900560645756,2.3414991125322095
2024-05-07,0.7993885043830053,0.7024967421921652,0.5101408717599174,0.5565163664411091
2024-05-08,0.0,0.15155934116514153,0.3701106811632986,0.7460025706045035
2024-05-09,-0.26341235343791,-0.3017907490972437,-0.3915153635192875,-0.3007875410367829
2024-05-10,-0.3126297027605614,-0.11379669035257803,0.22986058124154787,0.4024624184658504
2024-05-13,-0.38745146508881395,-0.2850595673834608,-0.2282550711308184,0.5219603591369046
2024-05-14,0.3749259247127917,0.31157173584421605,0.2239834151693558,0.04881587231551853
2024-05-15,0.9862658238932049,1.0393330197457447,1.1467711162632586,1.0938036314282875
2024-05-16,1.4086691462055434,1.3359438063917488,1.3985582124545755,0.30277749993038516
2024-05-17,0.14359807235302902,0.5421425579457361,1.4100683832418706,0.6977754302397868
2024-05-20,0.18301755213393125,0.25788900870846215,0.24810982867403686,1.0772481629399118
2024-05-21,-0.29986631503284633,-0.04986212470625763,0.32407483100038637,0.8064987737577162
2024-05-22,-1.3199785509968152,-0.9216235285500847,-0.18695604317627257,-0.2433863635316581
2024-05-23,1.024575447968617,1.0001828751091115,1.006245327375808,0.7191854752528454
2024-05-24,-1.6459559755889575,-1.8457372902286786,-2.299434448605837,-1.7809821149195577
2024-05-27,0.11057727128729508,0.28341359308592684,0.6077664898112835,0.5486158241946532
2024-05-28,1.1506609509183228,1.3158635994528867,1.6774942600935312,1.327649140122316
2024-05-29,-1.2176156811240806,-0.7163588408082476,0.08652948994132012,0.6011412248606804
2024-05-30,-0.3690544934944989,-0.2725431782044581,-0.1847881917153046,0.27838917462729024
2024-05-31,-0.2598562861078231,-0.13846444403350242,0.11850622784858769,-0.10617890512870017
2024-06-03,1.6948438716738587,1.5465909463544243,1.3902655594546995,0.8010429071709031
2024-06-04,0.2470400714584255,0.13784637963298035,-0.10687496647407366,0.1757072343422684
2024-06-05,-0.10228213069422676,-0.17403428572826404,-0.4161008249366882,0.21276055065269991
2024-06-06,0.201388263026774,0.09647199668926631,-0.17728052373164366,0.302243259203175
2024-06-07,0.4405614122730018,0.396215797813082,0.3071536023522953,0.36149019309778074
2024-06-10,0.2344290971416627,0.3198852040947361,0.33168853716755353,1.0982129387372663
2024-06-11,-0.21378949885256499,-0.3514046676242692,-0.6519120636323416,-0.346104455638217
2024-06-12,1.781033476643206,1.5062747075821323,1.133723046946099,0.4757434135376184
2024-06-13,0.1530578091919899,0.20459345125641448,0.3661553849235979,-0.01706479253037284
2024-06-14,-1.3123181493268856,-1.5833506078982675,-1.9755778851928234,-2.5063872406883188
2024-06-17,-0.5148212546556311,-0.39809268783067486,-0.22604365135264515,-0.014908007896444534
2024-06-18,0.014506086855821249,0.18572341580488785,0.4198216243345831,0.8275873687234061
2024-06-19,0.33001695278612275,0.17263124258408222,-0.1720601979078783,0.1612328557641052
2024-06-20,0.6174685283678768,0.3398868320647418,-0.18247488452210842,-0.06613183589922127
2024-06-21,-0.1839314144225534,-0.004484371964449293,0.3489893719096246,0.20211035685463916
2024-06-24,-2.305277234621492,-2.436866192892292,-2.594032783379686,-3.05557544568845
2024-06-25,-0.0814379662250521,0.19739415604352978,0.7068770491661516,0.6790358922940807
2024-06-26,0.19379099898411944,0.23208951968131947,0.2529704840092047,0.527000954559925
2024-06-27,-0.17594653285484596,-0.16026745193876593,-0.13743803350096706,-0.10844641785109552
2024-06-28,-0.8343281692924424,-1.0712043365428745,-1.4051656629040818,-1.9224317806078837
2024-07-01,0.5585473605201521,0.5228297009018869,0.39475649110764166,0.7402154854203121
2024-07-02,0.819670370054121,1.0466499917214933,1.6697213052534288,0.4987870575366098
2024-07-03,0.7257216002307656,0.6552433253298936,0.5622647689539451,0.36787449683203177
2024-07-04,0.39218284834959094,0.4249330194079963,0.488014299137572,0.4664330968468744
2024-07-05,0.4225664024810969,0.3804525740879461,0.3208399989073927,0.23337994138827892
2024-07-08,-0.02659564379035284,0.0651395094143602,0.09399181907684181,0.8538942086941188
2024-07-09,0.45116678301620583,0.6408915302078151,0.9699251607841771,1.0231927432205077
2024-07-10,-0.825776051814389,-0.7502302664807252,-0.6514128193993907,-0.4502507038017023
2024-07-11,-0.35840825793952535,-0.18675122147093948,0.09460572895042392,0.23850751833435482
2024-07-12,-0.3381866161895151,-0.3489355002328914,-0.3859924786802973,-0.29629651306569604
2024-07-15,-0.30696700169679386,-0.1945481894019185,-0.09195541564351611,0.4441161999967836
2024-07-16,0.4213575773327228,0.18249418745867996,-0.28242420131847507,-0.05692630116790752
2024-07-17,0.15870159387441243,-0.730465647333118,-2.0876117268832397,-3.439851561586126
2024-07-18,0.0773427816864506,0.3613626607984232,0.7993336191632708,1.229391516420349
2024-07-19,-0.3112663992028224,-0.5444356790417096,-0.8714283341388548,-1.4056906076829614
2024-07-22,-0.23139349892456512,-0.7532805457788221,-1.552801241131778,-2.4299978715085047
2024-07-23,-1.6012879097018589,-1.7589868954418646,-2.032251880997691,-2.139938291769478
2024-07-24,0.14379608445299452,0.49930496720585876,1.137232596769468,1.2407689265866595
2024-07-25,-0.6526471736005878,-0.574962390896721,-0.49216864801099497,-0.15099418795930633
2024-07-26,0.7564581377110102,0.6796399354928855,0.5248939248844182,0.5937377268800292
2024-07-29,0.3030104710950035,0.32419202904244937,0.32929515871595016,0.5168990822795672
2024-07-30,0.16242159347711266,-0.15538817306349406,-0.849945029254626,-0.252327016212896
2024-07-31,0.8713152989888883,0.4538901012598932,-0.24645337564386344,-0.6483525306173753
2024-08-01,-2.107355443516717,-2.3794224662725543,-2.7655159536511627,-3.4474391811621095
2024-08-02,0.7058364367446021,0.8317836163077406,1.0496357414231283,1.1413619762678047
2024-08-05,-3.89206824454949,-4.317228689241464,-5.17148003091141,-4.730288948333824
2024-08-06,1.6660881502714169,1.973136427113011,2.6546798825041966,1.9141431338273018
2024-08-07,0.06144295374817841,0.19438995293812902,0.4063943404993581,0.27592981661467675
2024-08-08,-0.8226279824592885,-0.738768475223251,-0.6508036030678624,-0.44488902500996663
2024-08-09,1.7168453911010548,1.6647157479606032,1.5140138243087107,1.227458716336332
2024-08-12,0.520448443993202,0.6755076191703963,0.931289207126539,0.577256616577934
2024-08-13,-0.21415981982186885,-0.2180940085551559,-0.2875119172827459,-0.0021292225144827113
2024-08-14,0.1307550105554519,-0.1040968510072618,-0.5134862516386477,-0.5394416565601573
2024-08-15,-0.39910136975078203,-0.43411460305744565,-0.46116007624865657,-0.7614349978391703
2024-08-16,2.0618642048313256,2.614696726690401,3.769839361988985,2.9543304330306444
2024-08-19,0.5681833467430863,0.7460540072540225,1.2115621337797424,0.47984436220293136
2024-08-20,0.4769063176525468,0.6827059735385888,1.1226286991440877,0.7606494204436259
2024-08-21,0.9485610250948486,0.7762966457882514,0.4925851543956199,0.19287471881734602
2024-08-22,0.06676124757688,0.020387436879003976,-0.09317290423737612,0.004128961222762582
2024-08-23,0.19547533992454458,0.12525373060071077,0.09111477230075367,-0.19079834551887265
2024-08-26,-0.19320017374253068,-0.3406643599427363,-0.6048644856039128,-0.36331526792125846
2024-08-27,0.2786951608486762,0.05521957485081491,-0.3838039637479892,-0.2681514756251148
2024-08-28,0.09524458166096077,0.07105977635482272,0.06026130731208184,-0.26469837426457893
2024-08-29,0.23620780657358068,0.009067827354799886,-0.4116420732744338,-0.4001120631270127
2024-08-30,0.36491036245451314,0.3108310436329907,0.22294462707771528,0.07959226839220711
2024-09-04,-1.0425765291366174,-0.8730772603618998,-0.5567266207626816,-0.4728968092044701
2024-09-05,-0.6593698225780225,-0.6969519530071069,-0.7763296406715765,-0.4399225636276544
2024-09-06,0.48315163106574877,0.3452704481106371,0.08643999547325165,-0.07115958717713748
2024-09-09,-0.6284004907889581,-0.5168207222349316,-0.279618634894283,-0.45775722769474203
2024-09-10,-1.006463184268481,-0.9542402538976387,-0.9000702908612774,-0.7619084476439293
2024-09-11,-0.013910678013403994,-0.13164213829418003,-0.3990187416338693,-0.20782975445639262
2024-09-12,0.2878654809215945,0.18734425718853076,-0.06746157355646962,0.098612290222396
2024-09-13,-0.25541024182025995,-0.0882093559106939,0.20919670239521693,0.08852527474812949
2024-09-16,-1.004019041077574,-1.0012725876078206,-1.0293252589788218,-0.7312502817422907
2024-09-17,1.7238204513962248,1.6086470473913341,1.5448274147755392,0.8168453509862139
2024-09-18,0.5576414574409647,0.4889234640090393,0.31640556004016024,0.4346889503757815
2024-09-19,0.5682027951909568,0.5391054459444146,0.4753767938245607,0.5783083833117055
2024-09-20,0.5740426667909856,0.4339027982195166,0.24657936486106816,-0.08331921625315683
2024-09-23,-0.3687030076689504,-0.34484102380938264,-0.30092962990328437,-0.2135574375783535
2024-09-24,0.7353002031760573,0.7277831802037217,0.8090271983441474,0.36461060312299404
2024-09-25,0.9869460359259307,0.9876437904869948,1.1095344853678213,0.6692232631670131
2024-09-26,0.5031699868393918,0.4365857771845161,0.43451260688107607,-0.05536419619803346
2024-09-27,0.12724624602020557,0.08336869541918354,0.03814275746215965,-0.12415521696395873
2024-09-30,-0.0007393360023436745,0.04463322720250053,0.1431632098842903,0.05473146634512108
2024-10-01,0.4661738002988327,0.39043412968183283,0.1321666520498256,0.7394394967160309
2024-10-02,-0.3221065735721712,-0.4663224733036198,-0.7655914982983089,-0.5502153989902381
2024-10-03,-0.5960839132437329,-0.7868202184662909,-1.1024000206332998,-1.2406591318434423
2024-10-04,-0.7641677790573244,-0.6411918594498015,-0.41241282888151215,-0.7035794759244273
2024-10-07,-0.054647059963298786,0.10941374196122648,0.44539530920124065,0.19613373332014
2024-10-08,0.2669629520146652,0.32000750148415164,0.4074559525742714,0.2980988636534431
2024-10-09,0.9602380714128923,0.8794341516947348,0.763931373147132,0.5052323083450373
2024-10-10,0.6348291397988693,0.34070822835357256,-0.4308440774397979,-0.1428783867221852
2024-10-11,0.14101681318007453,0.1565741022824414,0.216950222893651,0.599847955728716
2024-10-14,-0.2748728423450635,-0.4391757108062883,-0.7760227769965886,-0.23598124510686969
2024-10-15,-0.19669601346943497,-0.4710387592559518,-1.028316398181686,-0.7113034757112008
2024-10-16,-0.14685319904758795,-0.239729220920548,-0.4963971201113605,0.15046775590038122
2024-10-17,0.6470418122298116,0.7643749086665264,1.104791230765312,0.4444011446446279
2024-10-18,-0.014675775457625268,-0.10277187040794553,-0.26900521131722505,-0.3437426024993802
2024-10-21,-0.34255671711170527,-0.3941921562616189,-0.36261905217946216,-0.8817150469610261
2024-10-22,-0.6730847923677096,-0.6198056880071575,-0.4959820879561306,-0.25765278383289286
2024-10-23,0.05928912514708127,0.2210493975383318,0.5075978389274781,0.3890860682272609
2024-10-24,-1.5003976407194541,-1.26216588574455,-0.9436759603136126,-0.7372545887537989
2024-10-25,-0.30732635406393377,-0.2886752277939791,-0.3304499845320881,0.0021573499114492804
2024-10-28,0.2102590577425422,0.24759559358575525,0.2536737302142032,0.49996696917419425
2024-10-29,0.5577904097933031,0.5773674952971112,0.6507269184899773,0.5031753419363716
2024-10-30,-0.14309208655191244,-0.11126881647565835,-0.110813322722268,0.017796697691749085
2024-10-31,0.35547942913592895,0.28889077038055233,0.18868030125985064,0.09106950370435776
2024-11-01,-0.9744017160460217,-0.9553040785954823,-1.0041938749197332,-0.5641130202945585
2024-11-04,-0.9839898062120368,-0.9144934102978999,-0.8184441630307359,-0.4896646303674709
2024-11-05,0.054074845471673266,0.08844419555890315,0.21438775751622643,-0.08340284053103102
2024-11-06,1.226693551410581,1.3143262357354781,1.5144846294023149,1.3318478066518669
2024-11-07,-0.21910926953930127,-0.09792052520888701,0.04609918825198737,0.3344532120080202
2024-11-08,-0.7042415801802386,-0.5574651361902246,-0.35662959504221814,-0.16779537154395016
2024-11-11,-0.5236331319213299,-0.3542155694792473,-0.2208769442993359,0.32471580551681994
2024-11-12,-0.6515080023010789,-0.5055676879410785,-0.1637102321890386,-0.49776181225994565
2024-11-13,0.16039972893964285,0.11162906440003115,0.07095623152015976,-0.3562531100119424
2024-11-14,-1.342519652376484,-1.3431650418712568,-1.5105028985531934,-0.5965901413643725
2024-11-15,-1.206487207474144,-1.2239958856271929,-1.2893068437832464,-1.171332297324863
2024-11-18,-0.0779082846465601,-0.03158235520081585,-0.014260953533458165,0.3286357348370816
2024-11-19,-0.8816690898137303,-1.1716200123529137,-1.6085633690425452,-1.7136175179420268
2024-11-20,0.9996882698249548,1.071279874598194,1.3086125865530758,0.5571739376235761
2024-11-21,1.1679307243085448,1.0528854769562546,0.9342382171313128,0.6333032626561457
2024-11-22,-0.04664287964411117,-0.14951137623205524,-0.4523386698700486,-0.07776247952696447
2024-11-25,0.4553907971166216,0.49230772485967156,0.6124607017940531,0.4953359440508264
2024-11-26,0.5619119741884498,0.6139327173391741,0.6849694737736401,0.7825882515914154
2024-11-27,0.1415232441974509,0.12697824494054563,-0.024865268213549792,-0.07180606926180025
2024-11-28,0.03534953813448678,0.0471886044410969,0.012433406958735311,0.34563155127861006
2024-11-29,0.7455694791284001,0.6852007832458915,0.4508812211957854,0.4371373084339643
2024-12-02,-0.18548986460246894,-0.0007681228996798386,0.36578823480285727,0.246296776723583
2024-12-03,0.02673786594285203,0.07448046383982551,0.068604018169497,-0.10812503720967913
2024-12-04,-0.8722758500709622,-0.8579575088061129,-0.9474559736912629,-0.19092676494056648
2024-12-05,3.0161353744104833,2.7767368242120707,2.4755669940524703,1.778939786699853
2024-12-06,-0.02018819894475841,0.08429672946186863,0.25400921133768406,0.04832423554406021
2024-12-09,-0.08229036993811822,0.13457687384395928,0.5176109114955677,1.0939801525555772
2024-12-10,-0.024700321604024095,-0.033063565004358655,-0.15300938857506483,0.022851998783722804
2024-12-11,0.04714986634671319,-0.048863914971759945,-0.2777961902531021,-0.027700063887274654
2024-12-12,-0.06960999970457567,-0.11210130918038275,-0.1183895997538437,-0.34550976196928584
2024-12-13,-0.29769849478577215,-0.40884118199114444,-0.6131278861834906,-0.653339608489439
2024-12-16,0.018022077093159644,0.09141769833434875,0.29198182105837656,-0.11689317506029635
2024-12-17,-0.315103007529509,-0.22832268422454796,-0.07502985694742265,0.17284153618374926
2024-12-18,0.16557167389833352,0.3498316746124649,0.6133792397432782,0.8618342495405773
2024-12-19,-1.1853436264368051,-1.0257511026107768,-0.8340393514495262,-0.47315905723800983
2024-12-20,0.2743235772891738,0.17815680984636492,-0.22858122593855773,0.8861212428391045
2024-12-23,0.39760881528307707,0.46975342792648217,0.5913277067344145,0.7146646092582981
2024-12-24,0.018894376711827438,-0.035590557519351425,-0.21029612995968294,0.0787884434137921
2024-12-25,1.441270376712119,1.2284685917843383,0.9879209701503303,0.3698175978168557
2024-12-26,0.01489669147238602,-0.15198652267431229,-0.5351186850524848,0.12137909951297059
2024-12-27,0.3093491267952131,0.3522855433025912,0.45914775992368045,-0.23880689833230642
2024-12-30,0.03785924571700809,-0.004479918764886126,-0.0760286848268251,-0.47109500106204555
2024-12-31,-0.19315781794004444,-0.21826562312097622,-0.2999589871442441,-0.41059063669554674
2025-01-02,-0.11532953900208429,-0.06662100754297395,-0.034203055981817304,0.3357508692566299
2025-01-03,-1.6983792748769464,-1.6176928819359615,-1.4952637826436062,-1.1446538562303716
2025-01-06,-0.572597459088152,-0.8613594170344572,-1.3857059508841656,-1.716127703795549
2025-01-07,0.17045112789414502,-0.07064370528221364,-0.5387891393844203,-0.6851042038053529
2025-01-08,0.10258710354050454,0.3236298416535012,0.7914313308230163,0.798127300801967
2025-01-09,-0.4437803913367077,-0.4412240170003822,-0.4516342838660213,-0.5067745794781581
2025-01-10,-1.349467297459444,-1.4181229242689062,-1.6300738760204176,-1.2754127256183203
2025-01-13,0.394356056168089,0.5344465420525615,0.8492690025236153,0.4767905672953915
2025-01-14,-0.7041384496097789,-0.6538616563995249,-0.594720605593466,-0.27145610882057036
2025-01-15,0.650208911095204,0.7647491944659497,0.937652349930071,1.2813105096805326
2025-01-16,0.43139146216151564,0.4994057722495959,0.6671943469873265,0.2637675002259191
2025-01-17,0.7818958867355301,0.7590052647119265,0.6121939264948756,0.8683997715616761
2025-01-20,0.26383534348852283,0.11243819952565438,-0.13679745341903324,-0.2986939628274525
2025-01-21,-0.16262884698137722,-0.168321871082645,-0.13536581842511503,-0.5012259529014725
2025-01-22,-0.38787945892071607,-0.20849949296054693,0.11704013870671137,-0.512262854816113
2025-01-23,1.7273521459736807,1.7781423555494935,1.9272430796535818,0.7843066623406545
2025-01-24,0.37825918747643866,0.4902855276300904,0.8697034566149571,0.030963238439123273
2025-02-03,-1.668307289735309,-1.3419472420251501,-0.5808942103885651,0.26139764167395857
2025-02-04,0.8892580178699634,1.0136014103141993,1.2886371237133762,1.3529308572850505
2025-02-05,0.3114470500176075,0.3973341064409068,0.5305162383233506,0.850711064785431
2025-02-06,0.39281293716142945,0.24258045497457054,-0.13158782794678417,0.24408483777710646
2025-02-07,0.3144856348745342,0.17707119973145571,-0.14110520902806856,0.18950866841152036
2025-02-10,-0.7426073173271664,-0.9804331046082394,-1.424745233963654,-1.0616212147771138
2025-02-11,0.563449311806744,0.5982551250842395,0.5723362678605186,0.5064488167403867
2025-02-12,-0.20343452238330115,-0.0914604497338206,0.12662600978237712,0.25535083409928877
2025-02-13,0.15709982059997096,0.1925692851480139,0.2955337941888848,0.6076054575236904
2025-02-14,0.20460747159761783,0.2982365901957901,0.40428902637031944,0.5341500977377281
2025-02-17,-0.48681546714110147,-0.20545624100116555,0.38352349185087575,0.52119892065399
2025-02-18,0.25305096980210484,0.2927406931257389,0.4057596514382633,0.26193801864246463
2025-02-19,0.5406365819213622,0.8280129439664232,1.5200417418450483,1.1633246796936862
2025-02-20,0.35707827955415866,0.25260558971354524,0.10345930256087732,0.09035885035202357
2025-02-21,0.3166643417397886,0.13711457110468095,-0.2314099270206906,0.06771559709061808
2025-02-24,0.7938972995111325,0.6461773324685327,0.5477161420994836,0.05506809009769183
2025-02-25,-0.2906338740473837,-0.1758164929181762,0.04799106953062693,0.3403503460937101
2025-02-26,0.0,0.07182907920514027,0.1019676820538453,0.11165250148265486
2025-02-27,0.22465485298179974,0.34523147220109307,0.614145336080326,0.6941981956174529
2025-02-28,-0.5286679837570246,-0.35915348695892085,0.038102496174455734,-0.16012603500155606
2025-03-03,0.34810289825457885,0.30656803438869884,0.3657463718773524,-0.3098228069932887
2025-03-04,0.49906117585206333,0.2947057266241057,-0.031468610321150635,-0.24736241954162502
2025-03-05,-0.29723142956914606,-0.5917479625788273,-1.1915761707073238,-1.13713066746197
2025-03-06,1.1452524091464367,1.2104234186613219,1.4555055769058605,0.7115572724027287
2025-03-07,0.733016689431493,0.45286039829683594,-0.11366866810700706,0.05371014554600625
2025-03-10,0.09349693579648845,-0.07136807122537822,-0.3803321616874896,-0.09616820226828691
2025-03-11,0.17955647205222558,0.19092156043820066,0.3084747954613565,0.25977310981464463
2025-03-12,-0.0847104818850652,-0.18515255155233595,-0.42170409686969224,0.023161245384438582
2025-03-13,-0.3662282980516932,-0.6503840934761334,-1.2444138724133997,-1.5127207241638851
2025-03-14,-0.01946415897548861,-0.23180201852092394,-0.4639836568835601,-0.4841646187047818
2025-03-17,0.5657957601264723,0.7082485485219921,1.3156118155303578,0.2103844336346395
2025-03-18,-0.44978772022548463,-0.37778498186223314,-0.27465968306506927,-0.15032579030185175
2025-03-19,-0.7960219456099463,-0.7007155857940196,-0.32299590090642233,-0.2918585747941739
2025-03-20,0.09577085380382186,-0.018256503930218767,-0.20830120475528496,-0.5182518603371027
2025-03-21,-0.049325045791542385,-0.09425656749071169,-0.38836382134347447,-0.027207738048489187
2025-03-24,0.8978127964607214,0.5889229849289562,0.05295504546003415,-0.5217776792918677
2025-03-25,-0.13743530652324554,-0.06615367521358857,0.10684305264665782,0.48979912506233875
2025-03-26,-0.5284714818248498,-0.5841934747424027,-0.6775847263067489,-0.1900409602642035
2025-03-27,-0.08762623988757022,-0.052679330434785815,-0.11935834786642055,-0.11460771991302272
2025-03-28,-0.45966408603619086,-0.4981650134950774,-0.6092516846787539,-0.11132246072700921
2025-03-31,-0.7341667348191393,-0.6826670349448763,-0.40202617190406453,-0.8123655291178495
2025-04-01,0.9508279121851805,0.740019977693494,0.407698775037378,0.17276808295190377
2025-04-02,0.0021787679068286203,0.034542949355862225,0.02268719523813077,0.11134940114527173
2025-04-03,-7.052227383870151,-6.987190378891387,-6.897666831687463,-6.615876746232373
2025-04-04,-0.20751265394000096,-1.314331602897703,-3.7648340310829713,-3.4207830779336263
2025-04-08,-6.702184443558179,-6.6978852440712995,-6.694160046985323,-6.524154589496568
2025-04-09,-2.4369494219783787,-3.208061231691987,-5.305786523132237,-4.1412620080154605
2025-04-10,6.670048316212913,6.607294141879347,6.471553868338203,6.433359596095095
2025-04-11,4.740594469632055,4.535729157727064,4.284649411917621,3.0870573437354643
2025-04-14,1.2087513104405585,1.4530678735960176,2.307200730434609,1.1313279755115844
2025-04-15,-1.1461726080511376,-1.3025550378024946,-1.8066899070965845,-0.7556010010708739
2025-04-16,-1.3448691759827665,-1.3923803847936544,-1.354945201591719,-0.4902591155286931
2025-04-17,0.7533891767428114,0.7541021950710626,0.7864638759955606,0.4604059698188382
2025-04-18,0.2460459530372672,0.6390656191984444,1.5134064740745767,1.1229016223884647
2025-04-21,-0.9190498946917718,-0.8818573661214663,-0.9200807867207241,-0.5754821676567686
2025-04-22,-0.30255336136760286,-0.8264048372204886,-1.981383481829892,-1.9047755701524158
2025-04-23,0.9763247421162244,1.301913139215482,2.1591582280776125,1.823272558789147
2025-04-24,0.6593514536361715,0.7702644998428925,0.9464490113990272,1.1056535248800206
2025-04-25,0.4199577085530895,0.323501932928159,0.015422446544659008,0.49617073802926265
2025-04-28,-0.3696524460192077,-0.07823379785987256,0.13926545443123828,0.10343432842903602
2025-04-29,-0.1975554121666063,-0.019568016530876853,0.12255287694803656,0.8355326980323288
2025-05-05,0.8121285330918354,0.973740283517179,2.0864096599617437,1.2748335536384623
2025-05-06,-0.056816676843860894,-0.0395436206173965,-0.1948975450585562,0.07185646614075628
2025-05-07,0.38873769864871743,0.38932691062410313,0.609117439713258,0.6851693337419994
2025-05-08,1.9657570834918079,1.5430855295570038,1.0237054129249425,0.7650647371916978
2025-05-09,0.08507962856229424,0.16037398690710955,-0.11059848105307195,0.10469504015927646
2025-05-12,1.4528811628259943,1.3719974609084953,0.769447608466626,0.43780763221024227
2025-05-13,0.7797282155498392,0.8347586545899784,1.1974500037208338,0.6474275998629354
2025-05-14,1.0853683948930328,1.2417842586591317,0.9263504676751706,0.10987522420473408
2025-05-15,0.25863068828898633,0.4348787877161699,0.049728233560415044,0.020677288211692058
2025-05-16,-1.224023063991597,-1.1956915813950162,-0.8029455693425079,0.01710900579463791
2025-05-19,-0.33934024075880115,-0.7569609427897672,-0.6541907609759048,-0.49305536346330897
2025-05-20,1.9926967184753637,1.5419833478025127,1.1380184518152117,0.7208961728891143
2025-05-21,0.8376775267912309,0.5836549755655706,0.32232530262116066,0.25570193420680276
2025-05-22,-0.6928466837486823,-0.7091683305876738,-0.4484324459960547,-0.2599691774261011
2025-05-23,-0.011351704186767415,0.01321935315223861,0.28258073287706187,0.5157265104527832
2025-05-26,1.0200388452007496,1.2167456041451512,2.039470105095416,1.9243356748012208
2025-05-27,0.25251653020992276,0.6486462323647652,1.5477147047211672,1.3299929569206643
2025-05-28,0.33151056363875486,-0.1428180106861097,-0.5584320436685652,-0.5535652382640084
2025-05-29,-0.043299718529965094,0.06927056927324868,0.5346664344596324,0.05576995383448519
2025-05-30,-0.5526675480439828,-0.8024318663018918,-1.1239255241094648,-0.8238690818226662
2025-06-02,-0.04496402953453726,0.4425684860237233,1.0277721676180966,0.8885508018590518
2025-06-03,1.036742353406285,0.9467338750417281,0.8538653257213273,0.6219697409005994
2025-06-04,-0.18028997452655068,-0.04446994765581053,0.5563808778690943,0.7043721815494379
2025-06-05,-0.20225556646138632,-0.3204808514516844,-0.4405541130401912,-0.2201790863202409
2025-06-06,-0.9406140159008902,-1.0250786945469623,-1.254039952843943,-1.093093952778498
2025-06-09,-1.5919186270982055,-1.2777061266783263,-1.4750447048501256,-1.1218664922538688
2025-06-10,0.5897110665034466,0.5281359717352141,0.6584372973734146,0.04728625657458009
2025-06-11,0.02348779535136356,0.06518069563985043,-0.1014994802887663,0.19586059879789477
2025-06-12,0.4976388446110364,0.900115766775718,1.2872399487482762,0.5052403366959081
2025-06-13,-0.7791434757850627,-0.8283928775136099,-1.4596063616445336,-1.0472244577168923
2025-06-16,1.357430777428697,1.6701274028837882,2.228686488676764,1.0927781428314156
2025-06-17,0.7742680015086504,0.5474669175959304,0.3542327304588453,0.33686649864252305
2025-06-18,0.11171703240554925,-0.09020102553048875,-0.43374907012544717,-0.2947822951203685
2025-06-19,0.4393713831864256,0.35389409399213784,0.048230357326485826,-0.25277129381168434
2025-06-20,-0.28596396583787487,0.03211017384922484,0.34360863485631027,0.21068709028953322
2025-06-23,0.9107019394871676,0.21522856736250684,-0.2549050093683712,-0.29439428604001056
2025-06-24,0.9948143270108227,0.7546188619176154,0.8354796182587417,0.046358922673958435
2025-06-25,0.1748538776735246,0.04591579124701881,0.028965843375358624,-0.08096914272511951
2025-06-26,-0.12222895206465607,-0.005650036726734862,0.07364724320803338,0.020075386605140338
2025-06-27,0.8382541106664232,0.41583618205733835,0.20643087460798437,0.06642771386964161
2025-06-30,0.11308809548012767,0.48623314962719644,1.0964977938228704,0.6439935931560767
2025-07-01,-0.09479572233246361,-0.07211900648323448,-0.3589676642162247,-0.40218224008719566
2025-07-02,0.44610945518950673,0.7967169024286471,1.4579482852292358,0.8513438187998674
2025-07-03,-0.10526458818932272,0.03404326306288534,0.3774868243593713,-0.2706268887025715
2025-07-04,0.5097705628816429,0.6391081195050544,0.6124176084631274,0.48660231319173936
2025-07-07,1.327156393438816,1.311743764709656,0.8226114175475505,0.6247893461275981
2025-07-08,1.3568657740851098,0.9788780481900158,0.8511390949316799,0.7327773425165061
2025-07-09,0.9113044509565034,0.7533663096708851,0.6043739134219049,0.36035832758475195
2025-07-10,1.6751606938316472,0.8672780603888205,0.09158805200452744,0.4499656056957309
2025-07-11,1.5597705064808571,0.8986389360735045,0.30150343725507905,-0.26759269652072193
2025-07-14,0.728203313548648,0.8658573108045015,1.5683844307507342,0.6782900582279239
2025-07-15,-0.738868809112193,-0.4791594803352086,-0.12897821868119486,-0.07854205065699238
2025-07-16,1.2829560125508679,1.0416692955138949,0.927378171674074,0.9476922227439089
2025-07-17,1.248354223108595,0.7745141506172202,0.4182021565706471,0.8636227753315996
2025-07-18,0.5618249334879314,0.7921848830823383,0.6720620376266717,0.6485424060726193
2025-07-21,-0.9688428671831152,-0.4465949813279959,-0.17510671427439997,-0.6132369810927814
2025-07-22,1.7003856657377434,1.5929393996215926,2.2582393847415125,0.8377782586244785
2025-07-23,-0.1795110168087012,0.38361406005884047,1.390448351217558,0.725974756726907
2025-07-24,0.4960423418320117,0.7353849420489118,1.000392082272762,0.1742491173861282
2025-07-25,0.48640564768983213,1.046726924522935,2.242253256909831,0.962206736406225
2025-07-28,1.5632004869334,2.1989915988177318,3.4298288085219113,2.044929670634041
2025-07-29,-4.48322245270161,-4.869622109614669,-5.4384020740831875,-3.7473742377082666
2025-07-30,0.5836299303309971,1.2775558298422953,1.7154966614001004,1.3352775208560408
2025-07-31,-0.9581066572942647,-0.04948681026959384,1.097847642632341,0.43776852923772874
2025-08-01,-0.06936402143510409,-0.23524035149992342,-0.8539893745897978,0.16708229352709103
2025-08-04,2.3941180151165167,2.2198152663774113,1.6561583692660526,1.0218089763289164
2025-08-05,2.225803310889775,1.436214849538691,-0.2658235604735813,-1.0065758137044922
2025-08-06,1.9263925667749089,1.9006494631950366,1.8598907501704853,0.8833510827549178
2025-08-07,0.667409422120415,0.7622872275716976,1.0624176041658722,1.2944213884166687
2025-08-08,-0.3331479179226899,0.12550342951818944,1.0422440052428232,0.5851246845563328
2025-08-11,0.73869963505731,0.8431990477159595,1.229809632335075,1.2070556253364009
2025-08-12,0.7634825413942259,0.7475158932756194,0.8699540183488427,0.42728084727341753
2025-08-13,-0.08777530087972023,0.35868044192859416,1.0375431509508684,0.8057534882776632
2025-08-14,2.259158121818925,2.2045942433395327,1.2665008297922185,-0.009640296446581731
2025-08-15,-0.5887582948602752,-0.539793267053186,-0.2694568371885419,-1.5557664062800483
2025-08-18,0.17480856755108787,0.5917495345994916,1.3939328903887989,1.4044124836418272
2025-08-19,1.339532878359595,1.4611727752945485,0.46986902317079327,1.4069800964187482
2025-08-20,0.9893125878375888,0.6024381945384626,-1.124243293277507,-1.8430242223155164
2025-08-21,2.5086575756844067,1.877611323219749,-0.4599182443833679,-1.528071311416846
2025-08-22,-3.301528127984709,-3.137092741395666,-2.292585360443182,-2.774965985399097
2025-08-25,-1.7180738074689814,-2.356903654238698,-3.0780675297929916,-1.464728019785963
2025-08-26,3.6307354767700613,3.6954419228274,4.0388138392308415,2.3303651977203668
2025-08-27,-0.027044569615295104,0.06077046079770553,0.6172639282348923,0.1892634334060029
2025-08-28,0.6819893001008388,0.8135201780283924,1.3229188573554735,0.588060725303667
2025-08-29,0.22433447037341292,0.3385245436288971,0.21115554215221985,0.5561535560152084
2025-09-03,-0.31087523727944594,0.12222138867728136,1.3232295099645148,1.306766024152968
2025-09-04,1.2823497071074785,0.996188462303655,0.9165974009550928,0.4565563889048321
2025-09-05,-2.044012413267544,-2.090569628392875,-2.2981126135329473,-0.9373044632528194
2025-09-08,-2.094965330353984,-2.8876472646803917,-4.109686470575437,-2.6121700409934387
2025-09-09,0.9883380426975077,1.078559409289127,1.2852468118226321,0.3666982122936024
2025-09-10,0.18939192261379167,0.14248452751365465,-0.18528787943995495,-0.12187385681251685
2025-09-11,1.4360769206837063,0.9767603839601389,0.23685127057551428,0.1927938425885098
2025-09-12,0.5574489039950423,0.5651718442895943,1.322330036572544,1.049737534089259
2025-09-15,0.6039246616918474,0.9668067660217796,1.9839511225820838,1.595786734316097
2025-09-16,-0.07249196776013116,-0.24137480349970156,-0.8612140437126211,-0.7476062774355042
2025-09-17,-0.3493369362528576,-0.6437713790768829,-1.740638345438774,-0.4819375652325346
2025-09-18,-0.38117341271049077,-0.281126346728223,-0.0885273748316018,-0.26943926512249167
2025-09-19,-0.1187766681708354,-0.2941219318959049,-0.8647702113782358,0.03472717498327709
2025-09-22,-2.170707090831956,-1.8243645217346793,-1.064454660693234,-1.4010955771724758
2025-09-23,0.10161904720885868,0.0073438237063296165,-0.29073265186499003,-0.12772157179040922
2025-09-24,1.743206596808558,1.847525497224393,1.7059056040576412,1.2699338029151928
2025-09-25,0.2796225034905905,0.4095259103474187,0.6759618571508013,0.7623106765037552
2025-09-26,-0.324413161879585,-0.4982929969042572,-1.1044284964066937,-0.29779211172664166
2025-09-29,0.5157647749978069,0.35791494798693335,-0.2508897863191207,-0.9218373847485134
2025-09-30,0.048317478982401935,-0.18877069419489775,-0.984732210334183,-1.0212208346400404
2025-10-01,0.4017403414897366,0.46326323515949636,0.5198287044281608,0.3004811845995598
2025-10-02,-0.5806317462735714,-0.8641276836561258,-1.8708361355457233,-0.991158556643915
2025-10-03,-0.01559429037040414,-0.44661475578503945,-1.4851132276029537,-1.034452349342735
2025-10-06,3.1475571602846553,3.2919784729554555,3.8272835046046385,2.3740947276663515
2025-10-07,-0.4868604567475365,-0.7549868283935485,-1.349813534083098,-1.0104850465948019
2025-10-08,0.6940486034941088,0.5975128723968026,0.7932411546851191,0.3369124212940002
2025-10-09,0.9286165533746696,0.9121701260693997,0.6923230046966813,0.16330651968701523
2025-10-10,2.0238051302860356,1.6087650664543047,0.8691623894389784,0.011969521831890515
2025-10-13,1.5883725499706125,1.1874653947848957,0.21303834001904576,-0.19610260366524837
2025-10-14,0.07004523419942499,-0.07883162548183431,-0.26796130994633965,-1.323453893303361
2025-10-15,-0.20132583546256158,0.08457189898134339,0.8025292473627941,-0.24013151529144972
2025-10-16,0.626504128880807,0.6589801110450086,1.4879896985375107,0.5951085847163866
2025-10-17,-2.256928679459733,-2.0885218882760492,-1.4575855001547815,-0.5777998383072043
2025-10-20,-5.525313785023375,-5.760565162466899,-6.38825792158229,-4.505653363533548
2025-10-21,2.378926792358237,1.7376564219811468,-0.0770440388975858,0.682965993860433
2025-10-22,0.7788371428694896,0.7734593465537036,0.9569330682458186,0.8746015136814158
2025-10-23,0.7687067409191987,0.3706063020282003,-0.7486719724931391,0.11612563986423435
2025-10-24,-0.06066245642770865,-0.3388955042359045,-0.6514681021193865,-0.42755864756259915
2025-10-27,-2.2802494199697927,-1.9596888944568263,-1.4122994111705238,-0.20948941320842362
2025-10-28,2.520626743023858,2.29204656369446,1.9009822087786135,1.0778875527284233
2025-10-29,0.02462144540321292,0.3399449028101804,1.0694348637085842,1.358267354888806
2025-10-30,-1.2686818216198124,-1.1990191086360882,-0.8608482562109878,0.10357261689336586
2025-10-31,-2.090068576409174,-1.967338428418925,-1.4420458491075219,-0.31882864061944544
2025-11-03,-1.4811919206979727,-1.8268602245763557,-2.948456075868548,-1.045893364581368
2025-11-04,2.134103120999706,2.543909335250034,2.9113697004234957,1.1652491172318773
2025-11-05,-0.5940538269819297,-0.5501724094806487,-0.9475820352646717,-1.0190938586278633
2025-11-06,-0.8982853588389383,-0.8823305657873497,-0.8706420499494963,0.05368951873878658
2025-11-07,-2.4303433944240984,-2.7718427159379577,-2.819891313136569,-1.5242800011917972
2025-11-10,-1.1314875364848795,-1.1457580128010432,-1.7598140236583828,-0.40157620803924843
2025-11-11,0.960904083397132,0.973827880940794,1.3166996869683065,0.2825368877354447
2025-11-12,2.7436362656980915,2.60564241905417,2.26857607609191,1.4119871585264314
2025-11-13,-0.4303499215023105,-0.31029764094413415,-0.005700941753256105,0.3602002676356666
2025-11-14,0.39135221546210175,0.35899553940312173,0.7292684394626795,0.019610022091422243
2025-11-17,1.1686471673590109,1.2936645499403323,1.6776570094432417,0.5910679534496702
2025-11-18,0.23894873973814854,0.35145107218609223,0.14374395520602123,0.1395990811887671
2025-11-19,-0.627335730729591,-0.7770741875829199,-1.430342654910079,-0.765967843655001
2025-11-20,0.5951926568899929,0.4049438864907042,-0.4211026580354583,-0.04839543084640473
2025-11-21,0.1279840063040425,-0.11353246541870698,-0.6781760753027027,-0.25872388304228006
2025-11-24,0.8631563580195961,0.5480138496541183,-0.3637006556791379,-0.5247388352417803
2025-11-25,-0.3533757297300576,-0.577116807167741,-1.1209098707079095,-1.1391336429543912
2025-11-26,0.7278641111142077,1.2537919351274054,2.5526608103542845,1.0408502953881926
2025-11-27,-0.12328565595956208,0.04255495594567581,0.23916926118781817,-0.17503827237914565
2025-11-28,0.14251907434311858,0.1253489364517021,-0.6547407258317318,-0.17600745627558773
2025-12-01,0.4998092053880137,0.2304084980588669,-0.5766549986845616,-0.29315031340198516
2025-12-02,0.8528045752439454,0.6711047891548659,0.15278774891699776,0.1320903318084495
2025-12-03,1.115227602989095,1.125180795695433,1.0699524024867673,0.8362721885936613
2025-12-04,0.38162576177940977,0.5473910192652711,0.7614140554800577,0.6478116469292422
2025-12-05,-0.203791192215693,-0.15070538340783188,-0.7912815349950416,-0.49071894638101665
2025-12-08,0.4202748071086041,0.19372238116216467,-1.4657564576794009,-0.11565936980090712
2025-12-09,-0.5458915103853216,-0.5212120924932898,-0.7753207582195681,0.014464738936685801
2025-12-10,-1.328590971290014,-1.2950568668331681,-0.831367155736456,-0.32266589301273213
2025-12-11,-1.1722385587669666,-0.9471809608747224,-0.07949694042834178,-0.3819572992810174
2025-12-12,-3.0208135546297874,-3.2961899178889933,-4.379215316601023,-2.4558051969077574
2025-12-15,0.1503932718901816,-0.1251668339892491,-0.4125588204224717,-0.361641920379603
2025-12-16,2.1182311206358597,2.3456414198220665,3.2524129145066034,1.6031148408784355
2025-12-17,-0.6260820593688621,-0.4961816590959738,-0.3973400753245027,-0.07039350256993714
2025-12-18,0.29041799536803425,0.3049449370552793,0.08605754547699587,0.008047480137144052
2025-12-19,1.553950602193549,1.4375784155689308,0.7630734829783081,-0.3688367696824789
2025-12-22,2.6541919829066667,2.794219434009218,2.019683552185432,0.5878817011705725
2025-12-23,1.3801602217819522,1.0885448560192654,-0.6443484355505206,-0.10577831727616681
2025-12-24,0.5084252775729086,0.7628923145974699,0.33046412873873726,-0.21323542422015557
2025-12-25,-2.3464948136976163,-2.496796900319142,-1.4036337987417538,-0.6552851838765872
2025-12-26,-0.51951067839205,-0.6441167590745746,-0.45856733183060155,-0.4231943561382868
2025-12-29,1.248047984282529,1.1697619640608719,0.5751303126585187,0.3008213873180382
2025-12-30,0.9519215158789771,0.8126320301430335,0.32242737398116056,0.04869668823490087
2025-12-31,1.0360632534092888,0.8795206102277323,-0.595371009000794,-0.19967179248412648
