"Ngày","Lần cuối","Mở","Cao","Thấp","KL","% Thay đổi"
"31/12/2025","1,893.42","1,876.84","1,894.79","1,863.34","562.27M","0.88%"
"30/12/2025","1,876.84","1,861.65","1,876.84","1,847.55","523.54M","0.82%"
"29/12/2025","1,861.65","1,840.00","1,861.69","1,840.00","465.20M","1.18%"
"26/12/2025","1,840.00","1,851.89","1,851.89","1,791.67","879.93M","-0.64%"
"25/12/2025","1,851.89","1,898.71","1,919.45","1,851.89","603.11M","-2.47%"
"24/12/2025","1,898.71","1,884.28","1,904.76","1,868.35","657.47M","0.77%"
"23/12/2025","1,884.28","1,863.88","1,892.88","1,863.88","697.49M","1.09%"
"22/12/2025","1,863.88","1,812.52","1,863.88","1,812.52","721.65M","2.83%"
"19/12/2025","1,812.52","1,786.65","1,816.35","1,786.65","606.09M","1.45%"
"18/12/2025","1,786.65","1,781.21","1,786.65","1,771.00","463.74M","0.31%"
"17/12/2025","1,781.21","1,790.07","1,798.52","1,756.18","461.95M","-0.49%"
"16/12/2025","1,790.07","1,748.57","1,799.98","1,729.12","705.90M","2.37%"
"15/12/2025","1,748.57","1,750.76","1,769.90","1,736.83","561.67M","-0.13%"
"12/12/2025","1,750.76","1,809.43","1,817.01","1,740.41","786.54M","-3.24%"
"11/12/2025","1,809.43","1,826.65","1,830.36","1,802.92","472.94M","-0.94%"
"10/12/2025","1,826.65","1,850.46","1,854.63","1,820.78","489.96M","-1.29%"
"09/12/2025","1,850.46","1,860.13","1,876.36","1,826.16","860.80M","-0.52%"
"08/12/2025","1,860.13","1,856.53","1,880.92","1,853.92","578.92M","0.19%"
"05/12/2025","1,856.53","1,859.33","1,879.61","1,851.35","602.71M","-0.15%"
"04/12/2025","1,859.33","1,849.18","1,864.81","1,845.54","738.28M","0.55%"
"03/12/2025","1,849.18","1,828.49","1,858.53","1,823.68","701.70M","1.13%"
"02/12/2025","1,828.49","1,816.26","1,831.62","1,800.36","631.51M","0.67%"
"01/12/2025","1,816.26","1,812.08","1,830.39","1,810.86","498.83M","0.23%"
"28/11/2025","1,812.08","1,809.81","1,820.14","1,799.34","607.86M","0.13%"
"27/11/2025","1,809.81","1,809.04","1,824.70","1,807.18","567.45M","0.04%"
"26/11/2025","1,809.04","1,786.50","1,811.54","1,783.50","658.09M","1.26%"
"25/11/2025","1,786.50","1,796.84","1,811.32","1,780.55","749.68M","-0.58%"
"24/11/2025","1,796.84","1,787.02","1,806.08","1,787.02","485.59M","0.55%"
"21/11/2025","1,787.02","1,789.05","1,791.91","1,766.42","637.92M","-0.11%"
"20/11/2025","1,789.05","1,781.82","1,794.20","1,779.11","562.16M","0.41%"
"19/11/2025","1,781.82","1,795.72","1,797.90","1,774.34","708.88M","-0.77%"
"18/11/2025","1,795.72","1,789.42","1,796.27","1,772.17","648.03M","0.35%"
"17/11/2025","1,789.42","1,766.42","1,789.42","1,766.42","626.67M","1.30%"
"14/11/2025","1,766.42","1,760.09","1,770.89","1,750.28","614.17M","0.36%"
"13/11/2025","1,760.09","1,765.56","1,772.72","1,753.18","607.10M","-0.31%"
"12/11/2025","1,765.56","1,720.15","1,765.78","1,720.15","661.78M","2.64%"
"11/11/2025","1,720.15","1,703.48","1,724.76","1,700.26","572.97M","0.98%"
"10/11/2025","1,703.48","1,723.11","1,739.30","1,703.43","631.66M","-1.14%"
"07/11/2025","1,723.11","1,771.54","1,774.66","1,719.22","792.46M","-2.73%"
"06/11/2025","1,771.54","1,787.24","1,790.83","1,766.71","534.99M","-0.88%"
"05/11/2025","1,787.24","1,797.10","1,808.41","1,779.03","584.31M","-0.55%"
"04/11/2025","1,797.10","1,751.96","1,805.11","1,733.43","1.08B","2.58%"
"03/11/2025","1,751.96","1,784.26","1,796.59","1,749.70","926.93M","-1.81%"
"31/10/2025","1,784.26","1,819.71","1,825.61","1,767.07","747.18M","-1.95%"
"30/10/2025","1,819.71","1,841.66","1,848.31","1,811.11","726.34M","-1.19%"
"29/10/2025","1,841.66","1,835.41","1,858.09","1,830.78","799.15M","0.34%"
"28/10/2025","1,835.41","1,793.82","1,835.52","1,765.96","817.40M","2.32%"
"27/10/2025","1,793.82","1,829.32","1,845.00","1,793.22","869.97M","-1.94%"
"24/10/2025","1,829.32","1,835.53","1,839.60","1,803.09","874.85M","-0.34%"
"23/10/2025","1,835.53","1,828.74","1,851.79","1,819.99","664.63M","0.37%"
"22/10/2025","1,828.74","1,814.65","1,846.33","1,771.63","839.77M","0.78%"
"21/10/2025","1,814.65","1,783.39","1,830.39","1,751.21","1.47B","1.75%"
"20/10/2025","1,783.39","1,889.14","1,889.14","1,782.00","1.53B","-5.60%"
"17/10/2025","1,889.14","1,929.01","1,944.89","1,883.04","1.17B","-2.07%"
"16/10/2025","1,929.01","1,916.34","1,929.04","1,912.42","1.04B","0.66%"
"15/10/2025","1,916.34","1,914.72","1,937.63","1,906.11","1.08B","0.08%"
"14/10/2025","1,914.72","1,916.23","1,950.60","1,905.36","1.44B","-0.08%"
"13/10/2025","1,916.23","1,893.61","1,917.18","1,849.48","1.18B","1.19%"
"10/10/2025","1,893.61","1,863.39","1,893.68","1,863.39","954.97M","1.62%"
"09/10/2025","1,863.39","1,846.47","1,866.34","1,846.47","1.00B","0.92%"
"08/10/2025","1,846.47","1,835.47","1,895.08","1,830.00","969.26M","0.60%"
"07/10/2025","1,835.47","1,849.38","1,872.11","1,824.91","739.72M","-0.75%"
"06/10/2025","1,849.38","1,789.49","1,849.38","1,789.49","967.12M","3.35%"
"03/10/2025","1,789.49","1,797.50","1,802.56","1,781.86","777.70M","-0.45%"
"02/10/2025","1,797.50","1,813.10","1,830.34","1,790.79","703.07M","-0.86%"
"01/10/2025","1,813.10","1,804.72","1,819.49","1,801.46","644.17M","0.46%"
"30/09/2025","1,804.72","1,808.13","1,818.80","1,784.15","1.00B","-0.19%"
"29/09/2025","1,808.13","1,801.67","1,815.25","1,787.54","774.31M","0.36%"
"26/09/2025","1,801.67","1,810.67","1,816.21","1,793.35","851.88M","-0.50%"
"25/09/2025","1,810.67","1,803.27","1,818.72","1,798.87","863.77M","0.41%"
"24/09/2025","1,803.27","1,770.26","1,803.27","1,752.34","905.07M","1.86%"
"23/09/2025","1,770.26","1,770.13","1,783.03","1,759.63","620.88M","0.01%"
"22/09/2025","1,770.13","1,802.72","1,812.07","1,751.12","1.08B","-1.81%"
"19/09/2025","1,802.72","1,808.03","1,816.72","1,786.29","806.05M","-0.29%"
"18/09/2025","1,808.03","1,813.12","1,823.09","1,786.81","803.00M","-0.28%"
"17/09/2025","1,813.12","1,824.83","1,831.18","1,805.85","923.26M","-0.64%"
"16/09/2025","1,824.83","1,829.24","1,843.86","1,818.74","1.18B","-0.24%"
"15/09/2025","1,829.24","1,811.64","1,829.24","1,810.26","1.07B","0.97%"
"12/09/2025","1,811.64","1,801.43","1,823.92","1,795.83","963.40M","0.57%"
"11/09/2025","1,801.43","1,783.92","1,804.05","1,735.83","1.14B","0.98%"
"10/09/2025","1,783.92","1,781.38","1,802.45","1,767.82","769.93M","0.14%"
"09/09/2025","1,781.38","1,762.27","1,781.38","1,748.58","958.68M","1.08%"
"08/09/2025","1,762.27","1,813.90","1,814.35","1,760.62","1.69B","-2.85%"
"05/09/2025","1,813.90","1,852.22","1,868.58","1,812.94","1.56B","-2.07%"
"04/09/2025","1,852.22","1,833.86","1,852.50","1,828.90","1.24B","1.00%"
"03/09/2025","1,833.86","1,831.62","1,843.27","1,819.78","1.17B","0.12%"
"29/08/2025","1,831.62","1,825.43","1,850.03","1,825.43","1.39B","0.34%"
"28/08/2025","1,825.43","1,810.64","1,829.00","1,795.07","1.06B","0.82%"
"27/08/2025","1,810.64","1,809.54","1,840.60","1,804.54","1.42B","0.06%"
"26/08/2025","1,809.54","1,743.89","1,809.68","1,729.02","1.18B","3.76%"
"25/08/2025","1,743.89","1,785.48","1,804.91","1,736.80","1.38B","-2.33%"
"22/08/2025","1,785.48","1,842.38","1,849.81","1,764.13","2.11B","-3.09%"
"21/08/2025","1,842.38","1,808.11","1,848.72","1,808.11","1.55B","1.90%"
"20/08/2025","1,808.11","1,797.25","1,818.36","1,746.91","2.13B","0.60%"
"19/08/2025","1,797.25","1,771.18","1,811.26","1,771.18","1.68B","1.47%"
"18/08/2025","1,771.18","1,760.73","1,775.83","1,756.12","1.43B","0.59%"
"15/08/2025","1,760.73","1,770.26","1,800.92","1,746.18","1.88B","-0.54%"
"14/08/2025","1,770.26","1,731.66","1,770.34","1,731.66","1.66B","2.23%"
"13/08/2025","1,731.66","1,725.46","1,739.60","1,702.16","1.76B","0.36%"
"12/08/2025","1,725.46","1,712.61","1,725.63","1,703.87","1.49B","0.75%"
"11/08/2025","1,712.61","1,698.23","1,718.63","1,698.23","1.49B","0.85%"
"08/08/2025","1,698.23","1,696.10","1,709.66","1,675.16","1.69B","0.13%"
"07/08/2025","1,696.10","1,683.22","1,701.38","1,677.52","1.52B","0.77%"
"06/08/2025","1,683.22","1,651.53","1,683.92","1,651.53","1.23B","1.92%"
"05/08/2025","1,651.53","1,627.98","1,693.99","1,614.41","2.55B","1.45%"
"04/08/2025","1,627.98","1,592.24","1,627.98","1,583.91","1.12B","2.24%"
"01/08/2025","1,592.24","1,595.99","1,604.99","1,574.27","1.28B","-0.23%"
"31/07/2025","1,595.99","1,596.78","1,617.69","1,575.71","1.54B","-0.05%"
"30/07/2025","1,596.78","1,576.51","1,600.85","1,566.44","1.54B","1.29%"
"29/07/2025","1,576.51","1,655.18","1,668.52","1,573.71","2.46B","-4.75%"
"28/07/2025","1,655.18","1,619.18","1,655.35","1,619.18","1.63B","2.22%"
"25/07/2025","1,619.18","1,602.32","1,622.23","1,602.32","1.31B","1.05%"
"24/07/2025","1,602.32","1,590.58","1,607.14","1,584.18","1.24B","0.74%"
"23/07/2025","1,590.58","1,584.49","1,602.86","1,583.74","1.37B","0.38%"
"22/07/2025","1,584.49","1,559.45","1,584.49","1,547.32","1.15B","1.61%"
"21/07/2025","1,559.45","1,566.43","1,582.94","1,555.46","1.28B","-0.45%"
"18/07/2025","1,566.43","1,554.07","1,569.01","1,548.92","1.31B","0.80%"
"17/07/2025","1,554.07","1,542.08","1,558.79","1,542.08","1.28B","0.78%"
"16/07/2025","1,542.08","1,526.10","1,542.27","1,521.83","1.09B","1.05%"
"15/07/2025","1,526.10","1,533.43","1,544.46","1,525.87","1.25B","-0.48%"
"14/07/2025","1,533.43","1,520.21","1,534.08","1,506.82","1.13B","0.87%"
"11/07/2025","1,520.21","1,506.61","1,525.84","1,506.61","1.16B","0.90%"
"10/07/2025","1,506.61","1,493.60","1,506.68","1,493.60","1.01B","0.87%"
"09/07/2025","1,493.60","1,482.39","1,497.08","1,482.39","1.36B","0.76%"
"08/07/2025","1,482.39","1,467.95","1,482.66","1,467.95","1.08B","0.98%"
"07/07/2025","1,467.95","1,448.82","1,468.13","1,448.82","1.17B","1.32%"
"04/07/2025","1,448.82","1,439.59","1,448.96","1,439.59","775.12M","0.64%"
"03/07/2025","1,439.59","1,439.10","1,451.28","1,434.52","1.23B","0.03%"
"02/07/2025","1,439.10","1,427.68","1,439.33","1,423.52","821.92M","0.80%"
"01/07/2025","1,427.68","1,428.71","1,434.03","1,420.77","690.51M","-0.07%"
"30/06/2025","1,428.71","1,421.78","1,430.83","1,421.78","598.34M","0.49%"
"27/06/2025","1,421.78","1,415.88","1,423.53","1,414.46","641.97M","0.42%"
"26/06/2025","1,415.88","1,415.96","1,421.84","1,409.91","558.47M","-0.01%"
"25/06/2025","1,415.96","1,415.31","1,422.80","1,412.47","705.32M","0.05%"
"24/06/2025","1,415.31","1,404.67","1,420.78","1,404.67","835.39M","0.76%"
"23/06/2025","1,404.67","1,401.65","1,404.79","1,387.02","675.61M","0.22%"
"20/06/2025","1,401.65","1,401.20","1,409.25","1,395.99","716.17M","0.03%"
"19/06/2025","1,401.20","1,396.25","1,402.71","1,390.12","589.46M","0.35%"
"18/06/2025","1,396.25","1,397.51","1,404.74","1,391.29","684.54M","-0.09%"
"17/06/2025","1,397.51","1,389.88","1,403.03","1,389.08","700.97M","0.55%"
"16/06/2025","1,389.88","1,366.86","1,390.04","1,358.75","715.04M","1.68%"
"13/06/2025","1,366.86","1,378.23","1,382.80","1,353.71","1.09B","-0.82%"
"12/06/2025","1,378.23","1,365.88","1,381.03","1,360.26","775.89M","0.90%"
"11/06/2025","1,365.88","1,364.99","1,370.73","1,357.99","494.80M","0.07%"
"10/06/2025","1,364.99","1,357.80","1,373.47","1,351.17","665.50M","0.53%"
"09/06/2025","1,357.80","1,375.26","1,376.12","1,355.92","661.14M","-1.27%"
"06/06/2025","1,375.26","1,389.43","1,392.97","1,372.59","854.04M","-1.02%"
"05/06/2025","1,389.43","1,393.89","1,396.66","1,383.75","705.42M","-0.32%"
"04/06/2025","1,393.89","1,394.51","1,399.35","1,390.47","888.92M","-0.04%"
"03/06/2025","1,394.51","1,381.37","1,398.87","1,381.37","972.70M","0.95%"
"02/06/2025","1,381.37","1,375.27","1,381.43","1,367.93","790.89M","0.44%"
"30/05/2025","1,375.27","1,386.35","1,391.38","1,370.90","821.17M","-0.80%"
"29/05/2025","1,386.35","1,385.39","1,392.79","1,380.49","807.88M","0.07%"
"28/05/2025","1,385.39","1,387.37","1,393.25","1,380.42","816.70M","-0.14%"
"27/05/2025","1,387.37","1,378.40","1,387.69","1,377.74","991.76M","0.65%"
"26/05/2025","1,378.40","1,361.73","1,378.44","1,334.50","896.88M","1.22%"
"23/05/2025","1,361.73","1,361.55","1,366.72","1,355.50","595.80M","0.01%"
"22/05/2025","1,361.55","1,371.24","1,378.89","1,360.05","1.04B","-0.71%"
"21/05/2025","1,371.24","1,363.26","1,380.31","1,361.90","899.48M","0.59%"
"20/05/2025","1,363.26","1,342.40","1,364.04","1,342.40","786.89M","1.55%"
"19/05/2025","1,342.40","1,352.60","1,353.50","1,338.56","779.81M","-0.75%"
"16/05/2025","1,352.60","1,368.87","1,371.09","1,351.56","764.89M","-1.19%"
"15/05/2025","1,368.87","1,362.93","1,370.23","1,353.41","1.00B","0.44%"
"14/05/2025","1,362.93","1,346.11","1,363.77","1,343.56","873.70M","1.25%"
"13/05/2025","1,346.11","1,334.92","1,346.32","1,334.92","819.56M","0.84%"
"12/05/2025","1,334.92","1,316.73","1,335.69","1,316.73","797.61M","1.38%"
"09/05/2025","1,316.73","1,314.62","1,323.53","1,313.28","648.86M","0.16%"
"08/05/2025","1,314.62","1,294.49","1,316.14","1,294.49","728.97M","1.56%"
"07/05/2025","1,294.49","1,289.46","1,295.66","1,287.97","624.60M","0.39%"
"06/05/2025","1,289.46","1,289.97","1,300.50","1,288.30","665.63M","-0.04%"
"05/05/2025","1,289.97","1,277.47","1,290.24","1,276.39","532.77M","0.98%"
"29/04/2025","1,277.47","1,277.82","1,280.72","1,274.87","493.44M","-0.02%"
"28/04/2025","1,277.72","1,279.88","1,283.97","1,271.73","500.08M","-0.08%"
"25/04/2025","1,278.72","1,275.23","1,280.65","1,267.22","710.49M","0.32%"
"24/04/2025","1,274.59","1,268.53","1,275.91","1,261.07","654.33M","0.77%"
"23/04/2025","1,264.81","1,258.99","1,269.20","1,255.21","700.88M","1.31%"
"22/04/2025","1,248.45","1,251.40","1,256.06","1,183.58","1.47B","-0.82%"
"21/04/2025","1,258.81","1,269.73","1,273.51","1,252.42","730.24M","-0.88%"
"18/04/2025","1,269.96","1,272.60","1,286.11","1,269.96","940.04M","0.64%"
"17/04/2025","1,261.87","1,242.94","1,261.87","1,241.71","631.25M","0.76%"
"16/04/2025","1,252.39","1,268.42","1,276.74","1,247.74","681.74M","-1.38%"
"15/04/2025","1,269.95","1,275.56","1,288.44","1,260.18","903.65M","-1.29%"
"14/04/2025","1,286.60","1,278.89","1,288.62","1,271.19","877.18M","1.46%"
"11/04/2025","1,268.04","1,230.67","1,268.04","1,222.14","1.56B","4.64%"
"10/04/2025","1,211.81","1,211.36","1,211.90","1,210.77","206.19M","6.83%"
"09/04/2025","1,134.33","1,153.44","1,178.58","1,105.97","1.42B","-3.16%"
"08/04/2025","1,171.31","1,210.01","1,212.95","1,168.53","944.27M","-6.48%"
"04/04/2025","1,252.45","1,249.61","1,252.45","1,193.90","1.71B","-1.31%"
"03/04/2025","1,269.02","1,320.67","1,320.67","1,268.77","1.53B","-6.75%"
"02/04/2025","1,360.86","1,364.54","1,367.78","1,360.64","643.48M","0.03%"
"01/04/2025","1,360.39","1,355.14","1,360.39","1,348.74","495.33M","0.74%"
"31/03/2025","1,350.36","1,353.86","1,356.22","1,346.03","684.85M","-0.68%"
"28/03/2025","1,359.61","1,367.09","1,368.34","1,355.72","576.53M","-0.50%"
"27/03/2025","1,366.40","1,366.46","1,369.57","1,364.49","506.37M","-0.05%"
"26/03/2025","1,367.12","1,376.41","1,382.04","1,364.59","654.00M","-0.58%"
"25/03/2025","1,375.13","1,376.58","1,382.67","1,372.83","752.93M","-0.07%"
"24/03/2025","1,376.04","1,368.77","1,376.04","1,360.81","702.27M","0.59%"
"21/03/2025","1,367.96","1,368.97","1,371.02","1,366.62","652.51M","-0.09%"
"20/03/2025","1,369.25","1,374.22","1,378.48","1,361.44","762.33M","-0.02%"
"19/03/2025","1,369.50","1,377.08","1,377.98","1,365.65","743.31M","-0.70%"
"18/03/2025","1,379.13","1,388.24","1,390.28","1,379.13","722.84M","-0.38%"
"17/03/2025","1,384.35","1,380.24","1,385.33","1,378.55","753.92M","0.71%"
"14/03/2025","1,374.58","1,377.11","1,383.34","1,372.82","816.34M","-0.23%"
"13/03/2025","1,377.77","1,388.23","1,392.89","1,376.18","902.56M","-0.65%"
"12/03/2025","1,386.76","1,392.93","1,394.76","1,382.36","788.92M","-0.18%"
"11/03/2025","1,389.33","1,374.12","1,389.33","1,371.05","758.15M","0.19%"
"10/03/2025","1,386.68","1,392.54","1,396.39","1,383.11","782.06M","-0.07%"
"07/03/2025","1,387.67","1,384.00","1,389.45","1,381.97","797.22M","0.45%"
"06/03/2025","1,381.40","1,369.19","1,381.40","1,368.85","898.85M","1.22%"
"05/03/2025","1,364.78","1,374.22","1,381.98","1,364.78","687.47M","-0.59%"
"04/03/2025","1,372.88","1,365.36","1,374.51","1,355.77","841.03M","0.30%"
"03/03/2025","1,368.84","1,364.54","1,370.64","1,363.28","722.25M","0.31%"
"28/02/2025","1,364.65","1,367.57","1,369.73","1,359.24","675.01M","-0.36%"
"27/02/2025","1,369.56","1,367.15","1,369.56","1,355.81","766.45M","0.35%"
"26/02/2025","1,364.84","1,365.47","1,368.25","1,363.05","643.80M","0.07%"
"25/02/2025","1,363.86","1,368.77","1,371.49","1,359.29","736.21M","-0.18%"
"24/02/2025","1,366.26","1,359.37","1,366.26","1,355.36","715.93M","0.65%"
"21/02/2025","1,357.46","1,355.64","1,358.85","1,352.14","588.43M","0.14%"
"20/02/2025","1,355.60","1,356.23","1,358.36","1,353.26","624.97M","0.25%"
"19/02/2025","1,352.18","1,342.22","1,352.79","1,341.38","664.48M","0.83%"
"18/02/2025","1,341.03","1,338.76","1,348.70","1,336.77","553.89M","0.29%"
"17/02/2025","1,337.11","1,340.84","1,343.06","1,336.49","679.15M","-0.21%"
"14/02/2025","1,339.86","1,337.18","1,346.19","1,337.18","550.62M","0.30%"
"13/02/2025","1,335.87","1,332.93","1,335.90","1,328.29","402.16M","0.19%"
"12/02/2025","1,333.30","1,337.75","1,340.21","1,333.15","409.39M","-0.09%"
"11/02/2025","1,334.52","1,328.64","1,334.52","1,325.62","508.89M","0.60%"
"10/02/2025","1,326.56","1,335.42","1,338.40","1,325.72","628.69M","-0.98%"
"07/02/2025","1,339.63","1,338.06","1,343.59","1,334.35","484.94M","0.18%"
"06/02/2025","1,337.26","1,338.52","1,341.59","1,333.42","471.42M","0.24%"
"05/02/2025","1,334.02","1,332.36","1,336.18","1,329.63","468.88M","0.40%"
"04/02/2025","1,328.73","1,319.92","1,328.82","1,318.41","519.12M","1.02%"
"03/02/2025","1,315.33","1,323.05","1,323.05","1,311.01","444.42M","-1.33%"
"24/01/2025","1,333.10","1,326.84","1,333.27","1,325.34","437.15M","0.49%"
"23/01/2025","1,326.58","1,303.40","1,330.84","1,303.40","434.86M","1.79%"
"22/01/2025","1,303.20","1,308.51","1,310.74","1,303.20","360.93M","-0.21%"
"21/01/2025","1,305.92","1,311.61","1,313.27","1,301.61","336.16M","-0.17%"
"20/01/2025","1,308.12","1,307.59","1,311.28","1,305.64","319.29M","0.11%"
"17/01/2025","1,306.65","1,297.20","1,306.65","1,293.74","315.92M","0.76%"
"16/01/2025","1,296.77","1,295.99","1,301.97","1,289.16","362.73M","0.50%"
"15/01/2025","1,290.31","1,285.39","1,291.67","1,283.27","351.18M","0.77%"
"14/01/2025","1,280.48","1,287.94","1,289.23","1,277.73","277.51M","-0.65%"
"13/01/2025","1,288.88","1,277.18","1,288.88","1,272.56","386.46M","0.54%"
"10/01/2025","1,282.01","1,300.17","1,301.71","1,282.01","422.47M","-1.41%"
"09/01/2025","1,300.32","1,306.18","1,308.66","1,297.61","248.96K","-0.44%"
"08/01/2025","1,306.07","1,300.75","1,306.07","1,294.42","315.35K","0.32%"
"07/01/2025","1,301.85","1,305.42","1,310.39","1,297.03","436.90K","-0.07%"
"06/01/2025","1,302.77","1,314.33","1,318.36","1,301.21","446.80K","-0.86%"
"03/01/2025","1,314.04","1,334.23","1,334.23","1,314.04","449.54K","-1.60%"
"02/01/2025","1,335.47","1,336.68","1,338.47","1,327.59","316.57K","-0.07%"
"31/12/2024","1,336.36","1,338.51","1,338.67","1,332.86","355.02K","-0.22%"
"30/12/2024","1,339.28","1,338.46","1,339.28","1,331.94","402.15K","0.00%"
"27/12/2024","1,339.34","1,334.90","1,341.07","1,334.90","531.82K","0.35%"
"26/12/2024","1,334.63","1,338.37","1,339.78","1,333.08","434.18K","-0.15%"
"25/12/2024","1,336.66","1,320.59","1,343.00","1,320.59","643.97K","1.24%"
"24/12/2024","1,320.34","1,321.17","1,321.26","1,311.18","487.34K","-0.04%"
"23/12/2024","1,320.81","1,318.93","1,323.06","1,318.58","342.95K","0.47%"
"20/12/2024","1,314.62","1,313.51","1,316.02","1,311.46","407.16K","0.18%"
"19/12/2024","1,312.28","1,325.17","1,325.17","1,305.82","613.04K","-1.02%"
"18/12/2024","1,325.81","1,321.69","1,326.68","1,320.46","343.19K","0.35%"
"17/12/2024","1,321.18","1,325.32","1,325.71","1,319.09","307.25K","-0.23%"
"16/12/2024","1,324.20","1,323.51","1,327.71","1,317.74","342.73K","0.09%"
"13/12/2024","1,322.99","1,326.85","1,327.29","1,320.81","354.44K","-0.41%"
"12/12/2024","1,328.41","1,330.26","1,335.87","1,326.37","445.03K","-0.11%"
"11/12/2024","1,329.90","1,330.64","1,336.66","1,324.05","454.97K","-0.05%"
"10/12/2024","1,330.55","1,331.12","1,334.84","1,327.08","446.13K","-0.03%"
"09/12/2024","1,330.99","1,330.25","1,336.14","1,325.30","528.51K","0.13%"
"06/12/2024","1,329.20","1,328.07","1,333.75","1,327.21","551.09K","0.08%"
"05/12/2024","1,328.08","1,293.37","1,328.08","1,288.42","759.00K","2.82%"
"04/12/2024","1,291.71","1,300.25","1,300.45","1,290.94","452.67K","-0.85%"
"03/12/2024","1,302.84","1,301.55","1,306.28","1,296.65","422.47K","0.07%"
"02/12/2024","1,301.87","1,306.31","1,309.89","1,297.37","342.36K","0.00%"
"29/11/2024","1,301.88","1,292.99","1,303.04","1,291.49","382.25K","0.69%"
"28/11/2024","1,292.99","1,297.22","1,301.54","1,290.11","359.05K","0.05%"
"27/11/2024","1,292.38","1,289.84","1,294.43","1,288.41","319.47K","0.13%"
"26/11/2024","1,290.74","1,283.83","1,295.52","1,283.27","454.28K","0.62%"
"25/11/2024","1,282.84","1,277.20","1,283.44","1,276.42","368.83K","0.49%"
"22/11/2024","1,276.54","1,278.61","1,282.44","1,275.06","402.36K","-0.15%"
"21/11/2024","1,278.45","1,265.53","1,278.45","1,261.58","370.62K","1.06%"
"20/11/2024","1,265.06","1,250.94","1,271.54","1,242.00","575.75K","1.08%"
"19/11/2024","1,251.58","1,266.39","1,268.48","1,251.58","400.57K","-1.16%"
"18/11/2024","1,266.33","1,266.40","1,273.75","1,250.55","509.26K","-0.03%"
"15/11/2024","1,266.73","1,278.60","1,279.02","1,264.00","616.79K","-1.22%"
"14/11/2024","1,282.33","1,297.50","1,299.93","1,281.67","513.33K","-1.33%"
"13/11/2024","1,299.67","1,295.72","1,300.60","1,285.62","540.74K","0.11%"
"12/11/2024","1,298.22","1,306.99","1,310.59","1,294.73","463.13K","-0.50%"
"11/11/2024","1,304.80","1,309.47","1,310.09","1,294.48","647.56K","-0.35%"
"08/11/2024","1,309.43","1,320.77","1,320.82","1,305.30","452.83K","-0.56%"
"07/11/2024","1,316.75","1,323.70","1,324.87","1,315.88","419.07K","-0.10%"
"06/11/2024","1,318.04","1,301.42","1,318.41","1,301.42","447.36K","1.32%"
"05/11/2024","1,300.83","1,299.76","1,305.02","1,299.65","303.10K","0.09%"
"04/11/2024","1,299.68","1,311.83","1,313.33","1,296.96","529.57K","-0.91%"
"01/11/2024","1,311.62","1,319.75","1,322.01","1,310.58","483.52K","-0.95%"
"31/10/2024","1,324.21","1,321.32","1,326.07","1,315.55","396.23K","0.29%"
"30/10/2024","1,320.39","1,323.73","1,325.11","1,314.58","414.26K","-0.11%"
"29/10/2024","1,321.86","1,314.65","1,322.29","1,314.65","436.57K","0.58%"
"28/10/2024","1,314.25","1,311.69","1,314.25","1,309.63","357.11K","0.25%"
"25/10/2024","1,311.00","1,318.45","1,319.08","1,308.90","465.95K","-0.29%"
"24/10/2024","1,314.79","1,331.60","1,334.62","1,314.79","521.00K","-1.25%"
"23/10/2024","1,331.49","1,329.28","1,332.63","1,321.42","478.37K","0.22%"
"22/10/2024","1,328.55","1,336.57","1,339.09","1,323.36","651.09K","-0.62%"
"21/10/2024","1,336.81","1,340.76","1,345.09","1,336.81","513.56K","-0.39%"
"18/10/2024","1,342.09","1,348.31","1,351.13","1,341.33","533.84K","-0.10%"
"17/10/2024","1,343.47","1,336.49","1,343.47","1,324.89","567.65K","0.77%"
"16/10/2024","1,333.24","1,335.65","1,338.88","1,330.03","428.08K","-0.24%"
"15/10/2024","1,336.44","1,344.35","1,349.96","1,334.47","604.23K","-0.47%"
"14/10/2024","1,342.75","1,349.54","1,357.72","1,342.26","607.19K","-0.44%"
"11/10/2024","1,348.66","1,348.05","1,350.24","1,342.74","424.87K","0.16%"
"10/10/2024","1,346.55","1,345.24","1,357.54","1,345.24","587.89K","0.34%"
"09/10/2024","1,341.97","1,332.50","1,342.31","1,331.53","567.85K","0.88%"
"08/10/2024","1,330.22","1,328.01","1,335.52","1,323.33","580.76K","0.32%"
"07/10/2024","1,325.97","1,330.96","1,334.33","1,319.06","419.88K","0.11%"
"04/10/2024","1,324.52","1,333.83","1,334.51","1,324.52","503.01K","-0.64%"
"03/10/2024","1,333.04","1,345.03","1,356.90","1,331.50","897.28K","-0.78%"
"02/10/2024","1,343.57","1,345.34","1,351.22","1,341.06","601.76K","-0.47%"
"01/10/2024","1,349.85","1,347.36","1,360.02","1,347.36","815.50K","0.39%"
"30/09/2024","1,344.59","1,343.99","1,346.55","1,338.03","620.77K","0.04%"
"27/09/2024","1,343.99","1,347.24","1,351.92","1,338.67","785.23K","0.08%"
"26/09/2024","1,342.87","1,339.78","1,350.02","1,337.90","805.63K","0.44%"
"25/09/2024","1,337.02","1,330.64","1,337.02","1,327.98","810.40K","0.99%"
"24/09/2024","1,323.88","1,313.86","1,323.88","1,312.18","427.54K","0.73%"
"23/09/2024","1,314.28","1,321.67","1,324.53","1,313.09","395.60K","-0.34%"
"20/09/2024","1,318.82","1,313.11","1,328.35","1,313.11","750.78K","0.43%"
"19/09/2024","1,313.11","1,310.23","1,313.44","1,306.89","426.85K","0.54%"
"18/09/2024","1,306.05","1,301.70","1,312.18","1,298.96","512.77K","0.49%"
"17/09/2024","1,299.68","1,279.90","1,299.68","1,278.83","402.32K","1.62%"
"16/09/2024","1,278.94","1,290.88","1,296.53","1,278.94","385.84K","-1.00%"
"13/09/2024","1,291.81","1,293.62","1,294.51","1,288.99","330.93K","-0.09%"
"12/09/2024","1,292.95","1,296.28","1,298.56","1,291.93","339.81K","0.19%"
"11/09/2024","1,290.53","1,290.23","1,294.97","1,282.20","455.60K","-0.13%"
"10/09/2024","1,292.23","1,307.45","1,309.40","1,288.78","534.08K","-0.95%"
"09/09/2024","1,304.62","1,306.75","1,307.37","1,299.92","381.23K","-0.52%"
"06/09/2024","1,311.38","1,306.21","1,311.57","1,300.16","453.96K","0.35%"
"05/09/2024","1,306.86","1,316.94","1,320.90","1,302.78","506.51K","-0.69%"
"04/09/2024","1,316.00","1,316.53","1,318.60","1,309.01","516.58K","-0.87%"
"30/08/2024","1,327.54","1,325.01","1,328.83","1,324.26","450.78K","0.31%"
"29/08/2024","1,323.42","1,323.27","1,329.76","1,321.97","512.56K","0.01%"
"28/08/2024","1,323.30","1,325.80","1,327.02","1,317.77","592.01K","0.07%"
"27/08/2024","1,322.36","1,320.43","1,325.55","1,316.19","520.28K","0.06%"
"26/08/2024","1,321.63","1,328.75","1,332.46","1,319.66","620.46K","-0.34%"
"23/08/2024","1,326.14","1,325.32","1,328.28","1,315.54","573.15K","0.13%"
"22/08/2024","1,324.48","1,326.84","1,327.35","1,321.00","530.62K","0.02%"
"21/08/2024","1,324.21","1,312.68","1,324.21","1,309.04","646.09K","0.78%"
"20/08/2024","1,313.97","1,306.95","1,317.67","1,304.67","694.83K","0.69%"
"19/08/2024","1,305.03","1,301.95","1,307.54","1,299.89","533.30K","0.75%"
"16/08/2024","1,295.33","1,264.01","1,295.33","1,264.01","820.84K","2.65%"
"15/08/2024","1,261.90","1,267.06","1,268.90","1,257.76","377.44K","-0.43%"
"14/08/2024","1,267.39","1,273.78","1,274.16","1,265.25","385.80K","-0.10%"
"13/08/2024","1,268.71","1,270.44","1,273.15","1,261.99","413.84K","-0.22%"
"12/08/2024","1,271.48","1,264.74","1,271.67","1,259.58","423.43K","0.68%"
"09/08/2024","1,262.92","1,250.10","1,263.45","1,246.91","468.37K","1.68%"
"08/08/2024","1,242.07","1,245.41","1,254.94","1,235.97","552.83K","-0.74%"
"07/08/2024","1,251.28","1,254.54","1,254.54","1,240.62","430.39K","0.19%"
"06/08/2024","1,248.85","1,236.25","1,251.29","1,223.48","517.76K","1.99%"
"05/08/2024","1,224.45","1,259.28","1,262.76","1,220.02","827.61K","-4.23%"
"02/08/2024","1,278.47","1,263.71","1,278.47","1,248.61","558.73K","0.84%"
"01/08/2024","1,267.88","1,298.41","1,302.54","1,261.65","737.39K","-2.35%"
"31/07/2024","1,298.41","1,294.46","1,302.06","1,291.73","555.96K","0.45%"
"30/07/2024","1,292.53","1,294.83","1,295.85","1,283.72","473.61K","-0.16%"
"29/07/2024","1,294.54","1,295.47","1,300.07","1,292.27","383.83K","0.32%"
"26/07/2024","1,290.35","1,283.42","1,290.35","1,280.19","348.16K","0.68%"
"25/07/2024","1,281.61","1,280.54","1,284.71","1,273.64","352.86K","-0.57%"
"24/07/2024","1,289.00","1,276.93","1,292.47","1,264.80","565.49K","0.50%"
"23/07/2024","1,282.58","1,307.61","1,311.53","1,281.09","576.75K","-1.74%"
"22/07/2024","1,305.34","1,311.43","1,316.62","1,293.20","698.48K","-0.75%"
"19/07/2024","1,315.21","1,322.39","1,328.86","1,309.81","644.52K","-0.54%"
"18/07/2024","1,322.39","1,318.50","1,322.39","1,302.45","561.59K","0.36%"
"17/07/2024","1,317.62","1,332.78","1,339.06","1,302.12","1.01M","-0.73%"
"16/07/2024","1,327.28","1,325.30","1,335.98","1,323.63","529.05K","0.18%"
"15/07/2024","1,324.86","1,327.60","1,332.87","1,320.35","409.30K","-0.19%"
"12/07/2024","1,327.44","1,331.19","1,337.14","1,323.06","467.85K","-0.35%"
"11/07/2024","1,332.08","1,339.48","1,343.13","1,332.08","555.01K","-0.19%"
"10/07/2024","1,334.57","1,345.97","1,347.62","1,334.57","586.52K","-0.75%"
"09/07/2024","1,344.62","1,336.83","1,344.62","1,332.58","671.70K","0.64%"
"08/07/2024","1,336.03","1,338.12","1,339.33","1,329.85","579.43K","0.07%"
"05/07/2024","1,335.16","1,331.42","1,335.80","1,326.67","504.11K","0.38%"
"04/07/2024","1,330.09","1,327.82","1,331.68","1,322.30","424.64K","0.43%"
"03/07/2024","1,324.45","1,315.91","1,327.00","1,315.91","441.44K","0.66%"
"02/07/2024","1,315.80","1,306.18","1,318.46","1,304.32","410.53K","1.05%"
"01/07/2024","1,302.10","1,295.05","1,302.10","1,288.03","366.76K","0.52%"
"28/06/2024","1,295.31","1,309.84","1,310.71","1,287.81","580.71K","-1.07%"
"27/06/2024","1,309.26","1,309.34","1,310.43","1,301.59","405.07K","-0.16%"
"26/06/2024","1,311.36","1,309.92","1,313.47","1,295.58","509.45K","0.23%"
"25/06/2024","1,308.32","1,306.36","1,310.66","1,300.29","476.64K","0.20%"
"24/06/2024","1,305.74","1,336.64","1,339.72","1,302.38","963.06K","-2.41%"
"21/06/2024","1,337.95","1,340.64","1,342.39","1,333.99","617.25K","0.00%"
"20/06/2024","1,338.01","1,335.68","1,341.74","1,327.63","723.10K","0.34%"
"19/06/2024","1,333.47","1,334.65","1,338.21","1,321.99","682.79K","0.17%"
"18/06/2024","1,331.17","1,333.81","1,339.40","1,329.88","560.61K","0.19%"
"17/06/2024","1,328.70","1,335.65","1,336.92","1,323.87","698.72K","-0.40%"
"14/06/2024","1,334.00","1,358.15","1,359.94","1,334.00","899.30K","-1.57%"
"13/06/2024","1,355.29","1,352.94","1,359.37","1,350.21","742.89K","0.20%"
"12/06/2024","1,352.52","1,333.09","1,352.52","1,330.36","684.75K","1.52%"
"11/06/2024","1,332.30","1,341.93","1,343.71","1,325.55","754.80K","-0.35%"
"10/06/2024","1,336.99","1,338.73","1,342.78","1,332.40","683.99K","0.32%"
"07/06/2024","1,332.72","1,328.58","1,338.75","1,326.91","516.12K","0.40%"
"06/06/2024","1,327.45","1,331.10","1,334.80","1,321.26","699.64K","0.10%"
"05/06/2024","1,326.17","1,329.49","1,338.69","1,326.17","713.44K","-0.17%"
"04/06/2024","1,328.48","1,333.44","1,335.42","1,326.45","698.76K","0.14%"
"03/06/2024","1,326.65","1,316.45","1,329.58","1,315.97","810.71K","1.56%"
"31/05/2024","1,306.29","1,310.16","1,313.29","1,304.31","535.04K","-0.14%"
"30/05/2024","1,308.10","1,306.19","1,309.14","1,289.63","833.03K","-0.27%"
"29/05/2024","1,311.67","1,324.28","1,325.13","1,310.20","861.75K","-0.71%"
"28/05/2024","1,321.10","1,310.53","1,321.10","1,307.71","657.37K","1.32%"
"27/05/2024","1,303.83","1,302.32","1,304.91","1,292.74","524.97K","0.28%"
"24/05/2024","1,300.14","1,323.76","1,327.89","1,286.91","1.09M","-1.83%"
"23/05/2024","1,324.36","1,309.98","1,324.36","1,302.51","740.29K","1.01%"
"22/05/2024","1,311.18","1,325.05","1,328.37","1,307.16","856.13K","-0.92%"
"21/05/2024","1,323.32","1,323.53","1,325.99","1,311.31","728.22K","-0.05%"
"20/05/2024","1,323.98","1,329.99","1,333.53","1,323.98","848.71K","0.26%"
"17/05/2024","1,320.57","1,315.64","1,320.57","1,311.55","732.97K","0.54%"
"16/05/2024","1,313.43","1,307.24","1,315.81","1,303.41","713.02K","1.34%"
"15/05/2024","1,296.00","1,288.45","1,300.13","1,287.51","647.54K","1.04%"
"14/05/2024","1,282.60","1,285.80","1,291.36","1,279.69","438.00K","0.31%"
"13/05/2024","1,278.61","1,286.04","1,286.83","1,271.61","542.21K","-0.28%"
"10/05/2024","1,282.26","1,287.69","1,288.20","1,272.44","501.95K","-0.11%"
"09/05/2024","1,283.72","1,291.21","1,294.20","1,278.81","537.94K","-0.30%"
"08/05/2024","1,287.60","1,279.43","1,287.60","1,271.31","669.21K","0.15%"
"07/05/2024","1,285.65","1,281.54","1,286.42","1,274.46","488.78K","0.70%"
"06/05/2024","1,276.65","1,262.31","1,276.65","1,257.53","577.61K","1.70%"
"03/05/2024","1,255.27","1,252.08","1,260.71","1,250.80","476.37K","0.47%"
"02/05/2024","1,249.43","1,246.35","1,249.91","1,240.31","432.45K","0.51%"
"26/04/2024","1,243.09","1,230.02","1,248.05","1,228.28","462.09K","0.45%"
"25/04/2024","1,237.49","1,239.91","1,241.02","1,229.92","399.95K","-0.06%"
"24/04/2024","1,238.18","1,213.23","1,240.43","1,212.00","569.78K","2.90%"
"23/04/2024","1,203.30","1,213.64","1,217.57","1,195.67","575.04K","-0.77%"
"22/04/2024","1,212.59","1,205.84","1,218.17","1,202.75","516.27K","1.47%"
"19/04/2024","1,195.08","1,210.38","1,213.37","1,185.51","860.31K","-1.69%"
"17/04/2024","1,215.58","1,237.24","1,242.83","1,215.56","637.96K","-1.73%"
"16/04/2024","1,237.01","1,235.71","1,240.53","1,210.95","1.03M","0.03%"
"15/04/2024","1,236.70","1,299.51","1,303.58","1,236.70","1.12M","-4.89%"
"12/04/2024","1,300.27","1,279.82","1,300.27","1,279.82","579.65K","1.66%"
"11/04/2024","1,279.03","1,277.65","1,283.37","1,269.27","530.41K","-0.06%"
"10/04/2024","1,279.77","1,288.18","1,291.43","1,279.77","517.93K","-0.30%"
"09/04/2024","1,283.59","1,269.79","1,283.59","1,265.69","523.29K","1.20%"
"08/04/2024","1,268.32","1,274.31","1,276.57","1,264.44","648.52K","-0.48%"
"05/04/2024","1,274.47","1,277.76","1,285.62","1,271.61","829.91K","-1.06%"
"04/04/2024","1,288.16","1,295.71","1,299.30","1,285.79","771.55K","-0.57%"
"03/04/2024","1,295.51","1,310.28","1,314.45","1,295.29","875.19K","-1.32%"
"02/04/2024","1,312.82","1,301.68","1,312.82","1,292.40","886.76K","0.30%"
"01/04/2024","1,308.85","1,309.44","1,314.86","1,300.46","723.23K","-0.30%"
"29/03/2024","1,312.81","1,320.13","1,320.44","1,309.93","647.02K","-0.42%"
"28/03/2024","1,318.41","1,313.07","1,320.94","1,312.30","748.77K","0.86%"
"27/03/2024","1,307.15","1,306.20","1,309.22","1,298.20","672.59K","0.26%"
"26/03/2024","1,303.77","1,286.59","1,303.77","1,282.01","731.08K","1.29%"
"25/03/2024","1,287.14","1,301.32","1,306.72","1,283.02","929.24K","-1.10%"
"22/03/2024","1,301.41","1,304.31","1,310.20","1,293.60","1.05M","0.26%"
"21/03/2024","1,298.02","1,287.61","1,298.02","1,283.07","1.01M","1.54%"
"20/03/2024","1,278.28","1,257.46","1,279.68","1,248.81","746.80K","1.80%"
"19/03/2024","1,255.69","1,257.46","1,262.80","1,250.89","704.97K","-0.11%"
"18/03/2024","1,257.07","1,278.94","1,282.71","1,232.91","1.45M","-1.69%"
"15/03/2024","1,278.63","1,279.44","1,286.19","1,266.60","914.80K","-0.16%"
"14/03/2024","1,280.72","1,288.86","1,294.37","1,274.46","924.16K","-0.59%"
"13/03/2024","1,288.32","1,257.74","1,288.32","1,257.74","781.87K","2.46%"
"12/03/2024","1,257.41","1,249.60","1,260.70","1,247.34","698.36K","0.55%"
"11/03/2024","1,250.57","1,263.71","1,269.32","1,247.44","800.47K","-1.02%"
"08/03/2024","1,263.51","1,288.08","1,292.40","1,263.51","1.14M","-1.81%"
"07/03/2024","1,286.75","1,279.21","1,289.19","1,275.59","814.76K","0.61%"
"06/03/2024","1,278.96","1,289.89","1,295.14","1,272.08","857.54K","-0.83%"
"05/03/2024","1,289.67","1,279.99","1,289.67","1,275.45","778.57K","0.84%"
"04/03/2024","1,278.95","1,281.35","1,284.90","1,274.72","921.48K","0.27%"
"01/03/2024","1,275.47","1,270.79","1,276.72","1,266.29","773.70K","0.53%"
"29/02/2024","1,268.79","1,270.33","1,276.89","1,260.64","873.88K","0.15%"
"28/02/2024","1,266.86","1,258.83","1,266.86","1,253.60","780.71K","1.02%"
"27/02/2024","1,254.09","1,245.53","1,254.09","1,243.39","773.78K","1.18%"
"26/02/2024","1,239.52","1,227.34","1,240.07","1,223.79","712.23K","1.07%"
"23/02/2024","1,226.44","1,247.40","1,258.14","1,226.44","1.15M","-1.58%"
"22/02/2024","1,246.13","1,248.27","1,250.02","1,243.90","680.54K","-0.16%"
"21/02/2024","1,248.08","1,246.97","1,252.98","1,240.04","757.66K","0.12%"
"20/02/2024","1,246.62","1,247.26","1,248.79","1,241.14","711.79K","0.15%"
"19/02/2024","1,244.80","1,237.35","1,244.80","1,232.99","843.01K","0.88%"
"16/02/2024","1,234.00","1,232.46","1,234.61","1,228.69","674.23K","0.44%"
"15/02/2024","1,228.57","1,223.74","1,235.50","1,223.74","741.99K","0.52%"
"07/02/2024","1,222.25","1,213.28","1,223.54","1,213.06","573.40K","0.94%"
"06/02/2024","1,210.88","1,210.05","1,213.85","1,208.70","462.51K","0.24%"
"05/02/2024","1,207.98","1,193.39","1,210.46","1,193.16","670.28K","1.39%"
"02/02/2024","1,191.37","1,191.44","1,196.51","1,189.78","645.79K","0.08%"
"01/02/2024","1,190.36","1,181.85","1,192.13","1,181.59","486.86K","0.66%"
"31/01/2024","1,182.55","1,199.52","1,200.54","1,180.51","890.67K","-1.21%"
"30/01/2024","1,197.05","1,191.98","1,197.32","1,191.45","489.70K","0.44%"
"29/01/2024","1,191.76","1,195.84","1,197.28","1,190.70","465.77K","-0.17%"
"26/01/2024","1,193.83","1,191.22","1,195.39","1,191.22","421.41K","0.43%"
"25/01/2024","1,188.76","1,191.04","1,191.15","1,185.22","397.37K","-0.07%"
"24/01/2024","1,189.61","1,192.71","1,197.82","1,188.89","535.33K","-0.35%"
"23/01/2024","1,193.84","1,200.40","1,201.51","1,191.18","508.99K","-0.36%"
"22/01/2024","1,198.13","1,198.67","1,201.42","1,190.39","629.22K","0.28%"
"19/01/2024","1,194.81","1,190.56","1,196.80","1,189.85","546.35K","0.66%"
"18/01/2024","1,187.00","1,182.36","1,188.10","1,180.56","490.73K","0.59%"
"17/01/2024","1,180.02","1,181.50","1,189.09","1,179.36","596.21K","-0.10%"
"16/01/2024","1,181.23","1,167.06","1,181.23","1,164.26","496.13K","0.96%"
"15/01/2024","1,170.03","1,179.46","1,183.81","1,170.03","482.37K","-0.42%"
"12/01/2024","1,174.91","1,176.63","1,180.49","1,164.13","912.62K","-0.40%"
"11/01/2024","1,179.67","1,179.18","1,187.32","1,174.25","679.74K","0.22%"
"10/01/2024","1,177.05","1,178.57","1,184.39","1,172.70","815.55K","-0.10%"
"09/01/2024","1,178.17","1,181.76","1,183.15","1,174.42","696.77K","-0.25%"
"08/01/2024","1,181.07","1,181.01","1,186.65","1,177.92","694.56K","0.29%"
"05/01/2024","1,177.68","1,174.58","1,179.53","1,170.38","643.20K","0.31%"
"04/01/2024","1,174.04","1,167.18","1,184.73","1,166.67","981.98K","0.68%"
"03/01/2024","1,166.13","1,152.85","1,166.13","1,149.18","571.10K","1.13%"
"02/01/2024","1,153.09","1,160.82","1,163.04","1,150.70","671.96K","-0.12%"
"29/12/2023","1,154.49","1,152.97","1,156.95","1,151.86","507.55K","0.31%"
"28/12/2023","1,150.96","1,142.60","1,152.34","1,140.53","515.67K","0.79%"
"27/12/2023","1,141.94","1,143.57","1,146.73","1,141.94","482.41K","0.03%"
"26/12/2023","1,141.58","1,138.60","1,143.43","1,137.06","493.01K","0.34%"
"25/12/2023","1,137.67","1,125.71","1,139.04","1,125.50","475.92K","1.28%"
"22/12/2023","1,123.28","1,123.43","1,126.50","1,120.40","432.96K","-0.02%"
"21/12/2023","1,123.53","1,117.67","1,123.53","1,115.59","384.03K","0.15%"
"20/12/2023","1,121.80","1,116.78","1,122.35","1,113.88","394.53K","0.48%"
"19/12/2023","1,116.40","1,109.69","1,116.40","1,100.51","460.15K","0.61%"
"18/12/2023","1,109.65","1,121.85","1,122.27","1,108.19","450.51K","-0.92%"
"15/12/2023","1,120.00","1,126.03","1,130.16","1,118.76","571.16K","-0.49%"
"14/12/2023","1,125.56","1,135.91","1,137.98","1,123.91","505.49K","-0.47%"
"13/12/2023","1,130.93","1,149.47","1,150.97","1,129.74","661.34K","-1.33%"
"12/12/2023","1,146.18","1,145.49","1,147.42","1,141.25","457.10K","0.27%"
"11/12/2023","1,143.06","1,146.25","1,146.97","1,136.72","527.11K","0.03%"
"08/12/2023","1,142.69","1,141.09","1,147.41","1,136.40","643.62K","0.15%"
"07/12/2023","1,140.97","1,144.54","1,149.36","1,124.29","1.13M","-0.23%"
"06/12/2023","1,143.56","1,133.39","1,143.56","1,131.69","676.34K","1.03%"
"05/12/2023","1,131.91","1,139.29","1,141.02","1,129.32","612.51K","-0.52%"
"04/12/2023","1,137.77","1,122.93","1,142.82","1,122.54","917.82K","1.94%"
"01/12/2023","1,116.16","1,114.02","1,116.49","1,102.26","478.60K","0.78%"
"30/11/2023","1,107.51","1,115.53","1,122.13","1,107.51","557.66K","-0.75%"
"29/11/2023","1,115.91","1,110.96","1,119.06","1,109.88","467.29K","0.69%"
"28/11/2023","1,108.21","1,099.65","1,108.45","1,086.57","507.13K","0.82%"
"27/11/2023","1,099.20","1,111.15","1,112.76","1,098.79","425.77K","-1.05%"
"24/11/2023","1,110.88","1,107.75","1,110.88","1,086.73","754.17K","0.62%"
"23/11/2023","1,104.02","1,138.13","1,141.00","1,104.02","812.97K","-2.78%"
"22/11/2023","1,135.55","1,131.25","1,136.93","1,123.42","668.83K","0.44%"
"21/11/2023","1,130.54","1,123.44","1,133.67","1,123.44","519.19K","0.70%"
"20/11/2023","1,122.67","1,108.19","1,131.47","1,102.03","642.24K","0.17%"
"17/11/2023","1,120.71","1,148.33","1,150.87","1,114.48","990.50K","-2.14%"
"16/11/2023","1,145.23","1,138.03","1,145.23","1,133.77","513.42K","0.36%"
"15/11/2023","1,141.07","1,143.60","1,154.93","1,137.84","752.42K","0.89%"
"14/11/2023","1,130.99","1,125.10","1,138.29","1,122.43","660.52K","1.15%"
"13/11/2023","1,118.08","1,118.23","1,126.32","1,108.57","620.65K","0.04%"
"10/11/2023","1,117.66","1,119.39","1,134.77","1,117.04","811.38K","-0.98%"
"09/11/2023","1,128.67","1,133.30","1,142.44","1,127.20","844.32K","-0.13%"
"08/11/2023","1,130.14","1,089.36","1,130.14","1,086.01","739.60K","3.70%"
"07/11/2023","1,089.81","1,096.25","1,101.24","1,088.44","451.98K","-0.92%"
"06/11/2023","1,099.89","1,091.81","1,099.89","1,090.48","471.29K","1.45%"
"03/11/2023","1,084.21","1,085.15","1,091.65","1,077.85","607.73K","0.06%"
"02/11/2023","1,083.52","1,044.26","1,083.52","1,044.26","625.35K","3.80%"
"01/11/2023","1,043.88","1,028.23","1,043.88","1,021.99","514.70K","1.54%"
"31/10/2023","1,028.02","1,045.34","1,048.42","1,025.17","613.61K","-1.47%"
"30/10/2023","1,043.37","1,063.65","1,066.68","1,043.37","383.88K","-2.33%"
"27/10/2023","1,068.21","1,066.91","1,070.36","1,045.59","536.66K","0.76%"
"26/10/2023","1,060.15","1,089.90","1,091.40","1,051.49","975.78K","-4.49%"
"25/10/2023","1,109.99","1,115.60","1,123.47","1,109.99","413.56K","-0.42%"
"24/10/2023","1,114.63","1,104.55","1,117.25","1,097.54","379.62K","1.11%"
"23/10/2023","1,102.38","1,116.83","1,117.06","1,096.05","430.18K","-1.37%"
"20/10/2023","1,117.68","1,094.02","1,117.88","1,083.01","521.07K","2.13%"
"19/10/2023","1,094.35","1,114.81","1,114.95","1,094.35","534.21K","-1.77%"
"18/10/2023","1,114.05","1,135.41","1,137.01","1,095.84","818.14K","-1.58%"
"17/10/2023","1,131.88","1,158.60","1,161.54","1,131.88","496.34K","-1.91%"
"16/10/2023","1,153.95","1,168.58","1,170.91","1,152.71","544.12K","-1.28%"
"13/10/2023","1,168.95","1,157.53","1,170.06","1,151.80","508.92K","0.25%"
"12/10/2023","1,166.01","1,167.55","1,173.69","1,162.31","525.16K","-0.06%"
"11/10/2023","1,166.69","1,158.90","1,166.69","1,151.34","443.19K","0.85%"
"10/10/2023","1,156.82","1,153.96","1,163.70","1,153.96","559.54K","0.58%"
"09/10/2023","1,150.17","1,137.76","1,150.17","1,135.61","480.81K","1.12%"
"06/10/2023","1,137.48","1,121.25","1,138.50","1,115.44","511.80K","1.53%"
"05/10/2023","1,120.32","1,139.01","1,141.20","1,120.32","481.70K","-1.26%"
"04/10/2023","1,134.66","1,117.91","1,143.24","1,108.56","575.96K","1.08%"
"03/10/2023","1,122.49","1,152.99","1,153.91","1,120.71","823.47K","-3.48%"
"02/10/2023","1,162.99","1,161.58","1,169.89","1,156.31","405.69K","0.21%"
"29/09/2023","1,160.57","1,164.38","1,170.78","1,158.31","459.06K","0.20%"
"28/09/2023","1,158.31","1,161.15","1,161.56","1,140.47","566.62K","-0.28%"
"27/09/2023","1,161.58","1,142.68","1,161.58","1,125.58","661.91K","1.84%"
"26/09/2023","1,140.57","1,149.27","1,167.22","1,140.57","837.07K","-0.97%"
"25/09/2023","1,151.78","1,195.86","1,201.02","1,151.78","876.20K","-3.94%"
"22/09/2023","1,198.98","1,217.35","1,217.35","1,182.77","1.17M","-2.33%"
"21/09/2023","1,227.63","1,243.31","1,244.66","1,226.79","816.86K","-1.24%"
"20/09/2023","1,243.09","1,229.12","1,244.26","1,226.13","663.08K","1.31%"
"19/09/2023","1,227.01","1,226.03","1,230.94","1,211.60","754.81K","0.23%"
"18/09/2023","1,224.23","1,235.43","1,237.77","1,216.12","668.57K","-1.14%"
"15/09/2023","1,238.35","1,237.40","1,246.70","1,231.77","735.07K","0.25%"
"14/09/2023","1,235.28","1,251.15","1,257.55","1,233.87","912.78K","-1.27%"
"13/09/2023","1,251.14","1,262.24","1,265.02","1,244.51","1.01M","-0.53%"
"12/09/2023","1,257.81","1,231.85","1,257.81","1,227.33","743.38K","2.11%"
"11/09/2023","1,231.85","1,255.96","1,262.99","1,231.08","1.12M","-1.65%"
"08/09/2023","1,252.51","1,251.54","1,259.35","1,250.19","805.61K","-0.07%"
"07/09/2023","1,253.36","1,258.03","1,265.99","1,250.36","932.93K","-0.15%"
"06/09/2023","1,255.27","1,242.69","1,255.27","1,234.00","907.52K","1.19%"
"05/09/2023","1,240.45","1,238.69","1,243.77","1,234.01","821.32K","0.78%"
"31/08/2023","1,230.85","1,219.37","1,230.85","1,219.37","757.82K","1.04%"
"30/08/2023","1,218.21","1,207.01","1,218.87","1,205.76","696.57K","1.05%"
"29/08/2023","1,205.57","1,205.99","1,209.70","1,197.83","771.92K","0.28%"
"28/08/2023","1,202.19","1,188.44","1,202.19","1,187.49","640.01K","1.73%"
"25/08/2023","1,181.77","1,184.87","1,189.56","1,178.32","704.52K","-0.27%"
"24/08/2023","1,184.99","1,165.28","1,184.99","1,161.87","658.76K","1.84%"
"23/08/2023","1,163.54","1,184.33","1,184.85","1,159.71","565.10K","-0.73%"
"22/08/2023","1,172.12","1,167.95","1,172.12","1,132.60","818.54K","0.57%"
"21/08/2023","1,165.53","1,164.33","1,175.48","1,150.58","859.14K","0.01%"
"18/08/2023","1,165.40","1,218.49","1,221.29","1,163.09","1.44M","-4.95%"
"17/08/2023","1,226.14","1,235.99","1,238.21","1,226.14","911.09K","-0.71%"
"16/08/2023","1,234.85","1,223.51","1,234.85","1,221.64","728.09K","0.91%"
"15/08/2023","1,223.73","1,228.07","1,228.30","1,219.90","701.68K","-0.16%"
"14/08/2023","1,225.71","1,223.05","1,227.96","1,216.01","896.75K","0.64%"
"11/08/2023","1,217.89","1,213.04","1,217.90","1,197.83","830.50K","0.99%"
"10/08/2023","1,205.94","1,221.60","1,222.97","1,204.98","791.80K","-1.12%"
"09/08/2023","1,219.56","1,224.35","1,226.16","1,215.66","851.75K","-0.52%"
"08/08/2023","1,225.88","1,230.46","1,232.57","1,223.08","925.47K","-0.22%"
"07/08/2023","1,228.58","1,212.59","1,228.58","1,212.59","960.67K","1.33%"
"04/08/2023","1,212.46","1,195.04","1,213.63","1,195.04","970.55K","1.56%"
"03/08/2023","1,193.88","1,200.56","1,205.20","1,191.54","874.74K","-0.61%"
"02/08/2023","1,201.25","1,196.13","1,203.59","1,192.28","734.82K","0.33%"
"01/08/2023","1,197.26","1,213.22","1,213.96","1,197.26","1.06M","-0.77%"
"31/07/2023","1,206.52","1,203.52","1,207.27","1,195.93","963.46K","1.08%"
"28/07/2023","1,193.59","1,182.13","1,193.59","1,180.66","944.44K","1.04%"
"27/07/2023","1,181.26","1,181.88","1,185.79","1,171.55","969.28K","0.01%"
"26/07/2023","1,181.20","1,177.80","1,181.20","1,174.52","764.60K","0.30%"
"25/07/2023","1,177.66","1,177.04","1,181.68","1,173.99","824.21K","0.25%"
"24/07/2023","1,174.68","1,172.68","1,175.25","1,165.02","876.02K","0.69%"
"21/07/2023","1,166.64","1,151.12","1,166.64","1,150.56","821.40K","1.47%"
"20/07/2023","1,149.75","1,145.76","1,149.75","1,141.38","673.89K","0.34%"
"19/07/2023","1,145.86","1,151.84","1,153.01","1,145.86","719.81K","-0.24%"
"18/07/2023","1,148.58","1,146.56","1,149.02","1,142.08","673.33K","0.18%"
"17/07/2023","1,146.54","1,145.67","1,148.75","1,142.64","760.98K","0.47%"
"14/07/2023","1,141.20","1,141.74","1,142.41","1,127.99","880.30K","0.41%"
"13/07/2023","1,136.56","1,130.31","1,136.56","1,129.81","685.05K","1.07%"
"12/07/2023","1,124.51","1,126.55","1,128.76","1,120.26","620.28K","-0.05%"
"11/07/2023","1,125.04","1,122.73","1,130.66","1,122.26","734.85K","0.27%"
"10/07/2023","1,121.97","1,114.97","1,121.97","1,113.26","740.15K","1.13%"
"07/07/2023","1,109.39","1,097.39","1,109.39","1,093.68","649.54K","0.95%"
"06/07/2023","1,098.96","1,107.23","1,108.50","1,093.48","777.88K","-0.73%"
"05/07/2023","1,107.09","1,109.60","1,112.30","1,107.00","660.47K","0.14%"
"04/07/2023","1,105.59","1,098.71","1,105.59","1,095.91","563.33K","0.71%"
"03/07/2023","1,097.85","1,100.35","1,102.73","1,094.53","435.56K","0.16%"
"30/06/2023","1,096.12","1,096.90","1,099.01","1,092.88","475.48K","-0.06%"
"29/06/2023","1,096.76","1,114.44","1,115.03","1,096.76","717.39K","-1.52%"
"28/06/2023","1,113.73","1,110.99","1,115.57","1,107.33","706.33K","0.36%"
"27/06/2023","1,109.76","1,110.92","1,111.76","1,104.37","575.54K","0.17%"
"26/06/2023","1,107.85","1,107.92","1,110.67","1,093.68","869.27K","0.19%"
"23/06/2023","1,105.73","1,100.93","1,107.12","1,098.12","770.53K","0.63%"
"22/06/2023","1,098.79","1,098.51","1,102.25","1,096.25","756.13K","0.65%"
"21/06/2023","1,091.71","1,082.80","1,091.71","1,081.59","735.43K","0.86%"
"20/06/2023","1,082.41","1,074.90","1,082.41","1,072.30","541.61K","0.78%"
"19/06/2023","1,074.05","1,082.64","1,084.11","1,072.95","638.35K","-0.66%"
"16/06/2023","1,081.15","1,080.96","1,097.60","1,078.71","958.75K","0.03%"
"15/06/2023","1,080.83","1,081.99","1,084.48","1,076.24","602.90K","-0.16%"
"14/06/2023","1,082.53","1,091.04","1,096.47","1,082.53","748.04K","-0.55%"
"13/06/2023","1,088.52","1,086.86","1,089.04","1,083.87","774.86K","0.37%"
"12/06/2023","1,084.56","1,080.58","1,084.56","1,068.56","637.23K","0.75%"
"09/06/2023","1,076.51","1,069.86","1,076.51","1,063.12","753.19K","0.89%"
"08/06/2023","1,067.00","1,084.46","1,086.85","1,067.00","1.07M","-1.40%"
"07/06/2023","1,082.20","1,079.42","1,082.66","1,075.84","829.40K","0.46%"
"06/06/2023","1,077.29","1,066.67","1,077.29","1,064.89","713.27K","1.05%"
"05/06/2023","1,066.09","1,072.97","1,074.19","1,064.81","815.15K","0.30%"
"02/06/2023","1,062.92","1,054.69","1,064.56","1,054.36","873.20K","1.49%"
"01/06/2023","1,047.30","1,042.25","1,047.30","1,038.24","719.82K","0.49%"
"31/05/2023","1,042.20","1,045.63","1,046.87","1,038.84","765.61K","-0.23%"
"30/05/2023","1,044.64","1,045.41","1,046.10","1,038.67","727.52K","0.36%"
"29/05/2023","1,040.90","1,033.16","1,041.59","1,033.16","647.97K","1.10%"
"26/05/2023","1,029.58","1,030.44","1,031.27","1,028.38","537.68K","0.13%"
"25/05/2023","1,028.25","1,027.61","1,030.21","1,023.93","559.76K","-0.01%"
"24/05/2023","1,028.36","1,037.87","1,037.87","1,027.74","620.08K","-0.51%"
"23/05/2023","1,033.61","1,038.14","1,040.96","1,029.79","604.33K","-0.37%"
"22/05/2023","1,037.48","1,032.56","1,037.48","1,031.17","581.30K","0.70%"
"19/05/2023","1,030.31","1,032.30","1,032.30","1,021.64","594.63K","0.05%"
"18/05/2023","1,029.82","1,027.04","1,035.35","1,024.37","516.24K","0.57%"
"17/05/2023","1,024.01","1,031.85","1,035.25","1,024.01","648.52K","-0.76%"
"16/05/2023","1,031.85","1,034.46","1,035.23","1,028.92","525.42K","-0.05%"
"15/05/2023","1,032.32","1,033.75","1,042.90","1,032.32","683.34K","-0.02%"
"12/05/2023","1,032.57","1,024.58","1,032.57","1,020.50","614.98K","0.88%"
"11/05/2023","1,023.56","1,026.54","1,029.02","1,022.25","629.00K","0.06%"
"10/05/2023","1,022.91","1,018.09","1,023.19","1,016.38","593.13K","0.70%"
"09/05/2023","1,015.83","1,014.94","1,018.98","1,013.87","467.45K","0.10%"
"08/05/2023","1,014.81","1,008.61","1,014.81","1,008.57","543.76K","0.97%"
"05/05/2023","1,005.10","1,005.60","1,008.93","1,001.63","403.81K","-0.12%"
"04/05/2023","1,006.26","1,010.52","1,013.29","1,004.45","533.37K","-0.75%"
"28/04/2023","1,013.89","1,008.18","1,013.89","1,007.42","510.25K","1.01%"
"27/04/2023","1,003.75","1,006.14","1,009.67","1,001.78","431.75K","-0.05%"
"26/04/2023","1,004.29","995.95","1,004.29","989.76","404.14K","0.78%"
"25/04/2023","996.53","1,005.22","1,010.31","995.47","449.34K","-0.81%"
"24/04/2023","1,004.67","1,007.50","1,012.29","1,001.28","411.86K","-0.10%"
"21/04/2023","1,005.69","1,013.28","1,014.78","1,004.16","482.29K","-0.59%"
"20/04/2023","1,011.67","1,013.85","1,015.23","1,008.19","304.80K","-0.11%"
"19/04/2023","1,012.75","1,024.33","1,024.46","1,012.13","453.94K","-0.82%"
"18/04/2023","1,021.11","1,021.51","1,023.44","1,016.22","463.43K","0.12%"
"17/04/2023","1,019.93","1,018.00","1,020.41","1,014.52","366.40K","0.17%"
"14/04/2023","1,018.24","1,034.32","1,035.97","1,018.24","686.22K","-1.20%"
"13/04/2023","1,030.65","1,037.17","1,037.69","1,028.08","562.86K","-0.51%"
"12/04/2023","1,035.95","1,037.56","1,039.54","1,033.38","626.91K","0.08%"
"11/04/2023","1,035.14","1,028.30","1,035.14","1,020.59","607.14K","0.51%"
"10/04/2023","1,029.86","1,035.10","1,040.20","1,026.54","753.08K","-0.03%"
"07/04/2023","1,030.22","1,029.64","1,031.23","1,022.91","574.06K","0.12%"
"06/04/2023","1,029.00","1,042.87","1,045.04","1,029.00","914.05K","-1.10%"
"05/04/2023","1,040.46","1,036.91","1,040.46","1,032.46","675.77K","0.33%"
"04/04/2023","1,037.08","1,035.07","1,037.93","1,030.95","703.00K","0.34%"
"03/04/2023","1,033.54","1,024.12","1,033.54","1,024.12","742.92K","1.65%"
"31/03/2023","1,016.81","1,011.02","1,019.75","1,010.94","548.67K","0.62%"
"30/03/2023","1,010.53","1,013.72","1,016.97","1,009.87","533.89K","0.30%"
"29/03/2023","1,007.52","1,006.48","1,007.52","1,000.31","397.59K","0.20%"
"28/03/2023","1,005.49","1,008.62","1,011.65","1,003.71","553.55K","0.13%"
"27/03/2023","1,004.17","999.72","1,006.08","995.30","488.70K","0.58%"
"24/03/2023","998.41","996.74","1,002.41","994.90","481.96K","0.46%"
"23/03/2023","993.84","985.15","993.84","981.59","347.41K","0.45%"
"22/03/2023","989.40","984.50","991.90","984.50","360.37K","0.53%"
"21/03/2023","984.15","980.33","984.25","967.36","359.79K","0.99%"
"20/03/2023","974.51","991.13","991.47","973.12","436.68K","-2.11%"
"17/03/2023","995.49","1,000.93","1,002.48","991.69","464.61K","0.13%"
"16/03/2023","994.24","1,002.79","1,004.25","988.86","430.24K","-1.50%"
"15/03/2023","1,009.38","986.98","1,009.38","986.98","517.93K","2.66%"
"14/03/2023","983.20","995.48","997.06","979.02","518.61K","-1.39%"
"13/03/2023","997.01","991.72","1,001.25","991.03","488.94K","-0.07%"
"10/03/2023","997.73","996.64","999.71","991.00","415.74K","-0.39%"
"09/03/2023","1,001.60","995.50","1,006.63","994.76","513.55K","0.82%"
"08/03/2023","993.44","971.85","993.44","971.18","448.62K","1.35%"
"07/03/2023","980.24","978.39","986.97","976.29","395.89K","1.10%"
"06/03/2023","969.58","976.35","985.17","969.28","356.18K","0.31%"
"03/03/2023","966.54","981.72","985.53","965.79","358.00K","-1.45%"
"02/03/2023","980.79","984.44","988.92","977.84","292.65K","-0.36%"
"01/03/2023","984.36","964.77","984.36","954.89","436.38K","1.88%"
"28/02/2023","966.19","969.82","976.55","961.16","327.57K","0.33%"
"27/02/2023","963.06","982.32","982.32","960.94","453.61K","-2.14%"
"24/02/2023","984.15","1,001.68","1,001.80","981.68","352.05K","-1.85%"
"23/02/2023","1,002.73","1,002.12","1,002.73","979.16","572.30K","-0.03%"
"22/02/2023","1,003.01","1,028.83","1,028.83","1,003.01","716.83K","-2.75%"
"21/02/2023","1,031.35","1,040.15","1,045.74","1,031.35","605.91K","-0.49%"
"20/02/2023","1,036.41","1,005.47","1,036.41","1,005.47","579.97K","3.08%"
"17/02/2023","1,005.48","1,005.93","1,009.80","999.70","398.18K","0.02%"
"16/02/2023","1,005.31","997.60","1,005.31","991.98","381.97K","1.22%"
"15/02/2023","993.16","982.60","998.19","979.62","452.96K","0.94%"
"14/02/2023","983.94","987.35","989.78","979.34","310.88K","-0.13%"
"13/02/2023","985.24","995.68","996.89","973.55","543.43K","-1.53%"
"10/02/2023","1,000.57","1,012.49","1,014.82","1,000.42","368.78K","-1.14%"
"09/02/2023","1,012.09","1,018.38","1,023.55","1,012.09","352.83K","-0.77%"
"08/02/2023","1,019.98","1,019.88","1,028.20","1,008.83","433.33K","0.32%"
"07/02/2023","1,016.69","1,040.35","1,042.91","1,016.24","542.44K","-2.17%"
"06/02/2023","1,039.28","1,030.98","1,039.28","1,021.78","372.07K","0.81%"
"03/02/2023","1,030.98","1,039.13","1,041.30","1,027.16","457.30K","-0.64%"
"02/02/2023","1,037.63","1,042.26","1,045.77","1,029.21","525.28K","-0.05%"
"01/02/2023","1,038.18","1,077.35","1,079.97","1,038.18","893.23K","-3.35%"
"31/01/2023","1,074.15","1,062.28","1,074.15","1,050.94","588.98K","0.97%"
"30/01/2023","1,063.80","1,077.41","1,077.68","1,063.80","669.56K","-1.11%"
"27/01/2023","1,075.75","1,073.59","1,084.18","1,071.73","515.90K","0.86%"
"19/01/2023","1,066.54","1,055.68","1,068.13","1,054.67","519.05K","0.65%"
"18/01/2023","1,059.66","1,052.39","1,060.90","1,049.81","490.15K","1.05%"
"17/01/2023","1,048.60","1,026.11","1,048.60","1,026.11","541.65K","2.39%"
"16/01/2023","1,024.13","1,022.15","1,025.29","1,016.53","359.98K","0.41%"
"13/01/2023","1,019.91","1,022.29","1,026.99","1,014.53","430.37K","0.30%"
"12/01/2023","1,016.91","1,020.42","1,022.53","1,011.23","343.91K","0.01%"
"11/01/2023","1,016.76","1,018.68","1,027.47","1,016.32","454.51K","0.34%"
"10/01/2023","1,013.34","1,014.68","1,017.42","1,003.56","374.81K","0.00%"
"09/01/2023","1,013.38","1,019.33","1,022.71","1,010.50","340.42K","0.11%"
"06/01/2023","1,012.26","1,016.67","1,028.99","1,008.58","556.16K","-0.50%"
"05/01/2023","1,017.38","1,010.54","1,020.74","1,007.48","442.98K","0.93%"
"04/01/2023","1,008.04","1,010.40","1,016.54","1,004.69","500.54K","0.19%"
"03/01/2023","1,006.13","974.35","1,006.13","974.16","458.43K","3.66%"
"30/12/2022","970.65","975.55","976.42","967.93","302.42K","0.12%"
"29/12/2022","969.52","974.90","980.59","969.52","332.97K","-0.58%"
"28/12/2022","975.15","969.37","980.70","958.76","351.24K","0.89%"
"27/12/2022","966.51","943.50","968.70","941.04","451.69K","2.33%"
"26/12/2022","944.52","985.84","986.34","944.52","502.26K","-4.35%"
"23/12/2022","987.44","990.60","992.29","977.52","373.87K","-0.46%"
"22/12/2022","992.03","988.57","998.98","982.31","478.21K","0.48%"
"21/12/2022","987.29","998.55","999.04","967.35","625.55K","-0.24%"
"20/12/2022","989.67","1,007.12","1,009.84","974.15","854.61K","-1.98%"
"19/12/2022","1,009.71","1,022.79","1,038.50","1,009.71","770.36K","-1.29%"
"16/12/2022","1,022.92","1,015.74","1,033.26","1,013.79","721.72K","-0.10%"
"15/12/2022","1,023.93","1,012.91","1,028.35","1,012.74","605.83K","0.91%"
"14/12/2022","1,014.73","1,013.40","1,027.31","1,011.46","608.34K","0.19%"
"13/12/2022","1,012.84","996.41","1,012.84","985.82","662.65K","1.85%"
"12/12/2022","994.44","1,021.57","1,027.23","994.44","739.30K","-2.12%"
"09/12/2022","1,015.94","1,017.68","1,022.90","1,002.71","663.96K","0.39%"
"08/12/2022","1,011.96","1,005.24","1,034.23","1,003.63","790.27K","1.91%"
"07/12/2022","993.03","999.39","1,010.74","984.58","714.14K","-1.02%"
"06/12/2022","1,003.22","1,046.12","1,047.37","1,003.22","1.22M","-4.33%"
"05/12/2022","1,048.61","1,035.28","1,056.28","1,035.28","974.55K","1.65%"
"02/12/2022","1,031.60","984.36","1,031.60","981.31","925.92K","4.33%"
"01/12/2022","988.74","1,004.65","1,017.01","986.22","1.13M","-0.42%"
"30/11/2022","992.89","979.02","992.89","966.79","872.84K","2.03%"
"29/11/2022","973.14","954.38","973.14","941.80","999.95K","2.49%"
"28/11/2022","949.53","924.59","949.88","923.78","777.82K","3.87%"
"25/11/2022","914.13","896.40","914.13","896.32","491.23K","2.87%"
"24/11/2022","888.65","881.72","890.26","873.06","424.56K","0.17%"
"23/11/2022","887.18","890.29","900.63","883.13","436.21K","-0.87%"
"22/11/2022","894.97","899.68","926.74","889.14","890.23K","-0.55%"
"21/11/2022","899.95","910.22","912.09","895.57","466.07K","-0.87%"
"18/11/2022","907.85","902.64","912.03","877.77","743.00K","0.39%"
"17/11/2022","904.30","879.20","907.37","879.20","530.43K","3.00%"
"16/11/2022","878.00","820.30","878.00","806.34","839.33K","3.88%"
"15/11/2022","845.18","860.85","864.24","834.94","501.13K","-3.78%"
"14/11/2022","878.35","890.69","890.69","862.55","523.18K","-2.02%"
"11/11/2022","896.47","900.68","911.21","893.03","577.15K","0.41%"
"10/11/2022","892.85","925.00","925.00","883.38","564.90K","-4.58%"
"09/11/2022","935.69","939.11","950.26","927.90","426.14K","-0.24%"
"08/11/2022","937.96","915.55","938.50","910.56","470.29K","0.58%"
"07/11/2022","932.52","956.36","961.86","930.16","458.81K","-3.04%"
"04/11/2022","961.80","976.02","977.36","941.88","607.58K","-2.75%"
"03/11/2022","988.99","977.78","993.72","976.77","358.31K","-0.15%"
"02/11/2022","990.52","1,001.54","1,003.61","987.55","422.49K","-1.11%"
"01/11/2022","1,001.63","994.94","1,012.10","994.94","514.52K","0.83%"
"31/10/2022","993.43","995.10","999.45","968.59","512.95K","-0.38%"
"28/10/2022","997.25","1,006.19","1,014.19","995.03","447.97K","-0.03%"
"27/10/2022","997.53","959.06","997.53","954.53","497.13K","4.07%"
"26/10/2022","958.55","966.36","970.28","948.01","309.10K","-0.42%"
"25/10/2022","962.59","945.81","977.96","923.07","596.41K","1.34%"
"24/10/2022","949.84","986.00","987.94","939.27","462.43K","-3.67%"
"21/10/2022","986.04","1,030.71","1,030.71","978.57","551.35K","-4.23%"
"20/10/2022","1,029.55","1,030.87","1,036.55","1,021.16","303.86K","-0.44%"
"19/10/2022","1,034.07","1,039.95","1,041.35","1,026.63","292.07K","-0.40%"
"18/10/2022","1,038.26","1,043.04","1,048.07","1,032.65","404.11K","0.90%"
"17/10/2022","1,029.04","1,027.64","1,029.04","1,008.70","353.98K","-0.66%"
"14/10/2022","1,035.83","1,039.14","1,044.00","1,030.48","439.00K","1.28%"
"13/10/2022","1,022.70","1,009.73","1,022.70","999.79","330.72K","1.29%"
"12/10/2022","1,009.64","977.28","1,013.45","973.74","458.57K","3.26%"
"11/10/2022","977.75","1,009.77","1,009.77","966.65","500.38K","-3.75%"
"10/10/2022","1,015.88","996.83","1,024.97","986.07","465.61K","0.43%"
"07/10/2022","1,011.54","1,033.13","1,035.02","999.06","690.03K","-3.87%"
"06/10/2022","1,052.24","1,089.11","1,091.05","1,049.77","417.45K","-3.26%"
"05/10/2022","1,087.69","1,077.99","1,095.22","1,077.17","336.91K","2.45%"
"04/10/2022","1,061.71","1,084.51","1,087.71","1,056.28","436.84K","-0.94%"
"03/10/2022","1,071.75","1,114.66","1,116.24","1,067.50","417.30K","-4.57%"
"30/09/2022","1,123.09","1,111.95","1,127.21","1,091.90","527.48K","0.34%"
"29/09/2022","1,119.26","1,141.10","1,150.82","1,119.26","353.69K","-1.36%"
"28/09/2022","1,134.72","1,148.21","1,152.31","1,133.45","410.03K","-1.76%"
"27/09/2022","1,155.05","1,163.54","1,167.47","1,154.02","355.77K","-0.46%"
"26/09/2022","1,160.42","1,175.23","1,178.43","1,146.87","608.44K","-2.83%"
"23/09/2022","1,194.23","1,205.77","1,208.80","1,192.55","363.20K","-1.03%"
"22/09/2022","1,206.65","1,191.11","1,206.65","1,186.80","375.35K","0.46%"
"21/09/2022","1,201.16","1,205.48","1,208.31","1,196.19","279.43K","-0.86%"
"20/09/2022","1,211.57","1,204.70","1,211.57","1,190.39","363.39K","1.14%"
"19/09/2022","1,197.92","1,225.92","1,227.58","1,194.71","548.28K","-2.36%"
"16/09/2022","1,226.93","1,239.25","1,242.17","1,223.55","508.99K","-1.21%"
"15/09/2022","1,241.94","1,246.82","1,248.35","1,240.31","336.26K","0.17%"
"14/09/2022","1,239.87","1,226.25","1,240.73","1,225.18","493.34K","-0.43%"
"13/09/2022","1,245.21","1,247.94","1,249.06","1,240.25","355.60K","-0.06%"
"12/09/2022","1,245.90","1,253.58","1,255.25","1,245.90","328.71K","-0.08%"
"09/09/2022","1,246.87","1,241.38","1,246.87","1,224.63","479.66K","1.07%"
"08/09/2022","1,233.68","1,249.78","1,249.94","1,233.68","458.18K","-0.60%"
"07/09/2022","1,241.18","1,273.23","1,273.65","1,241.18","683.31K","-2.68%"
"06/09/2022","1,275.32","1,276.17","1,283.18","1,275.32","461.45K","0.04%"
"05/09/2022","1,274.76","1,276.44","1,281.14","1,271.73","396.88K","-0.15%"
"31/08/2022","1,276.72","1,268.61","1,279.94","1,267.13","391.76K","0.33%"
"30/08/2022","1,272.50","1,272.05","1,284.01","1,269.76","413.59K","0.05%"
"29/08/2022","1,271.83","1,273.04","1,273.04","1,248.79","693.21K","-1.06%"
"26/08/2022","1,285.43","1,294.68","1,297.64","1,282.98","527.60K","-0.47%"
"25/08/2022","1,291.46","1,281.38","1,291.49","1,281.38","476.95K","1.02%"
"24/08/2022","1,278.45","1,276.14","1,281.80","1,273.71","448.88K","0.42%"
"23/08/2022","1,273.07","1,252.86","1,273.07","1,252.86","448.77K","0.85%"
"22/08/2022","1,262.31","1,269.38","1,271.60","1,255.92","473.27K","-0.61%"
"19/08/2022","1,270.06","1,274.56","1,279.36","1,264.20","490.02K","-0.42%"
"18/08/2022","1,275.42","1,275.61","1,284.99","1,270.59","477.24K","-0.19%"
"17/08/2022","1,277.79","1,278.64","1,283.76","1,274.36","558.66K","0.12%"
"16/08/2022","1,276.20","1,274.51","1,277.81","1,272.00","500.18K","0.15%"
"15/08/2022","1,274.30","1,267.68","1,274.84","1,266.68","505.49K","1.06%"
"12/08/2022","1,260.90","1,248.97","1,260.90","1,245.73","448.45K","0.84%"
"11/08/2022","1,250.36","1,264.85","1,271.80","1,244.99","643.69K","-0.70%"
"10/08/2022","1,259.22","1,259.60","1,264.11","1,257.76","487.76K","-0.20%"
"09/08/2022","1,261.72","1,261.34","1,265.50","1,255.42","543.22K","0.37%"
"08/08/2022","1,257.13","1,252.00","1,259.83","1,251.10","524.21K","0.43%"
"05/08/2022","1,251.80","1,249.05","1,252.84","1,243.88","523.80K","-0.04%"
"04/08/2022","1,252.26","1,252.91","1,257.84","1,246.74","556.62K","0.30%"
"03/08/2022","1,248.54","1,234.39","1,249.09","1,232.16","599.96K","0.59%"
"02/08/2022","1,241.19","1,233.10","1,241.70","1,228.31","610.65K","0.66%"
"01/08/2022","1,233.07","1,208.20","1,233.07","1,208.20","594.83K","2.06%"
"29/07/2022","1,208.17","1,218.05","1,218.62","1,208.17","448.21K","-0.34%"
"28/07/2022","1,212.26","1,195.34","1,218.14","1,195.34","518.23K","1.43%"
"27/07/2022","1,195.19","1,190.07","1,195.19","1,183.64","320.67K","0.39%"
"26/07/2022","1,190.53","1,195.97","1,200.64","1,189.97","317.47K","-0.47%"
"25/07/2022","1,196.14","1,201.64","1,204.36","1,192.49","331.06K","-0.60%"
"22/07/2022","1,203.31","1,211.57","1,215.21","1,203.31","361.37K","-0.45%"
"21/07/2022","1,208.74","1,204.83","1,213.38","1,204.63","405.26K","0.49%"
"20/07/2022","1,202.83","1,195.46","1,207.48","1,193.51","470.58K","1.42%"
"19/07/2022","1,186.04","1,186.22","1,187.99","1,176.52","379.54K","-0.09%"
"18/07/2022","1,187.08","1,195.81","1,196.56","1,184.94","384.07K","-0.23%"
"15/07/2022","1,189.85","1,193.53","1,200.03","1,188.57","461.18K","-0.13%"
"14/07/2022","1,191.37","1,179.54","1,192.31","1,179.03","397.46K","0.58%"
"13/07/2022","1,184.52","1,185.48","1,193.45","1,182.57","400.46K","-0.13%"
"12/07/2022","1,186.08","1,167.14","1,186.08","1,164.98","386.85K","1.60%"
"11/07/2022","1,167.37","1,179.66","1,180.85","1,158.26","388.65K","-1.58%"
"08/07/2022","1,186.16","1,185.55","1,190.21","1,179.05","367.61K","0.74%"
"07/07/2022","1,177.41","1,161.87","1,177.41","1,157.01","289.55K","1.28%"
"06/07/2022","1,162.52","1,190.83","1,190.83","1,162.52","397.56K","-2.55%"
"05/07/2022","1,192.98","1,208.56","1,210.27","1,191.58","433.31K","-1.07%"
"04/07/2022","1,205.83","1,211.67","1,218.64","1,201.34","327.68K","-0.10%"
"01/07/2022","1,206.98","1,198.83","1,210.86","1,175.66","392.75K","0.37%"
"30/06/2022","1,202.51","1,229.18","1,230.79","1,202.51","382.41K","-2.04%"
"29/06/2022","1,227.60","1,215.46","1,230.21","1,215.38","400.32K","0.01%"
"28/06/2022","1,227.48","1,210.14","1,229.08","1,205.82","435.71K","1.38%"
"27/06/2022","1,210.75","1,194.54","1,210.75","1,193.90","347.09K","1.64%"
"24/06/2022","1,191.20","1,195.12","1,201.87","1,191.20","324.28K","-0.19%"
"23/06/2022","1,193.41","1,172.36","1,193.41","1,166.38","311.54K","1.81%"
"22/06/2022","1,172.17","1,175.38","1,181.97","1,164.81","439.48K","0.51%"
"21/06/2022","1,166.21","1,167.13","1,185.05","1,157.90","525.79K","-0.93%"
"20/06/2022","1,177.20","1,214.15","1,219.71","1,175.08","510.23K","-3.07%"
"17/06/2022","1,214.54","1,211.00","1,217.48","1,189.36","572.47K","-2.00%"
"16/06/2022","1,239.29","1,233.98","1,248.48","1,228.01","447.91K","1.75%"
"15/06/2022","1,217.99","1,236.36","1,240.02","1,195.21","537.14K","-1.25%"
"14/06/2022","1,233.36","1,219.96","1,246.68","1,217.53","441.92K","-0.23%"
"13/06/2022","1,236.26","1,265.79","1,276.05","1,236.26","577.68K","-5.01%"
"10/06/2022","1,301.51","1,313.64","1,327.38","1,301.51","473.49K","-1.73%"
"09/06/2022","1,324.47","1,326.04","1,328.43","1,315.54","365.56K","0.13%"
"08/06/2022","1,322.76","1,307.31","1,329.08","1,303.84","460.63K","1.76%"
"07/06/2022","1,299.93","1,296.78","1,299.93","1,268.92","514.93K","-0.13%"
"06/06/2022","1,301.66","1,305.43","1,317.77","1,298.38","438.87K","-0.29%"
"03/06/2022","1,305.42","1,304.59","1,309.86","1,290.43","352.98K","0.11%"
"02/06/2022","1,304.01","1,317.80","1,321.41","1,297.96","437.24K","-0.84%"
"01/06/2022","1,315.08","1,308.75","1,318.02","1,299.08","416.21K","0.22%"
"31/05/2022","1,312.15","1,320.01","1,320.15","1,303.83","439.41K","-0.64%"
"30/05/2022","1,320.59","1,314.50","1,321.47","1,307.82","387.28K","0.66%"
"27/05/2022","1,311.99","1,291.50","1,315.05","1,290.73","457.66K","1.71%"
"26/05/2022","1,289.92","1,291.39","1,299.19","1,283.99","422.82K","0.05%"
"25/05/2022","1,289.32","1,254.52","1,289.32","1,251.31","519.43K","3.26%"
"24/05/2022","1,248.63","1,233.12","1,248.63","1,214.45","401.00K","1.29%"
"23/05/2022","1,232.75","1,263.89","1,263.98","1,221.77","411.56K","-1.96%"
"20/05/2022","1,257.42","1,256.63","1,270.04","1,248.13","375.77K","0.20%"
"19/05/2022","1,254.95","1,226.31","1,261.80","1,224.76","379.97K","-0.07%"
"18/05/2022","1,255.84","1,257.11","1,268.71","1,240.85","427.34K","0.98%"
"17/05/2022","1,243.67","1,174.48","1,243.67","1,166.86","452.80K","5.19%"
"16/05/2022","1,182.27","1,219.70","1,226.97","1,180.47","465.21K","-0.87%"
"13/05/2022","1,192.63","1,248.15","1,253.40","1,188.02","612.68K","-4.75%"
"12/05/2022","1,252.04","1,308.42","1,310.13","1,252.04","429.19K","-5.21%"
"11/05/2022","1,320.89","1,314.13","1,324.23","1,295.53","320.44K","0.72%"
"10/05/2022","1,311.45","1,281.60","1,311.45","1,248.63","521.03K","1.87%"
"09/05/2022","1,287.33","1,331.54","1,333.74","1,281.68","533.40K","-4.72%"
"06/05/2022","1,351.15","1,378.17","1,378.17","1,351.15","438.92K","-2.54%"
"05/05/2022","1,386.43","1,392.93","1,393.33","1,356.84","445.37K","0.47%"
"04/05/2022","1,379.90","1,402.40","1,402.48","1,379.90","432.89K","-1.82%"
"29/04/2022","1,405.42","1,383.22","1,405.75","1,377.47","455.25K","1.58%"
"28/04/2022","1,383.60","1,384.45","1,393.95","1,377.57","394.71K","-0.06%"
"27/04/2022","1,384.46","1,370.64","1,387.77","1,345.17","400.55K","0.85%"
"26/04/2022","1,372.78","1,315.88","1,372.78","1,286.71","578.79K","2.50%"
"25/04/2022","1,339.30","1,416.22","1,417.79","1,331.69","590.10K","-5.45%"
"22/04/2022","1,416.54","1,419.43","1,435.20","1,387.90","684.49K","0.42%"
"21/04/2022","1,410.68","1,416.90","1,434.55","1,395.03","627.47K","-0.86%"
"20/04/2022","1,422.88","1,440.17","1,449.63","1,422.88","557.46K","-1.33%"
"19/04/2022","1,442.00","1,477.56","1,484.98","1,442.00","566.50K","-2.18%"
"18/04/2022","1,474.19","1,501.49","1,501.49","1,466.43","684.48K","-2.06%"
"15/04/2022","1,505.15","1,523.65","1,528.88","1,502.51","549.35K","-1.47%"
"14/04/2022","1,527.59","1,536.43","1,541.04","1,526.58","409.69K","-0.34%"
"13/04/2022","1,532.73","1,511.37","1,532.73","1,498.67","551.06K","1.70%"
"12/04/2022","1,507.13","1,539.29","1,542.56","1,507.13","556.85K","-1.71%"
"08/04/2022","1,533.35","1,556.39","1,562.02","1,533.35","610.33K","-1.51%"
"07/04/2022","1,556.85","1,579.61","1,581.56","1,556.85","657.10K","-1.28%"
"06/04/2022","1,577.04","1,563.75","1,580.83","1,559.64","773.19K","0.33%"
"05/04/2022","1,571.80","1,575.60","1,582.45","1,571.42","564.31K","-0.43%"
"04/04/2022","1,578.63","1,588.82","1,589.19","1,578.63","625.75K","0.32%"
"01/04/2022","1,573.52","1,540.52","1,573.52","1,536.58","762.40K","1.93%"
"31/03/2022","1,543.71","1,545.10","1,551.52","1,539.57","524.39K","0.09%"
"30/03/2022","1,542.28","1,544.70","1,558.31","1,534.30","733.74K","-0.51%"
"29/03/2022","1,550.13","1,535.24","1,551.89","1,535.24","579.10K","1.09%"
"28/03/2022","1,533.45","1,549.02","1,549.02","1,521.73","819.34K","-1.03%"
"25/03/2022","1,549.39","1,547.98","1,552.50","1,544.95","616.05K","0.19%"
"24/03/2022","1,546.50","1,550.72","1,553.79","1,542.68","650.42K","-0.21%"
"23/03/2022","1,549.74","1,553.75","1,561.01","1,549.03","668.96K","-0.10%"
"22/03/2022","1,551.35","1,546.06","1,556.03","1,544.99","745.21K","0.72%"
"21/03/2022","1,540.30","1,517.73","1,540.30","1,517.73","607.66K","1.71%"
"18/03/2022","1,514.40","1,511.69","1,520.70","1,511.69","632.06K","0.46%"
"17/03/2022","1,507.51","1,515.66","1,516.46","1,506.82","574.01K","0.02%"
"16/03/2022","1,507.19","1,507.75","1,510.28","1,502.35","455.97K","0.50%"
"15/03/2022","1,499.64","1,489.83","1,500.48","1,482.64","541.20K","0.67%"
"14/03/2022","1,489.67","1,501.82","1,504.36","1,482.28","678.24K","-1.27%"
"11/03/2022","1,508.76","1,519.31","1,522.90","1,500.43","726.35K","-0.78%"
"10/03/2022","1,520.58","1,519.53","1,532.06","1,519.53","537.67K","0.37%"
"09/03/2022","1,514.95","1,516.84","1,521.45","1,498.72","751.86K","0.16%"
"08/03/2022","1,512.54","1,526.24","1,534.50","1,511.65","842.01K","-1.64%"
"07/03/2022","1,537.78","1,539.47","1,546.05","1,532.09","797.40K","-0.61%"
"04/03/2022","1,547.16","1,546.37","1,552.25","1,543.48","740.58K","0.29%"
"03/03/2022","1,542.67","1,526.60","1,542.67","1,521.43","779.18K","1.56%"
"02/03/2022","1,518.96","1,534.97","1,536.72","1,512.99","761.08K","-1.20%"
"01/03/2022","1,537.48","1,532.99","1,541.41","1,531.08","687.17K","0.55%"
"28/02/2022","1,529.13","1,536.83","1,542.47","1,524.84","600.30K","-0.50%"
"25/02/2022","1,536.78","1,539.51","1,548.15","1,536.78","620.72K","0.57%"
"24/02/2022","1,528.11","1,544.87","1,549.06","1,501.34","957.66K","-1.10%"
"23/02/2022","1,545.15","1,541.00","1,553.74","1,539.62","570.08K","0.64%"
"22/02/2022","1,535.26","1,541.73","1,541.73","1,513.80","767.22K","-0.51%"
"21/02/2022","1,543.13","1,536.33","1,549.47","1,532.19","633.81K","0.49%"
"18/02/2022","1,535.55","1,522.49","1,536.53","1,520.91","578.58K","-0.03%"
"17/02/2022","1,535.99","1,521.29","1,535.99","1,521.29","510.47K","1.00%"
"16/02/2022","1,520.76","1,526.82","1,526.89","1,515.59","535.45K","0.17%"
"15/02/2022","1,518.24","1,499.36","1,519.50","1,496.15","461.76K","1.45%"
"14/02/2022","1,496.50","1,514.31","1,524.58","1,496.50","652.17K","-2.31%"
"11/02/2022","1,531.82","1,528.24","1,536.50","1,526.34","498.42K","-0.05%"
"10/02/2022","1,532.54","1,538.55","1,541.00","1,521.36","524.04K","-0.08%"
"09/02/2022","1,533.84","1,528.72","1,541.65","1,528.13","641.04K","0.46%"
"08/02/2022","1,526.87","1,517.20","1,531.20","1,514.29","603.63K","0.51%"
"07/02/2022","1,519.16","1,523.15","1,530.30","1,518.86","452.33K","0.93%"
"28/01/2022","1,505.15","1,489.19","1,507.28","1,487.87","530.18K","1.00%"
"27/01/2022","1,490.30","1,495.93","1,503.87","1,481.45","427.06K","-0.71%"
"26/01/2022","1,501.03","1,501.62","1,510.63","1,498.82","623.37K","0.28%"
"25/01/2022","1,496.87","1,449.35","1,496.87","1,446.65","562.88K","2.74%"
"24/01/2022","1,457.02","1,491.83","1,493.15","1,452.29","638.19K","-2.77%"
"21/01/2022","1,498.55","1,496.45","1,505.46","1,491.95","674.00K","0.63%"
"20/01/2022","1,489.10","1,467.30","1,494.00","1,463.26","624.56K","1.29%"
"19/01/2022","1,470.14","1,461.88","1,473.43","1,459.86","443.12K","0.44%"
"18/01/2022","1,463.74","1,464.67","1,479.14","1,451.93","559.88K","-1.11%"
"17/01/2022","1,480.11","1,537.11","1,540.41","1,480.11","737.65K","-3.57%"
"14/01/2022","1,534.93","1,530.32","1,544.94","1,518.15","594.64K","-0.37%"
"13/01/2022","1,540.56","1,561.47","1,569.37","1,538.80","775.25K","-1.16%"
"12/01/2022","1,558.69","1,536.85","1,558.69","1,512.67","894.65K","1.04%"
"11/01/2022","1,542.61","1,556.12","1,565.04","1,539.29","1.05M","-0.88%"
"10/01/2022","1,556.28","1,581.93","1,591.75","1,556.28","1.08M","-1.65%"
"07/01/2022","1,582.34","1,590.87","1,592.39","1,581.22","777.46K","-0.25%"
"06/01/2022","1,586.24","1,579.17","1,596.02","1,577.74","889.76K","0.27%"
"05/01/2022","1,581.92","1,589.91","1,595.96","1,581.92","815.02K","-0.28%"
"04/01/2022","1,586.29","1,561.83","1,589.46","1,561.83","649.53K","1.60%"
"31/12/2021","1,561.33","1,551.79","1,562.06","1,551.71","667.68K","0.89%"
"30/12/2021","1,547.55","1,546.22","1,554.12","1,546.22","583.09K","0.09%"
"29/12/2021","1,546.16","1,559.85","1,562.11","1,546.16","650.58K","-0.54%"
"28/12/2021","1,554.52","1,549.88","1,557.79","1,541.68","745.86K","0.76%"
"27/12/2021","1,542.80","1,537.32","1,544.38","1,521.59","579.10K","0.86%"
"24/12/2021","1,529.57","1,512.88","1,531.14","1,504.11","703.85K","1.64%"
"23/12/2021","1,504.83","1,529.79","1,531.53","1,491.97","1.04M","-1.56%"
"22/12/2021","1,528.72","1,537.16","1,541.22","1,522.48","834.08K","-0.08%"
"21/12/2021","1,529.98","1,524.91","1,535.24","1,522.12","714.04K","0.23%"
"20/12/2021","1,526.40","1,532.45","1,532.95","1,518.03","738.77K","-0.12%"
"17/12/2021","1,528.20","1,529.97","1,533.94","1,526.68","871.99K","0.30%"
"16/12/2021","1,523.70","1,530.43","1,531.03","1,516.76","737.63K","0.01%"
"15/12/2021","1,523.59","1,524.03","1,531.11","1,515.53","724.73K","0.04%"
"14/12/2021","1,523.03","1,523.54","1,534.44","1,515.84","732.28K","0.03%"
"13/12/2021","1,522.50","1,517.96","1,526.97","1,516.77","677.23K","0.73%"
"10/12/2021","1,511.47","1,517.16","1,522.91","1,508.66","659.70K","-0.39%"
"09/12/2021","1,517.45","1,494.68","1,517.45","1,494.68","494.41K","1.11%"
"08/12/2021","1,500.84","1,500.88","1,510.47","1,495.49","597.16K","0.34%"
"07/12/2021","1,495.69","1,475.86","1,495.69","1,466.77","541.83K","2.30%"
"06/12/2021","1,462.05","1,497.59","1,505.06","1,446.39","831.44K","-2.22%"
"03/12/2021","1,495.24","1,544.28","1,546.76","1,495.24","831.58K","-2.65%"
"02/12/2021","1,535.99","1,546.85","1,549.38","1,535.99","594.22K","-0.45%"
"01/12/2021","1,543.01","1,531.94","1,543.01","1,525.63","672.77K","0.65%"
"30/11/2021","1,533.01","1,556.73","1,559.39","1,525.17","847.03K","-0.56%"
"29/11/2021","1,541.66","1,520.60","1,546.86","1,520.60","803.76K","-0.44%"
"26/11/2021","1,548.40","1,561.06","1,568.15","1,545.23","827.36K","-0.38%"
"25/11/2021","1,554.35","1,548.87","1,558.21","1,543.66","755.86K","0.85%"
"24/11/2021","1,541.22","1,518.98","1,543.04","1,514.71","870.36K","1.90%"
"23/11/2021","1,512.48","1,491.80","1,512.48","1,486.53","666.81K","1.01%"
"22/11/2021","1,497.33","1,501.65","1,519.08","1,493.17","1.00M","-0.11%"
"19/11/2021","1,498.94","1,515.26","1,527.09","1,478.12","1.23M","-0.62%"
"18/11/2021","1,508.35","1,518.29","1,520.60","1,508.35","863.03K","-0.36%"
"17/11/2021","1,513.82","1,508.27","1,515.88","1,504.71","666.04K","0.37%"
"16/11/2021","1,508.25","1,515.25","1,521.49","1,501.04","965.02K","-0.76%"
"15/11/2021","1,519.80","1,525.64","1,525.83","1,509.98","953.07K","0.28%"
"12/11/2021","1,515.57","1,500.98","1,516.22","1,490.66","722.81K","1.16%"
"11/11/2021","1,498.20","1,505.07","1,510.56","1,483.98","981.24K","-0.24%"
"10/11/2021","1,501.74","1,502.71","1,506.94","1,493.76","758.81K","0.19%"
"09/11/2021","1,498.96","1,506.68","1,511.36","1,494.70","790.91K","-0.17%"
"08/11/2021","1,501.47","1,495.89","1,506.74","1,492.23","831.32K","0.65%"
"05/11/2021","1,491.81","1,488.74","1,494.84","1,480.55","657.85K","0.49%"
"04/11/2021","1,484.57","1,480.86","1,488.34","1,473.39","692.14K","0.22%"
"03/11/2021","1,481.31","1,492.33","1,500.84","1,475.31","1.22M","-0.25%"
"02/11/2021","1,484.98","1,472.17","1,484.98","1,472.09","795.70K","0.89%"
"01/11/2021","1,471.83","1,481.91","1,485.51","1,467.42","895.98K","-0.36%"
"29/10/2021","1,477.13","1,474.93","1,480.91","1,467.29","783.99K","0.26%"
"28/10/2021","1,473.30","1,466.19","1,474.29","1,459.05","663.81K","0.88%"
"27/10/2021","1,460.48","1,435.78","1,460.48","1,433.99","714.42K","2.11%"
"26/10/2021","1,430.25","1,418.64","1,430.26","1,410.95","577.88K","0.58%"
"25/10/2021","1,422.05","1,435.04","1,435.30","1,422.05","707.69K","-0.66%"
"22/10/2021","1,431.50","1,434.06","1,437.08","1,427.81","610.76K","0.20%"
"21/10/2021","1,428.66","1,440.71","1,441.66","1,428.66","566.39K","-0.53%"
"20/10/2021","1,436.32","1,439.97","1,445.27","1,418.33","647.90K","0.00%"
"19/10/2021","1,436.37","1,439.27","1,441.49","1,431.17","497.73K","-0.14%"
"18/10/2021","1,438.36","1,439.22","1,445.41","1,434.36","650.15K","0.23%"
"15/10/2021","1,435.01","1,437.61","1,441.57","1,429.55","594.54K","0.16%"
"14/10/2021","1,432.78","1,431.93","1,439.08","1,428.74","566.93K","0.11%"
"13/10/2021","1,431.25","1,436.15","1,441.52","1,428.92","496.41K","-0.14%"
"12/10/2021","1,433.19","1,435.55","1,437.86","1,426.58","576.09K","0.13%"
"11/10/2021","1,431.40","1,409.51","1,431.44","1,409.46","582.94K","1.91%"
"08/10/2021","1,404.60","1,399.27","1,404.60","1,396.90","496.17K","0.68%"
"07/10/2021","1,395.10","1,396.00","1,398.83","1,391.98","573.61K","0.34%"
"06/10/2021","1,390.43","1,389.10","1,390.43","1,383.74","521.86K","0.51%"
"05/10/2021","1,383.42","1,374.46","1,383.72","1,372.83","503.12K","0.91%"
"04/10/2021","1,370.92","1,369.28","1,376.06","1,360.02","621.96K","0.19%"
"01/10/2021","1,368.34","1,376.17","1,380.43","1,365.69","528.97K","-0.78%"
"30/09/2021","1,379.12","1,374.75","1,385.66","1,377.74","377.67K","0.32%"
"29/09/2021","1,374.75","1,373.85","1,376.85","1,362.96","482.19K","-0.09%"
"28/09/2021","1,376.04","1,355.33","1,377.49","1,351.06","495.64K","1.05%"
"27/09/2021","1,361.72","1,391.12","1,392.36","1,361.72","624.01K","-1.98%"
"24/09/2021","1,389.19","1,393.34","1,395.53","1,385.71","540.82K","-0.18%"
"23/09/2021","1,391.75","1,397.87","1,401.41","1,389.85","780.54K","0.02%"
"22/09/2021","1,391.45","1,386.17","1,391.79","1,377.89","621.73K","0.69%"
"21/09/2021","1,381.90","1,374.33","1,387.47","1,365.49","693.29K","-0.59%"
"20/09/2021","1,390.17","1,400.95","1,405.75","1,386.75","741.45K","0.10%"
"17/09/2021","1,388.72","1,382.01","1,391.63","1,381.76","671.55K","0.72%"
"16/09/2021","1,378.80","1,383.03","1,384.53","1,373.24","490.56K","0.16%"
"15/09/2021","1,376.60","1,363.94","1,378.59","1,363.24","536.09K","0.63%"
"14/09/2021","1,368.03","1,373.91","1,378.26","1,365.88","595.25K","-0.43%"
"13/09/2021","1,374.00","1,380.67","1,383.25","1,372.97","653.85K","-0.34%"
"10/09/2021","1,378.75","1,381.77","1,383.72","1,378.00","467.93K","0.11%"
"09/09/2021","1,377.22","1,364.29","1,378.45","1,363.26","502.66K","0.94%"
"08/09/2021","1,364.45","1,375.12","1,375.96","1,360.12","527.03K","-0.64%"
"07/09/2021","1,373.26","1,380.62","1,385.44","1,371.12","748.17K","-0.25%"
"06/09/2021","1,376.71","1,367.28","1,377.77","1,365.92","786.20K","1.20%"
"01/09/2021","1,360.42","1,355.62","1,365.02","1,355.59","614.69K","0.08%"
"31/08/2021","1,359.37","1,363.94","1,365.32","1,356.15","656.08K","0.03%"
"30/08/2021","1,358.95","1,352.18","1,360.41","1,347.08","572.02K","1.27%"
"27/08/2021","1,341.88","1,324.04","1,341.88","1,313.97","578.43K","0.75%"
"26/08/2021","1,331.93","1,345.10","1,348.91","1,327.00","457.55K","-0.69%"
"25/08/2021","1,341.24","1,332.57","1,341.79","1,322.30","439.90K","0.81%"
"24/08/2021","1,330.49","1,332.27","1,339.72","1,320.02","591.47K","0.06%"
"23/08/2021","1,329.65","1,357.07","1,361.55","1,329.65","701.77K","-2.52%"
"20/08/2021","1,364.07","1,405.46","1,407.20","1,349.46","1.08M","-3.41%"
"19/08/2021","1,412.24","1,399.24","1,412.24","1,390.92","602.46K","0.93%"
"18/08/2021","1,399.18","1,400.45","1,408.75","1,394.52","580.56K","-0.24%"
"17/08/2021","1,402.60","1,413.76","1,416.84","1,397.05","669.52K","-0.37%"
"16/08/2021","1,407.77","1,399.05","1,410.26","1,396.28","743.50K","1.22%"
"13/08/2021","1,390.75","1,383.53","1,390.75","1,367.64","673.43K","0.51%"
"12/08/2021","1,383.69","1,389.22","1,397.86","1,383.69","656.56K","-0.51%"
"11/08/2021","1,390.83","1,399.51","1,407.10","1,390.83","707.30K","-0.44%"
"10/08/2021","1,396.92","1,405.37","1,407.44","1,391.55","615.92K","0.03%"
"09/08/2021","1,396.50","1,371.30","1,397.49","1,367.30","586.43K","1.54%"
"06/08/2021","1,375.37","1,384.17","1,387.81","1,375.37","621.07K","-0.49%"
"05/08/2021","1,382.16","1,364.95","1,383.65","1,360.93","518.43K","1.03%"
"04/08/2021","1,368.12","1,370.27","1,374.88","1,361.18","580.17K","0.28%"
"03/08/2021","1,364.24","1,347.36","1,364.24","1,346.90","577.46K","1.42%"
"02/08/2021","1,345.17","1,340.62","1,353.98","1,335.55","539.42K","0.09%"
"30/07/2021","1,343.90","1,329.28","1,346.54","1,328.11","498.26K","1.36%"
"29/07/2021","1,325.92","1,317.93","1,325.92","1,313.75","379.26K","1.37%"
"28/07/2021","1,308.02","1,306.93","1,314.91","1,304.20","307.06K","-0.18%"
"27/07/2021","1,310.43","1,316.36","1,322.23","1,309.25","457.50K","0.37%"
"26/07/2021","1,305.62","1,294.99","1,309.76","1,286.07","396.49K","0.38%"
"23/07/2021","1,300.70","1,320.01","1,328.15","1,300.70","470.09K","-1.89%"
"22/07/2021","1,325.73","1,301.07","1,327.50","1,297.57","426.14K","1.78%"
"21/07/2021","1,302.50","1,308.63","1,316.20","1,298.08","327.08K","-0.13%"
"20/07/2021","1,304.23","1,276.72","1,304.23","1,256.31","453.76K","2.46%"
"19/07/2021","1,272.94","1,297.70","1,306.77","1,266.32","587.30K","-4.24%"
"16/07/2021","1,329.24","1,330.99","1,335.64","1,326.27","346.36K","0.45%"
"15/07/2021","1,323.34","1,305.08","1,330.54","1,297.67","368.04K","1.40%"
"14/07/2021","1,305.08","1,328.26","1,336.08","1,290.54","468.15K","-1.75%"
"13/07/2021","1,328.26","1,325.90","1,337.53","1,306.62","419.25K","0.18%"
"12/07/2021","1,325.90","1,374.31","1,374.31","1,293.94","781.42K","-3.52%"
"09/07/2021","1,374.31","1,400.39","1,403.04","1,361.99","616.68K","-1.86%"
"08/07/2021","1,400.39","1,416.17","1,416.17","1,390.95","455.95K","-1.11%"
"07/07/2021","1,416.17","1,379.45","1,416.17","1,360.59","627.65K","2.66%"
"06/07/2021","1,379.45","1,441.71","1,448.23","1,379.45","656.74K","-4.32%"
"05/07/2021","1,441.71","1,448.10","1,448.16","1,422.61","665.44K","-0.20%"
"02/07/2021","1,444.53","1,437.35","1,447.23","1,437.35","556.79K","0.50%"
"01/07/2021","1,437.35","1,423.95","1,437.35","1,419.65","600.87K","0.94%"
"30/06/2021","1,423.95","1,425.80","1,434.79","1,423.33","446.61K","-0.13%"
"29/06/2021","1,425.80","1,419.50","1,432.42","1,419.50","490.47K","0.44%"
"28/06/2021","1,419.49","1,401.00","1,420.56","1,401.00","537.54K","1.32%"
"25/06/2021","1,400.94","1,390.16","1,401.49","1,383.18","450.20K","0.78%"
"24/06/2021","1,390.16","1,393.06","1,399.72","1,386.15","457.48K","-0.21%"
"23/06/2021","1,393.08","1,396.76","1,404.90","1,388.73","558.87K","-0.26%"
"22/06/2021","1,396.76","1,390.24","1,404.15","1,390.24","583.34K","0.47%"
"21/06/2021","1,390.19","1,394.41","1,398.84","1,385.47","616.95K","-0.28%"
"18/06/2021","1,394.11","1,376.41","1,396.09","1,376.41","656.93K","1.29%"
"17/06/2021","1,376.31","1,374.23","1,381.76","1,357.65","616.14K","0.05%"
"16/06/2021","1,375.68","1,392.43","1,393.91","1,373.16","630.79K","-1.20%"
"15/06/2021","1,392.45","1,393.11","1,400.09","1,385.28","595.67K","-0.05%"
"14/06/2021","1,393.11","1,383.52","1,401.06","1,383.52","620.19K","0.75%"
"11/06/2021","1,382.77","1,352.49","1,385.35","1,351.41","599.72K","2.24%"
"10/06/2021","1,352.49","1,358.61","1,364.33","1,345.65","592.40K","-0.46%"
"09/06/2021","1,358.68","1,344.46","1,366.47","1,328.94","640.68K","1.05%"
"08/06/2021","1,344.59","1,386.13","1,394.70","1,342.76","745.99K","-3.00%"
"07/06/2021","1,386.12","1,403.86","1,405.48","1,374.30","696.88K","-1.28%"
"04/06/2021","1,404.03","1,395.90","1,404.03","1,391.58","761.76K","0.57%"
"03/06/2021","1,396.03","1,371.30","1,397.47","1,371.30","728.14K","1.87%"
"02/06/2021","1,370.40","1,372.45","1,378.12","1,361.12","637.32K","-0.15%"
"01/06/2021","1,372.46","1,364.84","1,384.82","1,364.84","498.47K","0.48%"
"31/05/2021","1,365.87","1,354.41","1,366.07","1,342.10","583.27K","0.86%"
"28/05/2021","1,354.23","1,336.14","1,355.80","1,332.30","600.41K","1.39%"
"27/05/2021","1,335.64","1,348.93","1,351.89","1,331.54","568.66K","-0.97%"
"26/05/2021","1,348.70","1,339.64","1,349.45","1,335.82","561.64K","0.67%"
"25/05/2021","1,339.68","1,327.33","1,340.72","1,327.32","533.29K","0.84%"
"24/05/2021","1,328.53","1,319.52","1,331.54","1,319.17","569.49K","0.68%"
"21/05/2021","1,319.52","1,315.03","1,325.70","1,305.73","543.32K","0.33%"
"20/05/2021","1,315.13","1,299.73","1,315.13","1,293.54","579.66K","1.18%"
"19/05/2021","1,299.75","1,284.00","1,300.10","1,282.02","554.36K","1.23%"
"18/05/2021","1,284.00","1,283.36","1,290.20","1,276.88","554.56K","0.07%"
"17/05/2021","1,283.10","1,290.86","1,301.73","1,282.65","585.93K","-0.60%"
"14/05/2021","1,290.86","1,284.25","1,296.23","1,284.19","556.86K","0.51%"
"13/05/2021","1,284.28","1,292.66","1,297.38","1,284.28","558.33K","-0.65%"
"12/05/2021","1,292.67","1,275.13","1,292.87","1,268.29","553.25K","1.38%"
"11/05/2021","1,275.13","1,281.31","1,294.70","1,275.13","587.22K","-0.48%"
"10/05/2021","1,281.24","1,258.83","1,282.17","1,253.61","606.51K","1.72%"
"07/05/2021","1,259.53","1,265.42","1,267.84","1,248.74","629.90K","-0.47%"
"06/05/2021","1,265.48","1,268.71","1,274.74","1,260.61","559.57K","-0.25%"
"05/05/2021","1,268.70","1,252.22","1,280.52","1,252.22","548.39K","1.34%"
"04/05/2021","1,251.92","1,243.27","1,252.91","1,215.91","606.83K","0.69%"
"29/04/2021","1,243.28","1,231.21","1,243.51","1,230.35","486.06K","0.98%"
"28/04/2021","1,231.20","1,220.63","1,232.02","1,217.68","494.86K","0.87%"
"27/04/2021","1,220.62","1,215.13","1,221.98","1,203.93","449.78K","0.45%"
"26/04/2021","1,215.12","1,243.51","1,247.33","1,211.33","574.26K","-2.28%"
"23/04/2021","1,243.49","1,217.02","1,243.49","1,206.98","566.44K","2.17%"
"22/04/2021","1,217.03","1,259.30","1,261.72","1,217.03","622.10K","-3.36%"
"20/04/2021","1,259.30","1,255.56","1,276.53","1,251.60","668.46K","0.30%"
"19/04/2021","1,255.55","1,231.94","1,255.55","1,225.25","678.04K","1.92%"
"16/04/2021","1,231.94","1,239.94","1,246.51","1,217.53","831.21K","-0.65%"
"15/04/2021","1,239.94","1,245.10","1,255.81","1,239.94","670.00K","-0.41%"
"14/04/2021","1,245.07","1,233.43","1,245.07","1,218.51","718.14K","0.93%"
"13/04/2021","1,233.54","1,234.68","1,253.73","1,232.91","872.13K","-0.08%"
"12/04/2021","1,234.51","1,211.05","1,234.91","1,211.05","747.38K","2.00%"
"09/04/2021","1,210.31","1,209.11","1,212.33","1,203.17","575.51K","0.10%"
"08/04/2021","1,209.11","1,213.78","1,218.67","1,205.90","564.21K","-0.38%"
"07/04/2021","1,213.77","1,209.86","1,213.77","1,203.97","601.18K","0.32%"
"06/04/2021","1,209.86","1,204.49","1,214.15","1,200.67","576.94K","0.45%"
"05/04/2021","1,204.49","1,196.51","1,211.12","1,196.51","558.52K","0.83%"
"02/04/2021","1,194.53","1,185.62","1,199.09","1,185.62","521.84K","0.79%"
"01/04/2021","1,185.20","1,158.99","1,186.10","1,158.99","558.05K","2.26%"
"31/03/2021","1,158.99","1,153.91","1,165.46","1,153.46","593.73K","0.44%"
"30/03/2021","1,153.87","1,141.74","1,155.12","1,138.68","607.77K","1.06%"
"29/03/2021","1,141.72","1,127.57","1,142.48","1,127.57","506.81K","1.26%"
"26/03/2021","1,127.53","1,126.52","1,131.27","1,102.37","550.57K","0.07%"
"25/03/2021","1,126.70","1,126.88","1,135.80","1,118.59","520.83K","-0.02%"
"24/03/2021","1,126.88","1,146.97","1,146.97","1,118.15","560.18K","-1.77%"
"23/03/2021","1,147.23","1,158.64","1,158.64","1,141.28","559.87K","-0.98%"
"22/03/2021","1,158.64","1,162.44","1,166.20","1,153.94","547.96K","-0.27%"
"19/03/2021","1,161.80","1,164.92","1,165.44","1,157.50","527.67K","-0.27%"
"18/03/2021","1,164.97","1,149.91","1,164.97","1,149.91","493.45K","1.33%"
"17/03/2021","1,149.73","1,146.68","1,149.73","1,141.95","570.12K","0.30%"
"16/03/2021","1,146.31","1,148.01","1,149.87","1,135.94","557.30K","-0.15%"
"15/03/2021","1,148.01","1,144.41","1,150.33","1,141.45","543.56K","0.31%"
"12/03/2021","1,144.41","1,145.03","1,149.77","1,141.42","501.80K","-0.05%"
"11/03/2021","1,145.02","1,131.81","1,146.47","1,131.81","509.05K","1.17%"
"10/03/2021","1,131.81","1,122.85","1,132.35","1,114.99","484.75K","0.80%"
"09/03/2021","1,122.81","1,127.23","1,127.78","1,109.92","510.45K","-0.39%"
"08/03/2021","1,127.20","1,127.41","1,139.09","1,122.22","547.52K","0.01%"
"05/03/2021","1,127.06","1,127.25","1,127.25","1,110.47","485.44K","-0.02%"
"04/03/2021","1,127.25","1,145.68","1,151.15","1,117.62","552.13K","-1.61%"
"03/03/2021","1,145.68","1,143.94","1,147.88","1,138.33","507.09K","0.15%"
"02/03/2021","1,143.94","1,143.19","1,153.32","1,138.12","454.81K","0.13%"
"01/03/2021","1,142.43","1,124.23","1,143.43","1,124.23","501.71K","1.63%"
"26/02/2021","1,124.14","1,120.33","1,125.52","1,104.04","456.38K","0.34%"
"25/02/2021","1,120.33","1,118.15","1,125.68","1,109.78","418.26K","0.20%"
"24/02/2021","1,118.06","1,132.91","1,141.39","1,111.22","484.07K","-1.31%"
"23/02/2021","1,132.88","1,132.32","1,141.12","1,126.46","477.52K","0.05%"
"22/02/2021","1,132.33","1,131.21","1,140.46","1,124.55","477.86K","0.09%"
"19/02/2021","1,131.28","1,135.58","1,137.91","1,118.44","443.11K","-0.45%"
"18/02/2021","1,136.41","1,122.39","1,136.45","1,112.50","523.76K","1.25%"
"17/02/2021","1,122.39","1,079.88","1,122.39","1,079.88","442.83K","3.94%"
"09/02/2021","1,079.88","1,047.02","1,079.88","1,043.24","420.46K","3.14%"
"08/02/2021","1,047.03","1,087.52","1,088.75","1,034.76","559.07K","-3.72%"
"05/02/2021","1,087.52","1,071.48","1,087.52","1,071.48","396.50K","1.51%"
"04/02/2021","1,071.38","1,070.75","1,079.43","1,057.79","412.07K","0.06%"
"03/02/2021","1,070.77","1,035.02","1,074.62","1,035.02","558.20K","3.46%"
"02/02/2021","1,034.97","992.66","1,034.97","984.74","478.96K","4.24%"
"01/02/2021","992.91","1,014.69","1,030.50","992.91","514.73K","-2.17%"
"29/01/2021","1,014.95","978.93","1,030.88","945.37","638.21K","3.64%"
"28/01/2021","979.30","1,047.01","1,047.01","977.18","591.48K","-6.65%"
"27/01/2021","1,049.02","1,087.02","1,088.16","1,040.86","651.93K","-3.64%"
"26/01/2021","1,088.63","1,116.82","1,117.65","1,072.38","648.96K","-2.53%"
"25/01/2021","1,116.85","1,115.41","1,124.93","1,109.59","571.43K","0.18%"
"22/01/2021","1,114.87","1,109.68","1,123.20","1,108.06","615.02K","0.46%"
"21/01/2021","1,109.72","1,077.81","1,110.52","1,076.05","568.81K","2.97%"
"20/01/2021","1,077.74","1,072.58","1,084.37","1,037.66","686.91K","0.48%"
"19/01/2021","1,072.63","1,132.52","1,132.60","1,061.19","793.17K","-5.28%"
"18/01/2021","1,132.46","1,136.34","1,142.98","1,131.38","591.36K","-0.34%"
"15/01/2021","1,136.36","1,123.82","1,137.98","1,123.82","623.62K","1.12%"
"14/01/2021","1,123.81","1,119.51","1,124.01","1,111.32","628.14K","0.42%"
"13/01/2021","1,119.08","1,125.77","1,132.72","1,116.35","612.07K","-0.59%"
"12/01/2021","1,125.69","1,118.26","1,125.69","1,112.13","569.30K","0.66%"
"11/01/2021","1,118.27","1,101.33","1,119.00","1,101.33","633.88K","1.56%"
"08/01/2021","1,101.14","1,086.71","1,109.09","1,086.71","627.55K","1.37%"
"07/01/2021","1,086.26","1,071.18","1,086.26","1,071.18","599.93K","1.41%"
"06/01/2021","1,071.18","1,065.38","1,081.40","1,065.38","590.56K","0.55%"
"05/01/2021","1,065.34","1,052.19","1,067.31","1,047.53","576.45K","1.25%"
"04/01/2021","1,052.20","1,034.21","1,057.38","1,034.21","595.11K","1.92%"
"31/12/2020","1,032.41","1,022.95","1,035.02","1,022.76","421.54K","0.93%"
"30/12/2020","1,022.93","1,022.61","1,032.89","1,019.49","529.41K","0.03%"
"29/12/2020","1,022.61","1,015.86","1,026.13","1,012.11","519.58K","0.64%"
"28/12/2020","1,016.06","1,012.41","1,022.99","1,008.96","572.50K","0.37%"
"25/12/2020","1,012.33","995.35","1,012.36","987.99","499.96K","1.71%"
"24/12/2020","995.35","1,006.70","1,011.94","973.80","587.63K","-1.13%"
"23/12/2020","1,006.70","1,011.52","1,019.90","1,004.61","614.76K","-0.48%"
"22/12/2020","1,011.54","1,006.87","1,012.60","1,001.16","608.76K","0.56%"
"21/12/2020","1,005.90","991.83","1,007.95","991.83","548.14K","1.42%"
"18/12/2020","991.80","975.32","993.48","975.32","476.02K","1.69%"
"17/12/2020","975.33","986.01","986.01","974.13","542.65K","-1.08%"
"16/12/2020","986.01","973.18","986.01","973.18","466.36K","1.32%"
"15/12/2020","973.17","981.18","983.45","970.39","528.18K","-0.80%"
"14/12/2020","981.01","965.60","981.01","965.60","421.61K","1.60%"
"11/12/2020","965.60","952.62","965.60","952.06","349.76K","1.36%"
"10/12/2020","952.62","962.19","966.21","952.62","470.95K","-0.95%"
"09/12/2020","961.75","953.29","962.17","953.29","456.72K","0.89%"
"08/12/2020","953.29","951.80","955.88","948.65","437.00K","0.15%"
"07/12/2020","951.87","945.06","952.30","944.58","410.58K","0.72%"
"04/12/2020","945.04","945.92","948.39","943.18","456.40K","-0.06%"
"03/12/2020","945.59","939.34","945.95","938.76","426.68K","0.66%"
"02/12/2020","939.35","935.80","940.63","933.89","411.47K","0.38%"
"01/12/2020","935.80","925.24","935.80","914.51","466.05K","0.97%"
"30/11/2020","926.85","930.99","935.59","926.85","382.23K","-0.44%"
"27/11/2020","930.97","925.07","930.97","924.70","326.54K","0.64%"
"26/11/2020","925.05","922.56","925.05","916.13","346.00K","0.27%"
"25/11/2020","922.57","921.72","926.46","919.83","375.10K","0.10%"
"24/11/2020","921.68","920.44","924.99","911.53","433.07K","0.14%"
"23/11/2020","920.42","913.20","921.69","909.19","383.36K","0.80%"
"20/11/2020","913.11","906.44","913.11","904.01","413.74K","0.74%"
"19/11/2020","906.43","901.60","906.85","900.68","410.47K","0.54%"
"18/11/2020","901.60","898.32","903.07","895.60","383.08K","0.37%"
"17/11/2020","898.32","881.22","898.32","881.22","327.49K","1.96%"
"16/11/2020","881.03","895.14","901.86","880.56","418.09K","-1.54%"
"13/11/2020","894.84","887.55","894.84","887.55","364.59K","0.82%"
"12/11/2020","887.56","881.28","887.56","881.03","274.21K","0.72%"
"11/11/2020","881.23","880.74","884.28","875.45","308.81K","0.06%"
"10/11/2020","880.73","882.04","892.85","880.73","359.90K","-0.14%"
"09/11/2020","881.94","867.95","881.94","867.95","317.07K","1.61%"
"06/11/2020","867.95","867.53","871.39","864.49","220.50K","0.05%"
"05/11/2020","867.53","869.33","875.93","867.53","235.38K","-0.21%"
"04/11/2020","869.33","864.72","873.51","863.85","290.76K","0.53%"
"03/11/2020","864.72","862.14","866.78","860.67","254.08K","0.30%"
"02/11/2020","862.14","855.70","862.78","853.56","244.81K","0.75%"
"30/10/2020","855.69","849.88","855.74","840.91","262.52K","0.77%"
"29/10/2020","849.13","849.36","855.46","842.38","309.67K","-0.03%"
"28/10/2020","849.39","871.83","874.18","849.39","386.43K","-2.86%"
"27/10/2020","874.38","879.40","884.21","873.51","373.16K","-0.58%"
"26/10/2020","879.44","888.69","899.51","879.44","359.31K","-1.04%"
"23/10/2020","888.69","877.63","888.69","877.63","342.82K","1.30%"
"22/10/2020","877.28","867.17","877.28","862.54","279.22K","1.17%"
"21/10/2020","867.17","871.22","877.24","866.46","332.92K","-0.46%"
"20/10/2020","871.20","866.71","871.20","862.90","340.06K","0.52%"
"19/10/2020","866.71","865.03","868.87","863.77","310.13K","0.20%"
"16/10/2020","865.02","863.99","868.97","858.23","350.94K","0.12%"
"15/10/2020","863.97","859.46","866.93","859.46","395.98K","0.52%"
"14/10/2020","859.46","849.88","859.46","849.88","342.05K","1.13%"
"13/10/2020","849.89","847.43","850.84","844.85","285.78K","0.29%"
"12/10/2020","847.41","848.65","855.15","845.14","367.62K","-0.15%"
"09/10/2020","848.65","844.67","849.75","843.45","303.50K","0.47%"
"08/10/2020","844.66","846.85","848.73","840.19","392.09K","-0.26%"
"07/10/2020","846.85","846.62","851.64","843.20","448.05K","0.00%"
"06/10/2020","846.86","844.04","848.36","842.22","437.72K","0.34%"
"05/10/2020","844.03","837.47","844.55","837.47","383.20K","0.79%"
"02/10/2020","837.42","842.04","845.06","826.19","451.91K","-0.55%"
"01/10/2020","842.05","832.57","842.55","832.57","296.37K","1.14%"
"30/09/2020","832.56","829.51","833.88","826.87","276.13K","0.37%"
"29/09/2020","829.51","836.53","843.69","829.51","387.66K","-0.82%"
"28/09/2020","836.33","829.76","837.26","829.76","344.96K","0.79%"
"25/09/2020","829.74","829.75","832.80","826.45","284.22K","0.00%"
"24/09/2020","829.74","834.42","835.48","829.28","285.91K","-0.56%"
"23/09/2020","834.42","829.76","835.87","829.76","290.52K","0.56%"
"22/09/2020","829.74","829.75","832.23","824.13","333.51K","0.00%"
"21/09/2020","829.75","821.27","830.97","821.27","306.67K","1.04%"
"18/09/2020","821.24","813.18","822.12","813.18","265.67K","0.99%"
"17/09/2020","813.18","815.81","818.24","809.99","337.02K","-0.32%"
"16/09/2020","815.81","814.25","815.81","812.11","240.92K","0.18%"
"15/09/2020","814.32","812.66","816.44","812.47","310.62K","0.21%"
"14/09/2020","812.63","806.17","813.27","806.17","287.35K","0.81%"
"11/09/2020","806.07","805.42","807.81","801.98","240.03K","0.08%"
"10/09/2020","805.43","803.56","811.72","803.56","251.62K","0.23%"
"09/09/2020","803.55","804.26","806.32","795.97","247.25K","-0.11%"
"08/09/2020","804.41","801.82","806.77","797.60","233.24K","0.32%"
"07/09/2020","801.82","814.50","819.21","801.82","330.58K","-1.56%"
"04/09/2020","814.50","816.55","816.55","806.59","277.24K","-0.25%"
"03/09/2020","816.55","806.45","817.29","806.45","285.30K","1.25%"
"01/09/2020","806.46","797.33","807.02","795.61","251.02K","1.14%"
"31/08/2020","797.34","797.31","805.45","794.74","278.64K","0.01%"
"28/08/2020","797.26","792.74","803.68","792.74","293.79K","0.57%"
"27/08/2020","792.73","790.39","792.73","789.09","244.27K","0.30%"
"26/08/2020","790.39","791.30","793.77","788.26","286.86K","-0.11%"
"25/08/2020","791.28","786.37","794.58","786.16","306.12K","0.63%"
"24/08/2020","786.35","772.61","787.07","772.53","306.74K","1.79%"
"21/08/2020","772.53","765.41","773.71","765.39","238.03K","0.93%"
"20/08/2020","765.41","767.88","772.06","763.57","205.48K","-0.32%"
"19/08/2020","767.87","765.02","770.17","764.09","187.59K","0.41%"
"18/08/2020","764.75","767.95","768.76","762.89","162.67K","-0.41%"
"17/08/2020","767.91","767.40","768.65","758.97","188.32K","0.06%"
"14/08/2020","767.47","770.50","776.65","765.01","252.79K","-0.39%"
"13/08/2020","770.51","764.13","770.78","764.13","210.48K","0.84%"
"12/08/2020","764.11","761.42","766.05","760.38","214.56K","0.35%"
"11/08/2020","761.41","761.79","765.69","758.50","205.89K","-0.01%"
"10/08/2020","761.50","758.86","767.80","758.86","254.50K","0.39%"
"07/08/2020","758.53","757.18","761.30","754.35","209.88K","0.18%"
"06/08/2020","757.19","755.83","761.90","751.60","206.02K","0.18%"
"05/08/2020","755.83","745.65","757.12","739.04","239.63K","1.37%"
"04/08/2020","745.64","735.38","745.64","735.38","227.07K","1.40%"
"03/08/2020","735.37","719.58","735.37","717.47","222.88K","2.19%"
"31/07/2020","719.58","722.63","725.66","710.14","199.76K","-0.55%"
"30/07/2020","723.56","713.18","724.55","713.18","144.36K","1.46%"
"29/07/2020","713.14","733.18","733.18","701.43","274.39K","-2.74%"
"28/07/2020","733.20","708.17","734.31","708.17","282.36K","3.59%"
"27/07/2020","707.78","747.84","747.84","703.83","341.44K","-5.37%"
"24/07/2020","747.96","774.46","774.46","736.13","397.38K","-3.42%"
"23/07/2020","774.46","772.73","775.04","769.17","198.61K","0.22%"
"22/07/2020","772.75","778.81","781.20","772.31","185.05K","-0.78%"
"21/07/2020","778.81","778.01","780.82","773.91","197.27K","0.12%"
"20/07/2020","777.89","788.01","788.01","777.89","231.34K","-1.28%"
"17/07/2020","788.01","792.89","792.92","786.73","216.41K","-0.62%"
"16/07/2020","792.89","784.92","792.89","784.49","198.03K","1.02%"
"15/07/2020","784.92","781.61","789.74","781.61","203.67K","0.42%"
"14/07/2020","781.61","780.88","781.61","774.26","181.23K","0.09%"
"13/07/2020","780.88","783.25","788.39","778.10","183.43K","-0.30%"
"10/07/2020","783.24","788.94","790.24","780.61","232.96K","-0.72%"
"09/07/2020","788.95","778.44","791.01","778.44","236.57K","1.36%"
"08/07/2020","778.37","778.38","779.99","774.86","162.11K","0.00%"
"07/07/2020","778.38","777.62","784.84","777.62","260.70K","0.10%"
"06/07/2020","777.59","765.53","777.90","765.53","176.56K","1.58%"
"03/07/2020","765.52","761.29","765.97","761.29","154.54K","0.56%"
"02/07/2020","761.28","762.85","764.56","757.73","169.75K","-0.20%"
"01/07/2020","762.84","747.13","763.51","746.51","228.13K","2.11%"
"30/06/2020","747.10","750.70","759.93","741.95","283.00K","-0.48%"
"29/06/2020","750.70","770.97","770.97","745.51","308.13K","-2.67%"
"26/06/2020","771.26","773.98","780.39","769.00","237.18K","-0.33%"
"25/06/2020","773.85","778.20","778.20","767.77","262.39K","-0.56%"
"24/06/2020","778.23","784.93","789.91","775.94","314.02K","-0.85%"
"23/06/2020","784.92","786.93","789.20","780.70","373.52K","-0.33%"
"22/06/2020","787.52","784.82","789.77","782.78","304.57K","0.34%"
"19/06/2020","784.82","771.47","784.82","771.35","343.77K","1.74%"
"18/06/2020","771.36","770.90","773.91","763.10","212.74K","0.06%"
"17/06/2020","770.89","773.15","775.98","768.17","287.01K","-0.29%"
"16/06/2020","773.15","751.94","775.19","751.94","332.73K","2.82%"
"15/06/2020","751.93","780.59","785.80","751.93","424.06K","-3.56%"
"12/06/2020","779.65","776.97","779.65","755.41","545.48K","-0.16%"
"11/06/2020","780.93","810.75","815.69","780.72","617.83K","-3.67%"
"10/06/2020","810.67","808.01","813.39","799.26","472.73K","0.33%"
"09/06/2020","808.04","808.82","813.30","807.47","412.42K","-0.10%"
"08/06/2020","808.82","796.90","814.97","796.90","462.47K","1.55%"
"05/06/2020","796.46","792.08","796.46","787.10","420.57K","0.55%"
"04/06/2020","792.07","791.12","797.77","791.12","365.27K","0.12%"
"03/06/2020","791.12","785.52","791.43","784.33","291.35K","0.74%"
"02/06/2020","785.34","789.42","794.12","784.91","401.70K","-0.51%"
"01/06/2020","789.37","775.46","789.37","775.46","386.25K","1.79%"
"29/05/2020","775.46","772.05","777.38","770.12","250.06K","0.44%"
"28/05/2020","772.09","769.45","776.71","767.96","235.24K","0.34%"
"27/05/2020","769.45","782.20","787.74","769.45","322.35K","-1.63%"
"26/05/2020","782.19","774.64","782.87","774.64","280.45K","0.98%"
"25/05/2020","774.63","768.29","776.00","765.51","235.33K","0.83%"
"22/05/2020","768.28","778.50","778.59","767.98","238.50K","-1.32%"
"21/05/2020","778.53","769.77","778.53","769.09","271.99K","1.14%"
"20/05/2020","769.74","764.41","769.74","760.21","213.04K","0.70%"
"19/05/2020","764.42","754.67","772.06","754.67","267.15K","1.34%"
"18/05/2020","754.31","744.71","754.59","740.54","202.34K","1.28%"
"15/05/2020","744.76","750.51","755.13","741.67","231.84K","-0.77%"
"14/05/2020","750.52","752.16","754.33","743.90","246.71K","-0.22%"
"13/05/2020","752.16","751.30","756.30","732.08","305.56K","0.11%"
"12/05/2020","751.30","744.03","751.81","735.37","261.43K","1.00%"
"11/05/2020","743.88","728.84","743.88","728.84","239.41K","2.07%"
"08/05/2020","728.82","713.08","740.15","713.08","308.32K","2.21%"
"07/05/2020","713.08","701.94","713.08","701.94","192.57K","1.61%"
"06/05/2020","701.79","687.42","701.79","686.63","187.35K","2.09%"
"05/05/2020","687.41","685.38","689.93","683.24","149.83K","0.38%"
"04/05/2020","684.82","690.74","690.74","682.32","232.94K","-0.86%"
"29/04/2020","690.74","690.80","693.70","688.98","193.40K","-0.01%"
"28/04/2020","690.80","693.50","697.73","687.23","173.30K","-0.41%"
"27/04/2020","693.64","696.75","706.71","693.64","234.31K","-0.45%"
"24/04/2020","696.75","690.44","697.27","685.24","207.98K","0.91%"
"23/04/2020","690.44","687.39","701.65","687.39","169.27K","0.46%"
"22/04/2020","687.28","681.80","690.70","667.63","204.34K","0.80%"
"21/04/2020","681.83","708.60","708.60","677.51","341.10K","-3.81%"
"20/04/2020","708.84","706.67","713.41","702.07","276.93K","0.31%"
"17/04/2020","706.65","698.08","707.45","698.08","245.18K","1.23%"
"16/04/2020","698.04","694.38","698.25","687.45","200.21K","0.53%"
"15/04/2020","694.35","685.71","696.45","685.71","235.52K","1.26%"
"14/04/2020","685.69","680.30","685.69","673.26","208.06K","0.79%"
"13/04/2020","680.30","671.61","686.81","671.61","178.34K","1.29%"
"10/04/2020","671.62","674.34","676.36","664.54","275.26K","-0.41%"
"09/04/2020","674.38","667.33","678.92","667.33","250.59K","1.06%"
"08/04/2020","667.31","667.36","667.55","650.92","189.36K","0.00%"
"07/04/2020","667.32","656.34","669.17","651.53","260.53K","1.67%"
"06/04/2020","656.34","625.57","656.35","625.57","284.23K","4.93%"
"03/04/2020","625.51","606.85","625.51","606.85","181.19K","3.07%"
"01/04/2020","606.85","591.30","609.45","586.02","189.11K","2.60%"
"31/03/2020","591.50","594.38","607.21","579.86","212.84K","-0.48%"
"30/03/2020","594.38","622.14","622.14","587.62","178.69K","-4.49%"
"27/03/2020","622.34","625.06","628.16","612.86","194.71K","-0.44%"
"26/03/2020","625.06","627.08","632.04","615.96","156.16K","-0.37%"
"25/03/2020","627.38","602.21","627.38","602.21","194.88K","4.22%"
"24/03/2020","601.96","610.55","610.55","595.85","194.62K","-1.41%"
"23/03/2020","610.56","647.51","647.51","607.41","206.54K","-6.02%"
"20/03/2020","649.70","659.12","661.30","646.95","183.93K","-1.43%"
"19/03/2020","659.12","677.33","677.38","647.54","289.84K","-2.69%"
"18/03/2020","677.35","675.96","681.30","671.57","188.55K","0.21%"
"17/03/2020","675.96","676.00","678.97","653.52","186.25K","-0.01%"
"16/03/2020","676.01","689.32","689.32","665.41","207.58K","-1.93%"
"13/03/2020","689.32","691.18","691.18","652.24","263.70K","-0.64%"
"12/03/2020","693.76","729.76","729.76","685.08","288.13K","-4.96%"
"11/03/2020","729.97","753.98","760.02","715.50","258.33K","-3.18%"
"10/03/2020","753.94","748.01","757.41","727.10","223.56K","0.79%"
"09/03/2020","748.01","798.22","798.22","746.66","253.48K","-6.30%"
"06/03/2020","798.28","800.58","800.58","790.27","157.39K","-0.29%"
"05/03/2020","800.58","799.60","806.41","798.27","195.32K","0.12%"
"04/03/2020","799.60","798.78","800.02","792.65","179.84K","0.10%"
"03/03/2020","798.80","795.13","804.32","794.96","165.34K","0.46%"
"02/03/2020","795.13","792.34","796.33","787.85","162.21K","0.35%"
"28/02/2020","792.34","806.38","806.38","783.65","172.77K","-1.74%"
"27/02/2020","806.38","800.80","807.03","795.72","123.23K","0.70%"
"26/02/2020","800.81","809.55","809.55","798.14","121.18K","-1.09%"
"25/02/2020","809.62","800.17","809.62","790.80","172.75K","1.03%"
"24/02/2020","801.38","829.27","829.27","800.95","241.64K","-3.46%"
"21/02/2020","830.14","832.42","837.04","829.61","166.80K","-0.27%"
"20/02/2020","832.42","824.24","832.42","824.24","171.88K","0.99%"
"19/02/2020","824.23","822.30","825.65","820.38","151.49K","0.23%"
"18/02/2020","822.30","827.20","827.42","819.61","150.64K","-0.59%"
"17/02/2020","827.21","828.34","829.60","824.00","138.35K","-0.14%"
"14/02/2020","828.37","827.20","830.62","826.09","159.30K","0.14%"
"13/02/2020","827.20","826.21","827.56","822.56","144.59K","0.12%"
"12/02/2020","826.21","820.30","830.50","820.30","176.06K","0.72%"
"11/02/2020","820.31","817.53","821.81","817.52","148.41K","0.34%"
"10/02/2020","817.52","826.07","826.07","813.06","121.26K","-1.05%"
"07/02/2020","826.20","824.23","828.00","821.27","155.28K","0.24%"
"06/02/2020","824.23","808.68","824.23","807.46","193.53K","1.92%"
"05/02/2020","808.67","808.04","815.16","803.75","154.95K","0.09%"
"04/02/2020","807.92","808.14","813.61","798.18","167.37K","-0.02%"
"03/02/2020","808.06","816.42","816.42","775.40","229.59K","-1.04%"
"31/01/2020","816.56","840.49","840.49","816.56","190.22K","-2.85%"
"30/01/2020","840.49","867.01","867.01","835.27","164.57K","-3.12%"
"22/01/2020","867.57","863.68","867.73","861.67","116.16K","0.45%"
"21/01/2020","863.67","855.45","863.67","855.45","114.38K","0.96%"
"20/01/2020","855.45","854.55","855.45","851.76","92.81K","0.11%"
"17/01/2020","854.55","853.24","857.82","852.73","106.53K","0.15%"
"16/01/2020","853.24","848.99","853.30","847.84","133.34K","0.50%"
"15/01/2020","848.99","848.33","849.72","846.80","102.18K","0.08%"
"14/01/2020","848.32","845.17","849.10","844.25","118.14K","0.37%"
"13/01/2020","845.16","847.77","847.92","844.85","107.12K","-0.31%"
"10/01/2020","847.77","842.25","849.14","842.18","148.56K","0.66%"
"09/01/2020","842.19","831.99","842.74","831.99","122.30K","1.23%"
"08/01/2020","831.99","843.20","843.20","828.22","158.60K","-1.33%"
"07/01/2020","843.23","839.93","843.76","838.68","117.08K","0.39%"
"06/01/2020","839.93","849.36","849.37","839.66","127.07K","-1.11%"
"03/01/2020","849.36","851.60","854.85","849.09","132.72K","-0.25%"
"02/01/2020","851.46","845.58","851.46","843.59","119.43K","0.70%"
"31/12/2019","845.58","847.06","848.18","843.10","126.94K","-0.17%"
"30/12/2019","847.06","844.38","847.31","843.75","131.77K","0.32%"
"27/12/2019","844.38","841.23","844.38","837.05","108.49K","0.38%"
"26/12/2019","841.20","841.96","843.54","839.08","143.19K","-0.09%"
"25/12/2019","841.96","839.48","843.08","838.57","175.38K","0.30%"
"24/12/2019","839.48","838.24","839.56","834.83","157.70K","0.14%"
"23/12/2019","838.31","839.00","842.48","837.96","174.47K","-0.08%"
"20/12/2019","838.98","834.62","840.30","834.62","163.95K","0.52%"
"19/12/2019","834.64","835.46","838.83","831.30","152.24K","-0.10%"
"18/12/2019","835.46","840.07","840.07","833.45","166.59K","-0.55%"
"17/12/2019","840.07","847.98","848.89","839.88","217.15K","-0.93%"
"16/12/2019","847.97","851.05","851.08","845.68","187.02K","-0.36%"
"13/12/2019","851.05","855.90","858.54","851.05","150.80K","-0.57%"
"12/12/2019","855.90","850.65","855.90","850.65","138.97K","0.62%"
"11/12/2019","850.65","847.50","850.65","842.84","143.42K","0.37%"
"10/12/2019","847.49","853.02","853.30","843.38","152.26K","-0.65%"
"09/12/2019","853.03","852.40","854.74","849.50","156.40K","0.07%"
"06/12/2019","852.42","851.63","853.83","849.33","120.11K","0.09%"
"05/12/2019","851.65","854.39","857.48","850.85","144.17K","-0.32%"
"04/12/2019","854.39","843.16","854.39","840.21","144.18K","1.34%"
"03/12/2019","843.08","848.06","849.53","839.94","154.14K","-0.59%"
"02/12/2019","848.06","858.61","860.74","847.91","157.75K","-1.23%"
"29/11/2019","858.62","856.46","858.99","854.06","122.13K","0.25%"
"28/11/2019","856.45","863.91","864.45","853.67","136.75K","-0.86%"
"27/11/2019","863.91","865.32","868.16","863.75","133.18K","-0.16%"
"26/11/2019","865.32","863.67","868.43","863.67","132.20K","0.23%"
"25/11/2019","863.31","863.01","865.76","857.19","134.99K","0.03%"
"22/11/2019","863.01","870.02","875.50","856.55","177.25K","-0.76%"
"21/11/2019","869.58","883.01","883.05","869.58","153.02K","-1.52%"
"20/11/2019","883.01","889.03","890.02","882.30","163.43K","-0.68%"
"19/11/2019","889.03","884.60","889.03","883.82","131.00K","0.50%"
"18/11/2019","884.60","890.24","891.90","884.01","143.80K","-0.63%"
"15/11/2019","890.23","891.89","893.62","887.47","150.30K","-0.19%"
"14/11/2019","891.90","894.65","898.17","890.45","171.17K","-0.32%"
"13/11/2019","894.75","900.61","901.82","893.13","151.19K","-0.65%"
"12/11/2019","900.58","900.82","903.38","899.31","148.86K","-0.02%"
"11/11/2019","900.80","904.93","906.34","900.03","153.86K","-0.46%"
"08/11/2019","904.92","905.50","908.92","903.38","142.34K","-0.06%"
"07/11/2019","905.50","905.04","908.03","903.33","149.62K","0.05%"
"06/11/2019","905.04","903.97","907.90","902.41","161.20K","0.12%"
"05/11/2019","903.93","901.43","905.63","900.17","153.20K","0.28%"
"04/11/2019","901.43","897.34","902.38","895.83","181.13K","0.46%"
"01/11/2019","897.33","884.86","897.61","884.45","172.07K","1.41%"
"31/10/2019","884.86","888.58","890.85","884.58","169.60K","-0.42%"
"30/10/2019","888.58","886.18","891.27","885.44","142.53K","0.27%"
"29/10/2019","886.18","887.25","889.72","886.18","157.12K","-0.12%"
"28/10/2019","887.25","887.62","890.19","887.22","129.38K","-0.04%"
"25/10/2019","887.62","886.55","887.62","885.09","120.70K","0.12%"
"24/10/2019","886.55","881.69","886.55","881.57","126.68K","0.55%"
"23/10/2019","881.69","880.16","881.91","879.15","139.23K","0.17%"
"22/10/2019","880.16","879.17","881.47","878.14","179.46K","0.11%"
"21/10/2019","879.16","883.13","883.28","879.05","149.24K","-0.43%"
"18/10/2019","882.97","882.55","885.71","881.34","138.92K","0.05%"
"17/10/2019","882.54","886.00","886.33","882.54","145.30K","-0.39%"
"16/10/2019","886.00","885.07","888.48","884.78","144.57K","0.10%"
"15/10/2019","885.08","884.57","886.42","882.58","119.37K","0.06%"
"14/10/2019","884.57","881.62","886.85","881.62","160.05K","0.34%"
"11/10/2019","881.53","878.46","881.53","878.34","130.71K","0.35%"
"10/10/2019","878.46","879.38","881.58","877.61","126.08K","-0.10%"
"09/10/2019","879.38","880.05","882.18","877.60","132.28K","-0.08%"
"08/10/2019","880.05","874.92","880.22","874.36","139.85K","0.56%"
"07/10/2019","875.17","881.58","883.33","875.17","140.84K","-0.73%"
"04/10/2019","881.58","886.21","888.83","881.58","141.95K","-0.52%"
"03/10/2019","886.21","883.89","886.21","876.68","148.70K","0.26%"
"02/10/2019","883.91","890.14","890.96","882.29","146.02K","-0.70%"
"01/10/2019","890.14","887.88","890.14","886.88","132.54K","0.25%"
"30/09/2019","887.89","889.19","894.26","887.73","144.31K","-0.15%"
"27/09/2019","889.19","884.04","890.05","884.02","140.20K","0.58%"
"26/09/2019","884.04","880.36","884.04","878.69","125.11K","0.47%"
"25/09/2019","879.88","878.80","880.55","875.24","114.31K","0.11%"
"24/09/2019","878.92","876.87","881.14","875.64","111.08K","0.23%"
"23/09/2019","876.87","880.95","883.88","876.87","132.99K","-0.46%"
"20/09/2019","880.95","885.58","886.66","880.95","157.40K","-0.52%"
"19/09/2019","885.58","882.12","885.60","878.41","129.38K","0.39%"
"18/09/2019","882.17","881.64","883.71","880.61","131.43K","0.06%"
"17/09/2019","881.64","877.37","882.01","873.92","133.32K","0.49%"
"16/09/2019","877.37","874.06","877.80","872.24","128.82K","0.38%"
"13/09/2019","874.09","865.57","874.31","864.98","138.10K","0.98%"
"12/09/2019","865.58","858.59","865.58","858.59","114.25K","0.81%"
"11/09/2019","858.59","857.28","859.51","854.93","88.48K","0.15%"
"10/09/2019","857.28","860.34","862.60","855.09","119.43K","-0.37%"
"09/09/2019","860.45","860.54","861.58","858.05","96.83K","-0.01%"
"06/09/2019","860.53","860.87","863.86","859.58","100.82K","-0.04%"
"05/09/2019","860.87","862.28","865.58","860.87","107.42K","-0.16%"
"04/09/2019","862.22","863.34","864.18","857.31","113.95K","-0.13%"
"03/09/2019","863.35","868.12","869.31","861.82","118.01K","-0.55%"
"30/08/2019","868.12","864.56","868.94","864.44","117.52K","0.41%"
"29/08/2019","864.56","861.09","864.57","858.17","112.53K","0.40%"
"28/08/2019","861.11","861.72","865.15","860.74","109.48K","-0.07%"
"27/08/2019","861.73","866.21","872.29","861.73","140.24K","-0.52%"
"26/08/2019","866.21","872.27","872.27","861.03","142.50K","-0.80%"
"23/08/2019","873.17","875.44","876.28","870.51","112.82K","-0.26%"
"22/08/2019","875.44","873.28","877.18","872.53","120.43K","0.25%"
"21/08/2019","873.28","868.60","874.38","866.86","136.14K","0.54%"
"20/08/2019","868.60","865.08","869.16","865.08","113.21K","0.40%"
"19/08/2019","865.11","864.82","869.10","862.74","100.04K","0.03%"
"16/08/2019","864.82","862.23","871.30","859.12","143.98K","0.30%"
"15/08/2019","862.24","853.28","862.24","841.69","122.62K","1.04%"
"14/08/2019","853.35","851.46","859.51","851.46","115.80K","0.22%"
"13/08/2019","851.45","857.26","857.26","848.93","130.70K","-0.68%"
"12/08/2019","857.26","855.34","858.03","854.13","114.90K","0.22%"
"09/08/2019","855.34","853.54","857.94","853.01","124.56K","0.21%"
"08/08/2019","853.55","845.26","854.40","844.27","147.50K","0.98%"
"07/08/2019","845.26","844.22","849.84","841.41","121.66K","0.12%"
"06/08/2019","844.21","849.95","849.95","836.27","154.96K","-0.68%"
"05/08/2019","849.95","863.29","863.29","849.95","136.14K","-1.55%"
"02/08/2019","863.30","866.02","866.02","856.93","128.06K","-0.31%"
"01/08/2019","866.02","860.28","866.02","859.44","119.83K","0.67%"
"31/07/2019","860.27","854.70","862.89","851.27","117.64K","0.65%"
"30/07/2019","854.70","865.45","869.26","854.70","117.02K","-1.24%"
"29/07/2019","865.43","865.03","867.38","858.94","100.62K","0.05%"
"26/07/2019","865.03","867.79","869.05","863.69","103.72K","-0.32%"
"25/07/2019","867.79","864.38","870.13","862.32","124.58K","0.40%"
"24/07/2019","864.35","864.43","868.65","862.18","114.14K","0.02%"
"23/07/2019","864.20","856.57","864.85","855.65","116.25K","0.89%"
"22/07/2019","856.58","858.77","861.15","855.33","117.94K","-0.26%"
"19/07/2019","858.77","850.71","859.42","850.71","143.32K","0.95%"
"18/07/2019","850.71","857.20","857.20","850.23","109.08K","-0.76%"
"17/07/2019","857.25","857.03","859.68","855.10","127.95K","0.03%"
"16/07/2019","857.02","850.97","857.43","850.97","121.87K","0.71%"
"15/07/2019","850.96","853.25","854.10","848.63","105.96K","-0.25%"
"12/07/2019","853.07","856.73","859.64","852.66","113.19K","-0.43%"
"11/07/2019","856.75","854.62","858.44","854.61","117.59K","0.25%"
"10/07/2019","854.62","851.75","856.41","851.71","107.75K","0.34%"
"09/07/2019","851.75","850.01","851.86","846.84","110.36K","0.21%"
"08/07/2019","850.00","858.09","858.09","847.36","105.58K","-0.94%"
"05/07/2019","858.09","856.49","858.45","854.14","102.85K","0.19%"
"04/07/2019","856.47","847.11","856.47","847.11","117.59K","1.10%"
"03/07/2019","847.11","848.87","848.87","843.39","97.72K","-0.21%"
"02/07/2019","848.87","851.76","852.62","846.71","92.88K","-0.34%"
"01/07/2019","851.75","841.19","851.76","841.19","109.69K","1.26%"
"28/06/2019","841.18","832.91","841.18","827.11","104.19K","1.00%"
"27/06/2019","832.86","843.64","843.88","832.86","108.62K","-1.28%"
"26/06/2019","843.62","844.68","846.65","842.87","105.70K","-0.16%"
"25/06/2019","844.98","845.22","846.67","843.34","106.33K","-0.03%"
"24/06/2019","845.22","843.10","849.44","843.10","100.82K","0.25%"
"21/06/2019","843.10","842.56","847.55","842.55","129.88K","0.06%"
"20/06/2019","842.56","834.51","844.95","834.51","114.20K","0.96%"
"19/06/2019","834.51","828.61","834.80","828.61","99.76K","0.71%"
"18/06/2019","828.60","833.06","834.06","826.25","95.00K","-0.54%"
"17/06/2019","833.06","841.18","841.84","831.39","90.02K","-0.97%"
"14/06/2019","841.18","839.70","842.89","839.27","94.86K","0.16%"
"13/06/2019","839.80","844.39","844.39","836.66","87.82K","-0.54%"
"12/06/2019","844.39","850.02","850.04","844.39","88.69K","-0.66%"
"11/06/2019","850.02","850.88","852.71","848.68","84.01K","-0.10%"
"10/06/2019","850.88","848.05","854.74","846.35","104.57K","0.35%"
"07/06/2019","847.88","839.53","847.88","839.11","83.25K","0.99%"
"06/06/2019","839.53","841.56","842.72","831.17","86.91K","-0.24%"
"05/06/2019","841.56","840.99","847.86","840.99","84.76K","0.07%"
"04/06/2019","840.99","840.34","844.75","835.76","90.81K","0.08%"
"03/06/2019","840.34","852.21","852.21","836.12","127.51K","-1.39%"
"31/05/2019","852.21","859.70","860.67","851.30","102.09K","-0.87%"
"30/05/2019","859.70","860.92","864.51","857.67","95.62K","-0.14%"
"29/05/2019","860.93","861.25","863.79","859.24","105.88K","-0.04%"
"28/05/2019","861.25","864.82","867.32","859.57","104.38K","-0.41%"
"27/05/2019","864.80","860.73","864.80","860.17","86.13K","0.46%"
"24/05/2019","860.85","869.87","872.73","860.85","111.39K","-1.13%"
"23/05/2019","870.68","872.25","873.29","867.19","97.05K","-0.18%"
"22/05/2019","872.25","875.38","880.29","871.64","109.34K","-0.35%"
"21/05/2019","875.34","876.52","881.28","874.89","107.50K","-0.13%"
"20/05/2019","876.52","868.13","876.52","866.17","116.88K","0.97%"
"17/05/2019","868.13","869.91","871.39","866.79","103.91K","-0.20%"
"16/05/2019","869.91","869.44","873.75","869.39","115.77K","0.05%"
"15/05/2019","869.44","859.53","870.03","859.53","132.77K","1.15%"
"14/05/2019","859.53","855.92","859.53","849.68","112.73K","0.33%"
"13/05/2019","856.67","851.69","856.67","850.37","109.24K","0.58%"
"10/05/2019","851.76","847.13","852.61","847.05","101.16K","0.55%"
"09/05/2019","847.09","848.52","851.47","844.10","100.11K","-0.17%"
"08/05/2019","848.52","853.22","853.22","844.59","106.58K","-0.55%"
"07/05/2019","853.22","854.26","860.33","851.54","100.98K","-0.12%"
"06/05/2019","854.27","868.71","868.71","851.65","120.66K","-1.69%"
"03/05/2019","868.96","869.29","870.60","865.35","116.74K","-0.04%"
"02/05/2019","869.28","867.78","870.04","866.31","109.85K","0.17%"
"26/04/2019","867.81","862.78","867.81","860.09","96.64K","0.58%"
"25/04/2019","862.79","865.30","865.57","860.95","97.99K","-0.29%"
"24/04/2019","865.29","856.01","865.29","855.91","107.59K","1.08%"
"23/04/2019","856.01","855.88","859.12","853.60","97.09K","0.02%"
"22/04/2019","855.88","858.77","859.29","851.20","105.18K","-0.33%"
"19/04/2019","858.70","855.68","863.21","855.68","82.67K","0.35%"
"18/04/2019","855.68","863.64","865.04","854.58","123.74K","-0.93%"
"17/04/2019","863.67","868.85","872.39","863.67","129.98K","-0.60%"
"16/04/2019","868.85","874.54","874.54","858.03","115.83K","-0.65%"
"12/04/2019","874.54","876.74","876.74","872.73","100.59K","-0.25%"
"11/04/2019","876.73","872.93","876.75","872.64","104.23K","0.44%"
"10/04/2019","872.93","879.43","879.43","867.97","121.62K","-0.74%"
"09/04/2019","879.45","887.48","889.96","878.68","139.68K","-0.90%"
"08/04/2019","887.47","884.73","887.60","882.35","126.58K","0.31%"
"05/04/2019","884.73","883.60","885.87","882.70","114.76K","0.13%"
"04/04/2019","883.60","880.86","885.49","880.21","119.47K","0.31%"
"03/04/2019","880.86","882.57","882.58","876.97","115.87K","-0.19%"
"02/04/2019","882.57","884.11","891.33","881.76","127.48K","-0.17%"
"01/04/2019","884.06","877.50","884.07","877.50","122.93K","0.75%"
"29/03/2019","877.50","878.86","883.64","877.50","116.61K","-0.15%"
"28/03/2019","878.86","876.50","879.83","873.44","108.42K","0.27%"
"27/03/2019","876.51","870.02","878.59","870.02","97.34K","0.75%"
"26/03/2019","870.02","869.19","877.15","867.26","121.97K","0.12%"
"25/03/2019","868.95","887.44","887.44","864.81","159.59K","-2.10%"
"22/03/2019","887.55","882.82","889.98","881.69","137.68K","0.54%"
"21/03/2019","882.80","900.26","904.35","882.80","167.06K","-1.93%"
"20/03/2019","900.20","903.98","903.98","890.96","153.85K","-0.42%"
"19/03/2019","904.00","909.09","911.65","901.70","182.78K","-0.56%"
"18/03/2019","909.08","902.76","910.39","902.75","166.51K","0.70%"
"15/03/2019","902.76","908.69","909.19","900.13","186.83K","-0.65%"
"14/03/2019","908.69","908.26","911.81","905.06","165.88K","0.05%"
"13/03/2019","908.26","903.92","912.95","903.92","180.82K","0.48%"
"12/03/2019","903.92","891.91","903.92","891.91","161.70K","1.35%"
"11/03/2019","891.91","890.37","894.19","887.97","125.34K","0.17%"
"08/03/2019","890.37","898.52","898.52","889.74","160.60K","-0.91%"
"07/03/2019","898.52","899.59","908.42","898.52","171.72K","-0.12%"
"06/03/2019","899.59","897.96","900.93","892.43","171.61K","0.18%"
"05/03/2019","897.96","902.18","904.83","896.50","218.15K","-0.47%"
"04/03/2019","902.18","889.64","902.47","889.63","191.93K","1.41%"
"01/03/2019","889.60","878.33","890.58","878.32","129.77K","1.28%"
"28/02/2019","878.33","902.21","902.41","878.33","181.67K","-2.64%"
"27/02/2019","902.19","898.76","905.90","898.76","193.84K","0.38%"
"26/02/2019","898.75","905.25","908.10","891.85","196.34K","-0.72%"
"25/02/2019","905.30","898.16","910.06","898.16","181.37K","0.80%"
"22/02/2019","898.15","897.08","902.45","892.08","183.48K","0.12%"
"21/02/2019","897.08","882.74","897.08","882.26","148.74K","1.63%"
"20/02/2019","882.69","878.28","884.17","877.56","132.13K","0.50%"
"19/02/2019","878.27","875.10","885.25","875.10","179.49K","0.36%"
"18/02/2019","875.08","867.10","875.08","867.10","150.52K","0.92%"
"15/02/2019","867.10","869.14","871.38","864.39","130.85K","-0.23%"
"14/02/2019","869.12","864.07","871.50","864.06","137.12K","0.58%"
"13/02/2019","864.07","856.38","864.07","855.65","161.82K","0.90%"
"12/02/2019","856.39","845.74","857.53","845.74","158.66K","1.26%"
"11/02/2019","845.72","828.91","845.72","828.91","94.27K","2.03%"
"01/02/2019","828.90","832.12","833.78","827.02","81.20K","-0.38%"
"31/01/2019","832.10","833.99","838.44","829.79","93.89K","-0.23%"
"30/01/2019","833.99","836.14","836.14","832.89","81.81K","-0.26%"
"29/01/2019","836.15","833.17","836.15","828.40","76.67K","0.36%"
"28/01/2019","833.14","832.35","835.76","830.86","89.47K","0.09%"
"25/01/2019","832.42","831.10","833.98","831.04","82.57K","0.15%"
"24/01/2019","831.15","828.21","831.95","827.80","82.38K","0.34%"
"23/01/2019","828.30","825.63","830.62","824.06","90.79K","0.32%"
"22/01/2019","825.63","827.87","830.94","825.52","106.08K","-0.27%"
"21/01/2019","827.85","820.60","828.65","820.60","104.27K","0.89%"
"18/01/2019","820.58","819.37","824.20","818.96","84.48K","0.15%"
"17/01/2019","819.37","827.60","827.92","819.37","102.38K","-0.99%"
"16/01/2019","827.60","828.50","831.01","824.99","92.40K","-0.11%"
"15/01/2019","828.51","823.11","828.51","820.50","90.91K","0.66%"
"14/01/2019","823.11","824.29","824.29","819.28","84.85K","-0.13%"
"11/01/2019","824.22","821.15","826.05","821.08","91.76K","0.37%"
"10/01/2019","821.15","819.62","822.56","817.43","88.95K","0.19%"
"09/01/2019","819.62","810.67","820.23","810.55","105.37K","1.10%"
"08/01/2019","810.67","815.29","816.80","807.47","80.62K","-0.57%"
"07/01/2019","815.29","805.26","821.12","805.26","76.07K","1.25%"
"04/01/2019","805.26","803.39","805.91","788.75","101.98K","0.24%"
"03/01/2019","803.37","817.77","817.77","799.28","116.73K","-1.76%"
"02/01/2019","817.77","818.43","827.26","815.76","78.81K","-0.08%"
"28/12/2018","818.39","828.39","830.97","818.39","106.97K","-1.21%"
"27/12/2018","828.39","823.12","834.07","823.12","92.91K","0.64%"
"26/12/2018","823.12","826.95","829.00","821.79","86.43K","-0.46%"
"25/12/2018","826.96","835.89","835.89","812.74","143.34K","-1.07%"
"24/12/2018","835.89","836.71","841.91","835.89","93.00K","-0.09%"
"21/12/2018","836.68","840.26","840.26","830.14","106.50K","-0.43%"
"20/12/2018","840.26","843.55","844.63","837.95","92.34K","-0.39%"
"19/12/2018","843.55","850.31","851.33","839.03","107.05K","-0.80%"
"18/12/2018","850.37","860.36","860.36","841.92","132.60K","-1.16%"
"17/12/2018","860.36","876.15","876.15","860.29","123.04K","-1.80%"
"14/12/2018","876.16","883.47","883.48","874.99","116.68K","-0.83%"
"13/12/2018","883.48","882.71","888.68","882.44","124.61K","0.13%"
"12/12/2018","882.34","877.29","882.34","877.13","120.10K","0.58%"
"11/12/2018","877.23","877.80","880.23","871.39","103.28K","-0.08%"
"10/12/2018","877.96","883.14","883.21","877.28","105.85K","-0.64%"
"07/12/2018","883.58","877.52","886.26","877.52","131.17K","0.69%"
"06/12/2018","877.52","879.10","881.52","871.61","128.50K","-0.19%"
"05/12/2018","879.17","881.49","881.69","871.10","135.29K","-0.27%"
"04/12/2018","881.54","876.19","882.58","874.77","158.09K","0.61%"
"03/12/2018","876.19","853.12","876.19","853.12","137.74K","2.71%"
"30/11/2018","853.07","854.16","855.51","848.57","109.36K","-0.14%"
"29/11/2018","854.23","857.99","865.37","854.23","95.07K","-0.43%"
"28/11/2018","857.92","852.68","857.92","851.65","79.77K","0.61%"
"27/11/2018","852.70","852.25","859.91","851.17","92.29K","0.05%"
"26/11/2018","852.24","848.51","852.96","845.58","77.45K","0.44%"
"23/11/2018","848.51","855.65","856.12","847.51","94.62K","-0.83%"
"22/11/2018","855.65","854.09","857.06","853.44","99.85K","0.20%"
"21/11/2018","853.97","850.27","853.97","840.01","103.77K","0.43%"
"20/11/2018","850.28","846.64","850.28","842.34","107.49K","0.43%"
"19/11/2018","846.66","830.37","846.66","830.37","106.43K","1.96%"
"16/11/2018","830.37","827.41","835.17","826.64","121.49K","0.36%"
"15/11/2018","827.40","833.47","836.23","823.02","111.22K","-0.73%"
"14/11/2018","833.46","834.51","840.43","830.21","110.99K","-0.13%"
"13/11/2018","834.51","845.98","845.98","833.49","120.15K","-1.36%"
"12/11/2018","846.01","844.37","846.44","835.03","96.93K","0.19%"
"09/11/2018","844.37","856.80","856.80","844.37","115.90K","-1.45%"
"08/11/2018","856.80","854.73","863.99","854.73","119.13K","0.24%"
"07/11/2018","854.71","855.16","857.73","848.78","106.77K","-0.06%"
"06/11/2018","855.26","858.51","862.15","855.26","101.15K","-0.34%"
"05/11/2018","858.17","857.07","858.17","849.60","101.72K","0.13%"
"02/11/2018","857.07","842.92","858.74","842.89","146.43K","1.68%"
"01/11/2018","842.92","854.56","854.69","840.91","102.10K","-1.36%"
"31/10/2018","854.56","831.76","854.83","831.76","137.65K","2.74%"
"30/10/2018","831.73","833.65","838.85","827.37","104.68K","-0.23%"
"29/10/2018","833.65","839.62","839.66","829.47","99.64K","-0.70%"
"26/10/2018","839.56","846.45","854.14","839.56","116.48K","-0.81%"
"25/10/2018","846.44","854.75","854.75","820.88","142.56K","-0.97%"
"24/10/2018","854.77","865.13","866.14","854.58","114.31K","-1.20%"
"23/10/2018","865.13","876.90","876.90","852.12","163.22K","-1.63%"
"22/10/2018","879.50","888.62","893.30","879.50","116.04K","-1.03%"
"19/10/2018","888.64","892.44","892.44","876.34","117.35K","-0.43%"
"18/10/2018","892.45","899.98","900.00","891.32","110.37K","-0.84%"
"17/10/2018","899.97","894.38","902.65","894.38","122.91K","0.69%"
"16/10/2018","893.80","883.76","893.80","881.97","102.72K","1.14%"
"15/10/2018","883.76","896.58","897.14","882.89","107.30K","-1.43%"
"12/10/2018","896.58","875.56","896.75","864.45","176.30K","2.40%"
"11/10/2018","875.59","918.63","918.63","868.26","312.18K","-4.75%"
"10/10/2018","919.27","921.44","924.16","915.87","154.01K","-0.24%"
"09/10/2018","921.44","924.34","927.77","920.95","160.34K","-0.32%"
"08/10/2018","924.37","933.35","933.35","922.82","163.61K","-0.96%"
"05/10/2018","933.34","945.33","945.35","933.34","173.77K","-1.27%"
"04/10/2018","945.34","942.05","945.34","941.12","158.10K","0.35%"
"03/10/2018","942.04","939.36","944.03","938.32","141.65K","0.29%"
"02/10/2018","939.36","941.04","943.72","936.79","180.77K","-0.18%"
"01/10/2018","941.04","944.73","950.21","940.32","204.44K","-0.39%"
"28/09/2018","944.71","941.47","946.65","941.43","199.84K","0.35%"
"27/09/2018","941.46","936.27","943.74","936.27","159.97K","0.55%"
"26/09/2018","936.27","935.41","940.40","931.88","196.67K","0.09%"
"25/09/2018","935.41","934.28","937.46","930.52","179.99K","0.12%"
"24/09/2018","934.30","926.16","934.95","926.16","151.12K","0.88%"
"21/09/2018","926.14","923.81","929.99","920.34","240.26K","0.26%"
"20/09/2018","923.70","916.21","923.82","915.87","155.92K","0.82%"
"19/09/2018","916.20","913.03","921.77","913.03","184.83K","0.35%"
"18/09/2018","913.03","906.67","913.03","900.01","150.40K","0.70%"
"17/09/2018","906.66","911.05","912.34","904.65","125.89K","-0.48%"
"14/09/2018","911.05","908.43","914.74","908.43","131.26K","0.29%"
"13/09/2018","908.45","908.87","912.91","906.60","128.72K","-0.05%"
"12/09/2018","908.87","908.85","916.25","908.65","150.04K","0.00%"
"11/09/2018","908.85","894.15","909.02","892.04","131.32K","1.64%"
"10/09/2018","894.15","895.63","897.60","893.03","123.02K","-0.17%"
"07/09/2018","895.64","884.92","895.64","883.74","131.33K","1.21%"
"06/09/2018","884.89","893.32","895.83","884.39","118.72K","-0.94%"
"05/09/2018","893.32","902.53","903.65","890.91","137.60K","-1.02%"
"04/09/2018","902.53","917.15","918.71","902.53","148.83K","-1.59%"
"31/08/2018","917.15","921.97","925.11","917.12","141.15K","-0.52%"
"30/08/2018","921.97","913.62","921.97","909.83","137.15K","0.91%"
"29/08/2018","913.62","918.20","918.61","912.38","125.06K","-0.49%"
"28/08/2018","918.10","914.74","919.14","914.36","140.87K","0.37%"
"27/08/2018","914.72","910.74","917.72","910.74","155.74K","0.44%"
"24/08/2018","910.73","911.11","912.60","906.29","135.87K","-0.04%"
"23/08/2018","911.11","909.06","912.65","907.67","120.17K","0.22%"
"22/08/2018","909.07","905.64","912.66","905.64","147.41K","0.38%"
"21/08/2018","905.66","896.23","905.66","895.95","148.71K","1.05%"
"20/08/2018","896.23","897.05","900.47","893.10","140.32K","-0.09%"
"17/08/2018","897.05","897.82","905.35","897.05","110.33K","-0.09%"
"16/08/2018","897.82","896.19","897.82","882.98","137.94K","0.17%"
"15/08/2018","896.26","911.08","914.36","895.93","152.74K","-1.63%"
"14/08/2018","911.09","906.45","913.64","906.14","133.38K","0.51%"
"13/08/2018","906.44","897.81","906.44","892.29","158.14K","0.96%"
"10/08/2018","897.82","894.26","898.15","886.86","152.26K","0.40%"
"09/08/2018","894.26","896.12","903.31","893.55","141.69K","-0.20%"
"08/08/2018","896.09","888.89","896.27","888.89","120.29K","0.81%"
"07/08/2018","888.88","893.85","894.12","887.56","120.54K","-0.56%"
"06/08/2018","893.86","895.19","897.37","890.78","137.90K","-0.15%"
"03/08/2018","895.18","892.04","902.24","892.04","148.77K","0.40%"
"02/08/2018","891.59","893.52","893.52","880.12","178.30K","-0.18%"
"01/08/2018","893.24","897.66","900.50","890.06","163.02K","-0.49%"
"31/07/2018","897.66","894.09","901.40","890.54","211.14K","0.40%"
"30/07/2018","894.10","882.91","894.55","882.91","171.08K","1.27%"
"27/07/2018","882.91","876.21","885.22","874.92","147.50K","0.76%"
"26/07/2018","876.22","872.52","876.55","866.35","163.34K","0.42%"
"25/07/2018","872.52","877.12","883.60","872.52","186.00K","-0.52%"
"24/07/2018","877.10","881.49","883.46","870.00","158.56K","-0.50%"
"23/07/2018","881.50","878.35","891.77","877.20","181.18K","0.36%"
"20/07/2018","878.36","887.69","888.13","876.55","150.89K","-1.07%"
"19/07/2018","887.85","883.14","891.44","882.11","145.90K","0.55%"
"18/07/2018","882.96","864.17","882.96","863.67","163.58K","2.18%"
"17/07/2018","864.15","852.88","864.15","844.56","116.76K","1.32%"
"16/07/2018","852.88","847.68","857.40","846.61","98.33K","0.61%"
"13/07/2018","847.68","834.60","849.64","834.60","108.36K","1.57%"
"12/07/2018","834.54","828.93","841.55","823.68","78.47K","0.37%"
"11/07/2018","831.46","846.47","846.47","823.13","122.39K","-1.78%"
"10/07/2018","846.49","847.94","853.66","846.49","79.03K","-0.18%"
"09/07/2018","848.03","854.48","864.01","846.39","91.78K","-0.75%"
"06/07/2018","854.47","835.53","857.23","823.56","121.70K","2.27%"
"05/07/2018","835.53","851.16","855.00","827.36","109.03K","-1.84%"
"04/07/2018","851.17","842.79","851.72","832.68","100.48K","0.99%"
"03/07/2018","842.79","876.92","877.24","842.79","142.14K","-3.89%"
"02/07/2018","876.93","891.80","891.80","866.38","127.00K","-1.82%"
"29/06/2018","893.22","893.05","897.23","886.56","93.18K","0.02%"
"28/06/2018","893.07","908.23","911.87","889.86","114.10K","-1.52%"
"27/06/2018","906.83","916.86","919.54","906.83","115.18K","-1.10%"
"26/06/2018","916.87","923.26","923.26","904.41","102.90K","-0.70%"
"25/06/2018","923.34","916.12","929.48","916.12","103.74K","0.82%"
"22/06/2018","915.85","900.96","916.96","892.93","88.00K","1.65%"
"21/06/2018","900.96","911.27","911.27","897.29","81.58K","-1.13%"
"20/06/2018","911.24","892.83","911.24","887.27","96.84K","2.07%"
"19/06/2018","892.78","917.98","917.98","871.51","177.64K","-2.77%"
"18/06/2018","918.17","947.72","948.88","918.17","129.65K","-3.12%"
"15/06/2018","947.73","947.92","950.03","939.12","123.04K","-0.03%"
"14/06/2018","948.04","956.87","962.43","948.04","122.97K","-0.98%"
"13/06/2018","957.38","949.49","958.36","945.94","83.35K","0.83%"
"12/06/2018","949.49","963.41","963.41","932.44","150.64K","-1.45%"
"11/06/2018","963.46","965.60","971.40","956.62","115.74K","-0.23%"
"08/06/2018","965.71","966.52","967.27","958.11","107.35K","-0.08%"
"07/06/2018","966.52","963.39","972.53","960.33","135.75K","0.33%"
"06/06/2018","963.38","949.88","963.94","939.91","130.03K","1.44%"
"05/06/2018","949.75","938.52","950.28","938.30","151.84K","1.20%"
"04/06/2018","938.52","915.96","938.69","915.96","124.32K","2.59%"
"01/06/2018","914.86","896.97","916.56","896.97","138.56K","1.99%"
"31/05/2018","896.97","873.30","898.37","870.03","124.28K","2.71%"
"30/05/2018","873.30","879.11","879.11","859.82","94.79K","-0.66%"
"29/05/2018","879.12","855.15","884.90","842.36","130.05K","2.80%"
"28/05/2018","855.17","890.08","890.08","851.95","163.46K","-3.92%"
"25/05/2018","890.07","909.34","910.05","890.07","105.48K","-2.12%"
"24/05/2018","909.34","915.81","920.93","901.85","88.55K","-0.71%"
"23/05/2018","915.81","908.34","919.73","895.54","106.28K","0.82%"
"22/05/2018","908.35","942.70","942.71","898.70","137.44K","-3.64%"
"21/05/2018","942.70","963.84","968.12","942.70","88.74K","-2.19%"
"18/05/2018","963.80","953.30","964.70","937.88","100.79K","1.10%"
"17/05/2018","953.31","974.26","975.52","953.31","91.62K","-2.15%"
"16/05/2018","974.21","990.20","990.20","971.51","98.67K","-1.61%"
"15/05/2018","990.20","986.52","999.50","986.52","102.89K","0.37%"
"14/05/2018","986.52","969.42","986.52","969.00","92.92K","1.76%"
"11/05/2018","969.42","960.06","970.15","946.86","108.96K","0.97%"
"10/05/2018","960.06","982.65","983.11","953.27","120.53K","-2.31%"
"09/05/2018","982.77","983.69","991.14","975.21","109.58K","-0.10%"
"08/05/2018","983.73","985.89","994.54","982.15","115.99K","-0.23%"
"07/05/2018","985.97","956.50","985.97","956.50","107.64K","3.12%"
"04/05/2018","956.18","954.30","964.57","951.89","111.82K","0.19%"
"03/05/2018","954.32","957.36","957.36","935.33","147.15K","-0.32%"
"02/05/2018","957.38","971.29","974.80","954.35","131.15K","-1.43%"
"27/04/2018","971.30","961.49","971.30","951.74","132.91K","1.02%"
"26/04/2018","961.49","990.70","993.08","955.10","160.71K","-2.94%"
"24/04/2018","990.65","992.69","995.97","968.32","146.12K","-0.21%"
"23/04/2018","992.77","1,023.68","1,031.16","992.77","163.39K","-3.02%"
"20/04/2018","1,023.64","1,005.43","1,023.70","991.71","125.66K","1.81%"
"19/04/2018","1,005.43","1,043.11","1,043.11","1,005.43","150.31K","-3.61%"
"18/04/2018","1,043.08","1,054.87","1,060.42","1,042.76","126.08K","-1.12%"
"17/04/2018","1,054.87","1,052.02","1,059.41","1,044.72","121.28K","0.28%"
"16/04/2018","1,051.97","1,057.41","1,059.23","1,046.31","123.36K","-0.51%"
"13/04/2018","1,057.41","1,065.18","1,074.65","1,055.02","138.45K","-0.72%"
"12/04/2018","1,065.10","1,059.37","1,065.10","1,046.33","150.42K","0.51%"
"11/04/2018","1,059.67","1,086.58","1,089.57","1,059.67","216.99K","-2.46%"
"10/04/2018","1,086.34","1,096.16","1,101.22","1,080.59","213.33K","-0.90%"
"09/04/2018","1,096.16","1,093.98","1,099.73","1,090.94","187.46K","0.18%"
"06/04/2018","1,094.23","1,089.47","1,099.27","1,089.47","192.34K","0.44%"
"05/04/2018","1,089.47","1,084.80","1,092.86","1,083.81","162.08K","0.43%"
"04/04/2018","1,084.80","1,077.98","1,090.70","1,077.98","167.34K","0.63%"
"03/04/2018","1,077.98","1,085.45","1,087.02","1,074.48","192.27K","-0.69%"
"02/04/2018","1,085.45","1,071.02","1,086.95","1,071.02","195.56K","1.35%"
"30/03/2018","1,070.95","1,063.01","1,071.14","1,056.10","130.76K","0.75%"
"29/03/2018","1,063.01","1,067.53","1,071.96","1,060.51","129.54K","-0.42%"
"28/03/2018","1,067.53","1,066.74","1,074.28","1,062.74","145.24K","0.08%"
"27/03/2018","1,066.72","1,064.49","1,078.17","1,064.49","181.20K","0.22%"
"26/03/2018","1,064.40","1,050.84","1,068.46","1,046.68","157.25K","1.30%"
"23/03/2018","1,050.75","1,064.90","1,064.90","1,037.59","216.81K","-1.34%"
"22/03/2018","1,065.02","1,067.16","1,077.72","1,064.28","192.22K","-0.20%"
"21/03/2018","1,067.16","1,056.11","1,068.80","1,056.11","186.76K","1.05%"
"20/03/2018","1,056.11","1,054.71","1,060.29","1,050.66","168.01K","0.13%"
"19/03/2018","1,054.71","1,042.17","1,058.80","1,042.17","202.78K","1.20%"
"16/03/2018","1,042.21","1,041.30","1,045.93","1,039.15","224.57K","0.29%"
"15/03/2018","1,039.23","1,043.38","1,043.38","1,036.03","181.90K","-0.40%"
"14/03/2018","1,043.45","1,039.37","1,048.02","1,039.37","196.77K","0.40%"
"13/03/2018","1,039.33","1,033.14","1,040.53","1,027.91","183.15K","0.60%"
"12/03/2018","1,033.14","1,034.79","1,042.32","1,031.70","167.77K","-0.16%"
"09/03/2018","1,034.79","1,036.16","1,044.68","1,030.95","179.66K","0.05%"
"08/03/2018","1,034.25","1,023.61","1,037.28","1,023.11","165.44K","1.11%"
"07/03/2018","1,022.92","1,029.09","1,034.70","1,015.92","212.57K","-0.63%"
"06/03/2018","1,029.36","1,018.46","1,029.36","1,005.27","187.12K","1.93%"
"05/03/2018","1,009.84","1,033.21","1,036.83","1,009.84","228.67K","-1.67%"
"02/03/2018","1,026.96","1,013.18","1,027.78","1,011.21","166.11K","0.48%"
"01/03/2018","1,022.03","1,022.24","1,031.38","1,016.35","188.07K","-0.23%"
"28/02/2018","1,024.38","1,014.77","1,028.54","1,014.21","190.08K","0.19%"
"27/02/2018","1,022.42","1,025.37","1,025.55","1,012.32","156.34K","0.39%"
"26/02/2018","1,018.46","1,022.82","1,029.26","1,018.46","193.69K","0.47%"
"23/02/2018","1,013.74","1,000.87","1,013.74","997.17","157.82K","2.06%"
"22/02/2018","993.30","997.48","1,004.89","992.09","163.94K","-0.99%"
"21/02/2018","1,003.23","993.12","1,007.45","993.01","144.77K","1.97%"
"13/02/2018","983.86","974.51","985.02","974.51","134.31K","1.80%"
"12/02/2018","966.42","938.09","966.42","938.09","140.34K","3.43%"
"09/02/2018","934.34","921.10","934.34","906.94","173.94K","-1.50%"
"08/02/2018","948.55","956.31","963.80","948.55","140.60K","-1.47%"
"07/02/2018","962.72","965.41","970.45","957.81","180.83K","2.32%"
"06/02/2018","940.91","947.88","948.16","909.15","318.49K","-2.94%"
"05/02/2018","969.39","1,011.89","1,011.89","969.39","219.36K","-4.86%"
"02/02/2018","1,018.95","1,016.09","1,018.95","1,007.05","148.98K","0.30%"
"01/02/2018","1,015.91","1,027.12","1,027.12","1,008.26","207.28K","-0.91%"
"31/01/2018","1,025.20","1,028.70","1,040.70","1,025.20","275.63K","-0.42%"
"30/01/2018","1,029.52","1,017.99","1,029.52","1,010.63","251.29K","0.38%"
"29/01/2018","1,025.67","1,035.98","1,043.01","1,025.00","232.12K","-0.65%"
"26/01/2018","1,032.36","1,025.56","1,038.28","1,018.78","223.67K","0.70%"
"25/01/2018","1,025.15","1,023.52","1,036.30","1,019.54","384.48K","0.96%"
"23/01/2018","1,015.41","998.75","1,016.37","998.75","208.67K","0.00%"
"22/01/2018","1,015.41","998.75","1,016.37","998.75","208.67K","2.20%"
"19/01/2018","993.51","990.65","1,000.16","989.05","240.31K","0.54%"
"18/01/2018","988.20","973.06","988.20","958.35","221.73K","1.44%"
"17/01/2018","974.18","1,000.42","1,001.64","974.18","251.58K","-2.76%"
"16/01/2018","1,001.84","998.54","1,003.54","990.46","260.75K","-0.10%"
"15/01/2018","1,002.89","991.49","1,002.89","986.13","225.45K","1.18%"
"12/01/2018","991.21","991.49","997.89","986.97","259.40K","0.24%"
"11/01/2018","988.81","982.86","991.07","976.46","236.55K","0.61%"
"10/01/2018","982.86","981.19","989.31","977.45","297.35K","0.26%"
"09/01/2018","980.27","972.39","981.34","965.67","250.17K","1.20%"
"08/01/2018","968.61","955.97","968.61","950.86","202.00K","1.23%"
"05/01/2018","956.82","962.63","962.79","955.12","207.75K","-0.58%"
"04/01/2018","962.36","955.69","962.67","955.69","206.80K","0.98%"
"03/01/2018","953.02","946.74","959.21","945.79","186.33K","1.08%"
"02/01/2018","942.88","932.28","942.88","930.57","152.54K","1.37%"
"29/12/2017","930.17","924.03","934.71","923.76","158.66K","0.73%"
"28/12/2017","923.42","918.52","924.40","916.31","122.26K","0.73%"
"27/12/2017","916.73","917.31","921.18","914.27","159.66K","0.15%"
"26/12/2017","915.36","910.92","915.41","908.82","117.89K","0.64%"
"25/12/2017","909.57","909.29","911.83","906.67","100.83K","0.15%"
"22/12/2017","908.21","903.80","908.51","902.39","128.27K","0.68%"
"21/12/2017","902.10","908.17","914.86","902.10","128.25K","-0.94%"
"20/12/2017","910.66","909.35","915.58","905.21","149.62K","0.15%"
"19/12/2017","909.28","917.67","920.08","909.28","181.93K","-0.46%"
"18/12/2017","913.52","903.48","913.52","903.08","203.36K","2.21%"
"15/12/2017","893.73","893.26","898.35","892.54","204.34K","-0.15%"
"14/12/2017","895.03","880.95","895.03","880.95","136.90K","1.60%"
"13/12/2017","880.92","885.29","885.89","878.34","109.42K","-0.11%"
"12/12/2017","881.88","886.31","888.92","854.54","202.05K","0.38%"
"11/12/2017","878.53","894.30","894.78","878.53","149.38K","-1.94%"
"08/12/2017","895.91","894.03","900.96","887.97","131.90K","0.19%"
"07/12/2017","894.25","904.15","907.88","889.12","142.00K","-0.83%"
"06/12/2017","901.77","902.77","903.71","885.62","203.75K","-0.44%"
"05/12/2017","905.75","925.84","927.88","905.75","209.27K","-1.93%"
"04/12/2017","923.61","913.41","925.59","913.41","227.38K","1.35%"
"01/12/2017","911.30","901.95","911.40","901.95","184.57K","1.04%"
"30/11/2017","901.88","907.20","911.07","901.88","199.48K","-0.21%"
"29/11/2017","903.80","898.20","903.80","895.56","189.07K","0.87%"
"28/11/2017","896.01","894.18","897.72","888.90","302.78K","0.30%"
"27/11/2017","893.31","886.26","900.48","885.59","196.87K","0.73%"
"24/11/2017","886.81","879.42","888.25","875.12","177.55K","0.57%"
"23/11/2017","881.77","883.79","889.79","876.34","180.45K","0.14%"
"22/11/2017","880.57","874.00","880.57","870.19","153.72K","0.89%"
"21/11/2017","872.80","868.56","883.82","868.56","169.93K","0.80%"
"20/11/2017","865.86","854.39","865.86","852.86","123.02K","1.28%"
"17/11/2017","854.95","858.08","863.48","850.62","136.43K","-0.22%"
"16/11/2017","856.85","843.64","856.85","843.64","143.51K","1.34%"
"15/11/2017","845.49","839.35","847.58","837.38","129.23K","0.70%"
"14/11/2017","839.59","837.65","841.22","831.35","137.67K","0.22%"
"13/11/2017","837.71","830.04","837.71","830.04","171.99K","1.12%"
"10/11/2017","828.41","820.82","830.88","820.82","137.55K","0.65%"
"09/11/2017","823.10","825.00","827.58","821.82","125.75K","0.21%"
"08/11/2017","821.35","816.89","822.88","816.01","131.12K","0.92%"
"07/11/2017","813.89","813.34","817.60","810.98","135.79K","0.23%"
"06/11/2017","812.05","807.74","812.59","806.71","116.80K","0.88%"
"03/11/2017","804.98","795.40","804.98","793.46","134.48K","1.23%"
"02/11/2017","795.18","802.92","809.60","794.54","155.98K","-1.00%"
"01/11/2017","803.25","801.52","803.78","800.76","135.60K","0.24%"
"31/10/2017","801.33","806.42","808.05","800.32","140.37K","-0.73%"
"30/10/2017","807.24","808.16","811.81","806.28","146.48K","-0.07%"
"27/10/2017","807.80","798.88","807.80","797.02","111.91K","1.15%"
"26/10/2017","798.61","799.14","803.45","792.11","154.22K","-0.18%"
"25/10/2017","800.04","796.40","800.09","795.15","107.90K","0.59%"
"24/10/2017","795.35","789.25","795.35","787.16","127.07K","0.61%"
"23/10/2017","790.51","795.26","796.49","788.26","175.70K","-0.84%"
"20/10/2017","797.24","801.65","804.56","796.93","157.41K","-0.55%"
"19/10/2017","801.68","802.01","804.78","799.86","131.93K","0.05%"
"18/10/2017","801.31","804.95","806.64","800.39","160.68K","-0.37%"
"17/10/2017","804.29","799.78","804.29","799.78","148.32K","0.59%"
"16/10/2017","799.61","802.55","804.84","799.58","131.79K","-0.37%"
"13/10/2017","802.56","796.81","802.56","796.51","126.46K","0.58%"
"12/10/2017","797.97","796.63","800.38","795.87","122.21K","0.26%"
"11/10/2017","795.90","794.73","798.75","793.98","137.26K","0.15%"
"10/10/2017","794.69","790.00","794.69","789.22","123.70K","0.49%"
"09/10/2017","790.81","791.49","791.79","788.26","117.54K","0.16%"
"06/10/2017","789.58","787.55","790.04","786.35","109.26K","0.29%"
"05/10/2017","787.28","788.02","790.90","787.28","120.68K","0.11%"
"04/10/2017","786.41","777.82","786.41","777.82","90.69K","1.03%"
"03/10/2017","778.38","782.44","783.30","775.39","135.47K","-0.49%"
"02/10/2017","782.21","786.14","788.05","781.97","91.25K","-0.42%"
"29/09/2017","785.48","784.07","788.29","784.07","111.20K","0.19%"
"28/09/2017","783.96","783.85","789.40","783.36","146.43K","0.02%"
"27/09/2017","783.82","784.63","787.00","783.82","128.58K","-0.37%"
"26/09/2017","786.72","786.59","786.72","781.97","142.51K","0.13%"
"25/09/2017","785.68","786.25","787.24","783.37","112.16K","-0.04%"
"22/09/2017","785.97","783.48","787.27","783.30","135.83K","0.34%"
"21/09/2017","783.34","786.25","786.63","782.66","118.39K","-0.29%"
"20/09/2017","785.65","787.75","787.94","784.45","117.11K","-0.12%"
"19/09/2017","786.58","787.86","790.94","786.58","144.13K","-0.11%"
"18/09/2017","787.47","785.45","789.11","784.22","145.77K","0.52%"
"15/09/2017","783.36","780.25","783.60","779.04","126.37K","0.07%"
"14/09/2017","782.80","780.95","785.46","780.95","124.28K","0.33%"
"13/09/2017","780.21","778.18","780.34","776.99","122.16K","0.61%"
"12/09/2017","775.45","770.57","775.85","769.74","116.26K","0.44%"
"11/09/2017","772.04","777.88","780.81","772.04","125.24K","-0.74%"
"08/09/2017","777.80","775.30","779.53","775.03","108.78K","0.47%"
"07/09/2017","774.15","772.34","775.37","771.69","126.68K","0.24%"
"06/09/2017","772.32","772.97","773.49","769.72","126.43K","-0.12%"
"05/09/2017","773.22","772.59","775.01","769.66","135.31K","0.22%"
"01/09/2017","771.56","768.44","771.91","768.12","112.51K","0.54%"
"31/08/2017","767.45","765.08","769.77","764.37","170.03K","0.41%"
"30/08/2017","764.35","757.72","764.35","757.25","177.71K","1.00%"
"29/08/2017","756.76","759.19","760.44","756.71","230.77K","-0.35%"
"28/08/2017","759.41","754.37","759.41","752.46","212.24K","0.78%"
"25/08/2017","753.54","750.24","753.54","750.10","201.40K","0.40%"
"24/08/2017","750.57","746.92","752.33","745.83","192.05K","0.52%"
"23/08/2017","746.72","743.95","746.72","741.51","137.60K","0.46%"
"22/08/2017","743.28","748.44","748.53","742.06","125.44K","-0.72%"
"21/08/2017","748.69","749.32","750.83","747.82","135.13K","-0.11%"
"18/08/2017","749.55","744.29","750.79","743.68","141.55K","0.16%"
"17/08/2017","748.33","755.26","755.69","748.33","140.79K","-0.92%"
"16/08/2017","755.26","753.14","755.26","749.25","127.63K","0.28%"
"15/08/2017","753.15","758.67","758.87","752.21","121.87K","-0.61%"
"14/08/2017","757.79","751.14","757.79","751.14","132.46K","0.79%"
"11/08/2017","751.87","750.22","753.17","747.03","136.41K","0.07%"
"10/08/2017","751.38","747.04","753.77","747.04","150.54K","0.06%"
"09/08/2017","750.95","764.42","764.42","750.69","254.51K","-2.03%"
"08/08/2017","766.51","773.04","773.06","765.72","181.16K","-0.63%"
"07/08/2017","771.38","770.68","773.84","769.71","180.29K","0.27%"
"04/08/2017","769.28","765.94","769.37","765.94","154.17K","0.45%"
"03/08/2017","765.81","763.28","768.91","763.28","164.30K","0.34%"
"02/08/2017","763.19","761.63","766.18","758.40","167.82K","-0.27%"
"01/08/2017","765.27","764.10","766.74","764.10","176.34K","0.10%"
"31/07/2017","764.52","759.43","764.52","758.44","222.47K","0.60%"
"28/07/2017","759.97","754.14","759.97","753.64","154.20K","0.74%"
"27/07/2017","754.42","755.49","757.82","753.40","170.95K","-0.23%"
"26/07/2017","756.15","748.61","756.15","746.85","171.14K","1.28%"
"25/07/2017","746.59","737.83","746.59","737.83","122.92K","0.99%"
"24/07/2017","739.25","738.69","741.08","734.51","127.65K","-0.14%"
"21/07/2017","740.31","748.05","750.28","740.31","134.07K","-0.96%"
"20/07/2017","747.47","747.49","747.58","743.28","135.89K","-0.19%"
"19/07/2017","748.88","753.53","754.35","748.88","160.01K","-0.15%"
"18/07/2017","749.98","749.58","752.68","744.63","142.29K","-0.70%"
"17/07/2017","755.28","766.45","766.76","751.29","191.80K","-1.54%"
"14/07/2017","767.13","768.97","770.58","766.10","138.29K","-0.09%"
"13/07/2017","767.83","766.63","767.83","763.42","156.94K","0.46%"
"12/07/2017","764.33","762.05","764.90","758.22","136.06K","0.76%"
"11/07/2017","758.53","754.95","758.53","749.23","149.86K","0.44%"
"10/07/2017","755.20","766.26","766.26","753.07","167.66K","-1.41%"
"07/07/2017","766.00","775.17","775.30","766.00","198.61K","-1.00%"
"06/07/2017","773.77","772.82","774.80","772.05","180.87K","0.50%"
"05/07/2017","769.93","768.13","769.93","765.46","158.99K","0.32%"
"04/07/2017","767.47","769.42","770.06","764.53","153.57K","-0.24%"
"03/07/2017","769.34","769.28","772.52","769.28","149.00K","0.03%"
"30/06/2017","769.11","767.76","769.56","767.46","141.89K","0.48%"
"29/06/2017","765.45","763.87","767.22","763.87","151.01K","0.49%"
"28/06/2017","761.68","758.76","761.68","756.25","134.01K","0.32%"
"27/06/2017","759.25","766.24","766.24","758.51","181.76K","-0.79%"
"26/06/2017","765.29","764.49","766.75","763.17","178.98K","0.32%"
"23/06/2017","762.86","760.64","763.23","757.10","174.37K","0.26%"
"22/06/2017","760.88","760.95","763.01","759.71","154.37K","0.04%"
"21/06/2017","760.60","758.85","760.60","751.49","155.09K","0.10%"
"20/06/2017","759.84","760.21","761.59","757.60","135.83K","0.22%"
"19/06/2017","758.20","754.33","758.20","754.21","144.14K","0.96%"
"16/06/2017","750.98","751.36","751.47","749.18","165.84K","0.43%"
"15/06/2017","747.75","747.23","750.20","745.46","138.40K","0.21%"
"14/06/2017","746.22","746.20","748.85","744.95","143.78K","0.28%"
"13/06/2017","744.17","740.51","744.17","738.45","131.09K","0.48%"
"12/06/2017","740.61","743.15","744.58","739.09","134.58K","-0.31%"
"09/06/2017","742.88","742.23","746.11","742.03","137.03K","0.16%"
"08/06/2017","741.72","742.08","743.78","738.41","145.18K","0.04%"
"07/06/2017","741.46","740.22","743.29","739.54","156.81K","0.55%"
"06/06/2017","737.38","729.87","737.38","729.87","144.23K","1.15%"
"05/06/2017","728.97","727.09","731.40","727.09","122.99K","0.34%"
"02/06/2017","726.52","726.82","727.36","723.06","119.50K","0.05%"
"01/06/2017","726.17","720.71","726.17","720.71","108.26K","0.80%"
"31/05/2017","720.42","720.09","725.81","716.98","142.10K","0.14%"
"30/05/2017","719.40","730.20","730.82","719.40","200.15K","-1.45%"
"29/05/2017","729.95","731.42","732.91","729.95","182.99K","0.27%"
"26/05/2017","728.00","725.53","728.00","725.34","138.03K","0.40%"
"25/05/2017","725.13","725.17","729.57","724.38","160.60K","0.02%"
"24/05/2017","724.95","719.07","725.95","719.05","167.49K","1.12%"
"23/05/2017","716.90","719.71","721.36","716.30","230.28K","-0.28%"
"22/05/2017","718.92","717.18","723.56","717.18","198.53K","0.82%"
"19/05/2017","713.07","708.60","713.27","708.12","169.37K","0.77%"
"18/05/2017","707.64","707.00","713.15","706.90","174.16K","-0.27%"
"17/05/2017","709.53","705.92","710.01","703.55","156.07K","0.50%"
"16/05/2017","705.98","709.99","711.45","705.98","229.91K","-0.37%"
"15/05/2017","708.61","703.61","709.54","703.61","190.38K","0.78%"
"12/05/2017","703.11","702.13","704.89","702.13","139.62K","0.20%"
"11/05/2017","701.69","702.49","703.27","700.52","143.80K","0.08%"
"10/05/2017","701.13","700.43","706.02","700.43","170.94K","0.22%"
"09/05/2017","699.57","692.80","699.57","692.80","180.49K","0.97%"
"08/05/2017","692.83","693.28","694.79","691.64","163.22K","-0.03%"
"05/05/2017","693.01","692.39","694.32","692.16","153.35K","0.07%"
"04/05/2017","692.53","690.76","694.93","690.07","167.65K","0.25%"
"03/05/2017","690.77","688.04","690.77","687.08","142.52K","0.54%"
"28/04/2017","687.03","685.03","688.66","683.44","147.61K","-0.02%"
"27/04/2017","687.18","680.19","687.35","680.19","136.57K","1.06%"
"26/04/2017","679.98","675.65","679.98","675.57","108.48K","0.74%"
"25/04/2017","674.99","674.15","676.31","672.67","91.67K","0.22%"
"24/04/2017","673.51","676.81","678.07","673.51","98.30K","-0.62%"
"21/04/2017","677.70","679.32","681.02","676.49","104.36K","-0.08%"
"20/04/2017","678.24","683.97","683.97","678.24","105.90K","-0.66%"
"19/04/2017","682.76","678.21","682.76","678.21","124.13K","0.76%"
"18/04/2017","677.64","672.19","677.64","667.45","132.60K","0.86%"
"17/04/2017","671.87","681.64","684.67","671.87","130.67K","-1.25%"
"14/04/2017","680.37","687.55","687.55","676.46","161.79K","-1.20%"
"13/04/2017","688.63","691.46","693.22","688.63","147.57K","-0.39%"
"12/04/2017","691.36","696.66","697.68","689.43","187.23K","-0.72%"
"11/04/2017","696.36","694.88","697.54","694.88","178.28K","0.23%"
"10/04/2017","694.77","694.81","696.50","694.14","122.21K","0.12%"
"07/04/2017","693.94","686.68","693.96","684.83","170.43K","0.62%"
"05/04/2017","689.68","694.60","695.39","689.62","179.24K","-0.79%"
"04/04/2017","695.17","695.76","697.16","694.44","164.47K","0.24%"
"03/04/2017","693.53","690.70","693.77","690.70","157.55K","0.45%"
"31/03/2017","690.42","691.49","693.44","690.28","169.16K","0.03%"
"30/03/2017","690.22","689.18","693.28","689.18","158.81K","0.42%"
"29/03/2017","687.36","685.65","687.36","683.59","150.66K","0.32%"
"28/03/2017","685.14","689.69","690.65","684.22","169.46K","-0.57%"
"27/03/2017","689.05","688.01","690.41","687.15","186.42K","0.28%"
"24/03/2017","687.12","688.31","691.41","685.70","186.49K","0.18%"
"23/03/2017","685.90","676.84","685.90","676.84","159.21K","1.28%"
"22/03/2017","677.25","680.34","685.55","677.25","236.22K","-0.48%"
"21/03/2017","680.54","679.08","682.04","678.47","186.87K","0.33%"
"20/03/2017","678.33","675.63","680.55","675.63","139.88K","0.93%"
"17/03/2017","672.07","673.36","675.04","672.07","221.05K","0.01%"
"16/03/2017","672.03","667.36","672.03","667.36","146.11K","0.73%"
"15/03/2017","667.19","668.76","669.82","666.76","115.16K","-0.09%"
"14/03/2017","667.81","665.65","669.34","665.61","111.16K","0.38%"
"13/03/2017","665.30","666.07","666.51","662.71","112.96K","-0.09%"
"10/03/2017","665.88","666.78","669.36","665.88","170.33K","-0.09%"
"09/03/2017","666.51","666.16","668.83","665.72","167.03K","0.08%"
"08/03/2017","665.98","663.12","668.19","662.53","143.62K","0.39%"
"07/03/2017","663.38","660.90","663.38","660.36","161.45K","0.31%"
"06/03/2017","661.31","659.08","663.15","659.08","139.87K","0.42%"
"03/03/2017","658.53","656.44","659.21","652.85","142.70K","0.32%"
"02/03/2017","656.43","658.45","661.89","656.43","148.10K","-0.28%"
"01/03/2017","658.27","658.83","660.34","652.43","194.43K","-0.27%"
"28/02/2017","660.03","668.21","669.34","660.03","163.11K","-1.11%"
"27/02/2017","667.41","662.00","667.81","662.00","159.55K","0.51%"
"24/02/2017","664.01","666.71","668.51","663.70","212.87K","-0.42%"
"23/02/2017","666.83","667.47","669.51","661.86","191.47K","-0.09%"
"22/02/2017","667.46","670.53","671.44","665.49","193.36K","-0.33%"
"21/02/2017","669.66","666.26","671.96","666.26","181.16K","0.66%"
"20/02/2017","665.27","659.93","665.79","659.15","165.29K","0.50%"
"17/02/2017","661.94","660.25","661.94","658.09","138.57K","0.17%"
"16/02/2017","660.80","663.50","668.65","660.75","172.63K","-0.22%"
"15/02/2017","662.25","656.55","662.83","656.55","133.99K","0.88%"
"14/02/2017","656.49","657.46","658.45","654.11","150.93K","0.03%"
"13/02/2017","656.31","653.25","656.31","653.01","140.61K","0.68%"
"10/02/2017","651.88","651.32","652.41","650.77","115.03K","0.14%"
"09/02/2017","650.99","649.92","651.59","649.89","121.13K","0.25%"
"08/02/2017","649.36","648.61","649.36","646.91","109.50K","0.27%"
"07/02/2017","647.63","645.54","648.26","645.54","132.19K","0.37%"
"06/02/2017","645.26","644.38","645.26","641.80","104.14K","0.35%"
"03/02/2017","643.00","647.17","648.30","643.00","109.54K","-0.28%"
"02/02/2017","644.82","638.45","644.82","638.45","71.43K","1.09%"
"25/01/2017","637.84","633.75","637.84","633.05","77.04K","0.91%"
"24/01/2017","632.08","628.52","632.81","628.52","82.58K","0.59%"
"23/01/2017","628.39","628.34","630.63","628.34","66.70K","0.10%"
"20/01/2017","627.78","625.45","628.93","625.45","66.01K","0.51%"
"19/01/2017","624.62","625.82","626.74","624.62","59.81K","-0.26%"
"18/01/2017","626.25","629.38","630.53","626.25","72.62K","-0.57%"
"17/01/2017","629.85","627.85","630.06","627.85","84.33K","0.34%"
"16/01/2017","627.71","633.65","634.28","627.60","65.67K","-0.93%"
"13/01/2017","633.62","634.67","636.03","633.62","72.33K","-0.18%"
"12/01/2017","634.74","635.75","636.19","633.95","90.40K","-0.04%"
"11/01/2017","634.98","631.99","634.98","631.90","80.75K","0.52%"
"10/01/2017","631.69","631.26","633.20","631.22","70.74K","0.03%"
"09/01/2017","631.50","630.94","632.74","630.94","79.14K","0.20%"
"06/01/2017","630.25","628.45","633.64","628.34","101.04K","0.21%"
"05/01/2017","628.90","628.47","629.01","626.58","79.36K","0.18%"
"04/01/2017","627.80","626.50","628.91","625.57","81.09K","0.07%"
"03/01/2017","627.36","623.03","627.43","623.03","71.94K","0.67%"
"30/12/2016","623.19","621.52","623.28","621.21","79.23K","0.03%"
"29/12/2016","623.01","622.97","623.55","622.06","87.94K","0.41%"
"28/12/2016","620.46","621.31","622.23","618.88","82.74K","0.09%"
"27/12/2016","619.91","618.23","620.17","618.05","82.93K","0.29%"
"26/12/2016","618.11","620.19","620.41","618.08","60.34K","-0.07%"
"23/12/2016","618.56","616.77","618.56","614.10","63.25K","0.20%"
"22/12/2016","617.35","619.54","620.22","615.91","77.72K","-0.18%"
"21/12/2016","618.48","617.21","619.11","614.08","74.26K","0.27%"
"20/12/2016","616.84","622.76","622.77","616.28","84.77K","-1.06%"
"19/12/2016","623.43","622.44","625.51","622.24","96.85K","0.40%"
"16/12/2016","620.95","613.85","620.95","613.85","140.05K","1.18%"
"15/12/2016","613.70","616.53","616.70","612.50","91.58K","-0.49%"
"14/12/2016","616.71","609.29","616.71","609.29","181.77K","1.23%"
"13/12/2016","609.19","614.13","614.65","608.15","101.40K","-0.94%"
"12/12/2016","614.97","618.81","620.17","614.39","84.80K","-1.18%"
"09/12/2016","622.30","622.72","624.11","620.01","70.99K","0.06%"
"08/12/2016","621.92","621.76","622.70","619.55","81.64K","0.57%"
"07/12/2016","618.37","616.96","618.50","616.35","94.45K","-0.08%"
"06/12/2016","618.87","626.83","627.14","616.75","105.03K","-1.31%"
"05/12/2016","627.06","630.42","631.11","626.09","78.49K","-0.62%"
"02/12/2016","630.99","632.67","633.24","630.21","97.26K","-0.27%"
"01/12/2016","632.72","634.49","636.47","632.72","97.33K","-0.10%"
"30/11/2016","633.33","627.58","634.04","623.89","105.54K","0.92%"
"29/11/2016","627.56","632.39","634.23","626.01","101.30K","-0.66%"
"28/11/2016","631.75","639.90","640.05","629.06","86.75K","-1.65%"
"25/11/2016","642.34","646.92","646.92","640.30","98.07K","-0.57%"
"24/11/2016","645.99","648.20","648.55","644.37","106.55K","-0.12%"
"23/11/2016","646.76","644.62","648.29","644.55","98.22K","0.31%"
"22/11/2016","644.76","641.14","644.76","641.14","98.18K","0.53%"
"21/11/2016","641.38","640.21","641.38","638.48","85.79K","0.40%"
"18/11/2016","638.83","641.24","641.64","636.82","82.46K","-0.37%"
"17/11/2016","641.22","643.22","643.83","639.98","111.11K","-0.29%"
"16/11/2016","643.11","642.51","645.02","642.51","92.02K","0.20%"
"15/11/2016","641.85","642.02","644.38","640.06","98.19K","0.18%"
"14/11/2016","640.67","645.90","647.26","640.67","104.36K","-1.02%"
"11/11/2016","647.27","646.93","648.12","645.13","89.92K","0.04%"
"10/11/2016","647.02","645.33","647.12","644.60","97.20K","1.13%"
"09/11/2016","639.81","645.78","645.78","626.76","122.46K","-0.94%"
"08/11/2016","645.91","645.10","648.15","645.06","71.78K","0.15%"
"07/11/2016","644.92","639.29","644.92","639.22","81.89K","0.94%"
"04/11/2016","638.89","638.34","641.32","638.30","69.32K","-0.01%"
"03/11/2016","638.95","640.50","640.50","635.03","108.87K","-0.52%"
"02/11/2016","642.32","647.83","648.61","642.32","123.36K","-0.99%"
"01/11/2016","648.74","648.28","649.64","646.55","98.17K","-0.08%"
"31/10/2016","649.24","653.20","653.68","649.24","109.65K","-0.67%"
"28/10/2016","653.62","648.48","653.62","648.12","95.22K","0.66%"
"27/10/2016","649.33","646.48","649.33","645.46","76.78K","0.32%"
"26/10/2016","647.26","647.92","649.60","643.81","85.66K","-0.29%"
"25/10/2016","649.13","649.86","651.11","644.35","102.61K","-0.51%"
"24/10/2016","652.46","658.32","658.32","652.24","83.39K","-1.04%"
"21/10/2016","659.31","662.49","663.47","658.17","97.41K","-0.45%"
"20/10/2016","662.29","666.57","666.76","660.80","98.56K","-0.45%"
"19/10/2016","665.26","661.45","666.37","661.45","114.13K","0.71%"
"18/10/2016","660.58","657.57","661.01","656.34","96.38K","0.26%"
"17/10/2016","658.86","664.05","664.79","658.86","100.97K","-0.77%"
"14/10/2016","663.97","663.18","667.41","663.18","129.71K","0.02%"
"13/10/2016","663.82","658.30","663.82","656.95","110.84K","0.68%"
"12/10/2016","659.34","659.86","662.41","658.41","98.20K","0.01%"
"11/10/2016","659.25","655.37","659.25","647.55","117.68K","0.77%"
"10/10/2016","654.22","663.09","664.07","654.22","111.10K","-1.34%"
"07/10/2016","663.12","668.19","669.69","658.90","124.82K","-0.59%"
"06/10/2016","667.05","668.51","670.39","667.05","136.91K","-0.05%"
"05/10/2016","667.38","666.87","669.46","665.98","102.65K","0.26%"
"04/10/2016","665.65","666.85","669.69","661.60","106.83K","-0.24%"
"03/10/2016","667.23","671.76","673.45","665.93","104.75K","-0.63%"
"30/09/2016","671.46","672.78","673.23","668.41","98.54K","-0.32%"
"29/09/2016","673.59","674.56","676.49","671.51","104.96K","0.15%"
"28/09/2016","672.58","673.54","675.37","670.43","106.81K","-0.26%"
"27/09/2016","674.33","668.40","674.33","668.05","110.24K","0.79%"
"26/09/2016","669.02","665.80","669.41","664.79","88.10K","0.35%"
"23/09/2016","666.70","665.01","666.70","664.08","95.59K","0.28%"
"22/09/2016","664.87","661.99","667.46","661.99","104.23K","0.72%"
"21/09/2016","660.11","656.95","660.51","656.36","130.61K","0.56%"
"20/09/2016","656.44","652.51","656.44","648.74","95.71K","0.64%"
"19/09/2016","652.28","650.59","653.46","649.03","100.96K","0.93%"
"16/09/2016","646.24","647.00","650.55","646.24","178.52K","-0.51%"
"15/09/2016","649.54","648.65","652.33","647.55","98.04K","0.07%"
"14/09/2016","649.08","652.94","654.10","649.08","89.51K","-0.67%"
"13/09/2016","653.46","652.51","655.54","649.27","75.94K","-0.04%"
"12/09/2016","653.74","660.42","660.57","650.01","82.24K","-1.11%"
"09/09/2016","661.05","663.09","664.42","660.41","91.51K","0.03%"
"08/09/2016","660.84","656.41","662.54","656.28","106.86K","0.66%"
"07/09/2016","656.53","656.93","657.31","650.10","84.66K","-0.15%"
"06/09/2016","657.51","657.45","659.79","656.89","84.00K","0.14%"
"05/09/2016","656.56","660.55","661.08","653.68","99.02K","-0.50%"
"01/09/2016","659.89","663.77","663.77","656.31","83.25K","-0.54%"
"31/08/2016","663.44","660.30","664.36","659.56","89.59K","0.65%"
"30/08/2016","659.14","654.06","659.14","653.70","81.79K","0.66%"
"29/08/2016","654.82","658.52","663.31","654.82","103.00K","-0.26%"
"26/08/2016","656.53","653.33","658.34","653.33","105.70K","0.81%"
"25/08/2016","651.26","651.02","652.27","648.83","92.90K","-0.16%"
"24/08/2016","652.28","652.95","657.06","652.16","91.79K","0.00%"
"23/08/2016","652.31","645.11","652.31","644.32","87.20K","0.63%"
"22/08/2016","648.21","654.01","654.78","648.21","94.20K","-0.96%"
"19/08/2016","654.52","658.03","659.37","653.74","98.73K","-0.06%"
"18/08/2016","654.93","656.30","657.88","649.73","116.57K","0.19%"
"17/08/2016","653.69","650.59","653.69","648.39","108.04K","0.67%"
"16/08/2016","649.36","648.87","651.94","647.82","122.61K","0.23%"
"15/08/2016","647.86","642.64","647.86","641.83","111.80K","0.66%"
"12/08/2016","643.60","652.43","654.20","641.51","114.32K","-0.63%"
"11/08/2016","647.67","638.45","647.67","638.22","129.42K","1.62%"
"10/08/2016","637.32","625.38","637.32","625.38","103.58K","1.91%"
"09/08/2016","625.39","617.93","625.39","617.93","83.10K","1.12%"
"08/08/2016","618.48","617.77","620.43","613.04","81.23K","-0.02%"
"05/08/2016","618.58","619.63","620.10","613.21","116.15K","-0.61%"
"04/08/2016","622.36","626.64","632.01","622.36","100.82K","-0.61%"
"03/08/2016","626.15","627.26","628.58","623.47","85.05K","-0.62%"
"02/08/2016","630.03","637.63","637.63","627.86","132.37K","-1.97%"
"01/08/2016","642.71","649.29","649.29","640.89","86.78K","-0.77%"
"29/07/2016","647.72","651.83","652.69","647.34","109.62K","-0.71%"
"28/07/2016","652.35","648.77","652.35","646.02","112.64K","0.60%"
"27/07/2016","648.47","643.55","648.87","643.42","107.19K","0.78%"
"26/07/2016","643.42","641.90","644.62","636.90","91.48K","0.28%"
"25/07/2016","641.63","644.52","645.48","639.99","82.91K","-0.15%"
"22/07/2016","642.57","647.97","648.12","634.03","127.56K","-1.14%"
"21/07/2016","649.95","654.34","656.70","649.07","93.63K","-0.42%"
"20/07/2016","652.70","660.55","660.55","652.70","111.87K","-1.23%"
"19/07/2016","660.82","670.44","670.74","654.80","112.05K","-1.10%"
"18/07/2016","668.14","660.21","668.14","659.28","107.65K","1.19%"
"15/07/2016","660.28","661.73","663.61","655.44","103.76K","0.04%"
"14/07/2016","660.04","666.82","672.82","660.04","135.59K","-1.02%"
"13/07/2016","666.84","658.00","667.98","658.00","118.96K","1.87%"
"12/07/2016","654.63","650.51","654.63","645.84","137.38K","0.74%"
"11/07/2016","649.84","659.02","662.67","647.61","127.21K","-1.32%"
"08/07/2016","658.50","659.68","663.78","655.63","117.37K","-0.10%"
"07/07/2016","659.13","652.29","659.80","652.29","117.98K","1.62%"
"06/07/2016","648.65","644.01","649.91","641.21","103.26K","0.25%"
"05/07/2016","647.05","648.56","652.06","645.32","121.59K","0.28%"
"04/07/2016","645.23","641.30","645.64","640.87","112.67K","1.07%"
"01/07/2016","638.39","634.97","641.93","634.97","97.91K","0.82%"
"30/06/2016","633.18","634.59","638.00","632.83","89.54K","0.23%"
"29/06/2016","631.75","624.42","631.99","624.42","102.41K","1.31%"
"28/06/2016","623.56","620.84","625.49","620.46","70.26K","0.12%"
"27/06/2016","622.83","619.68","622.83","610.94","92.57K","0.08%"
"24/06/2016","622.35","632.65","632.65","599.18","232.69K","-1.74%"
"23/06/2016","633.36","629.19","634.23","629.19","98.10K","0.72%"
"22/06/2016","628.83","629.71","631.87","628.50","84.55K","-0.16%"
"21/06/2016","629.83","629.91","632.96","629.83","98.10K","0.44%"
"20/06/2016","627.09","618.86","627.17","618.86","86.82K","1.42%"
"17/06/2016","618.32","622.58","623.86","617.81","134.78K","-0.91%"
"16/06/2016","624.00","625.30","627.67","624.00","103.62K","-0.04%"
"15/06/2016","624.27","623.18","624.90","620.61","94.48K","0.16%"
"14/06/2016","623.28","618.03","623.28","616.38","82.31K","0.61%"
"13/06/2016","619.51","623.84","624.05","618.05","99.21K","-1.05%"
"10/06/2016","626.11","626.41","629.36","624.80","113.53K","-0.04%"
"09/06/2016","626.39","625.46","626.84","623.27","102.99K","0.18%"
"08/06/2016","625.29","620.95","627.94","620.95","112.41K","0.80%"
"07/06/2016","620.34","615.84","620.34","615.52","94.14K","0.95%"
"06/06/2016","614.53","616.69","618.21","612.33","99.07K","-0.35%"
"03/06/2016","616.66","616.79","617.95","615.03","104.11K","0.09%"
"02/06/2016","616.09","613.42","617.00","612.74","106.66K","0.42%"
"01/06/2016","613.50","611.65","613.82","610.45","88.31K","0.32%"
"31/05/2016","611.56","612.15","614.51","610.69","94.64K","0.21%"
"30/05/2016","610.30","606.62","610.49","606.16","93.59K","0.85%"
"27/05/2016","605.14","601.08","606.28","600.72","76.88K","0.59%"
"26/05/2016","601.59","607.33","609.15","601.58","84.27K","-0.92%"
"25/05/2016","607.17","608.50","611.27","607.17","87.34K","-0.17%"
"24/05/2016","608.23","609.43","609.89","605.79","84.35K","0.15%"
"23/05/2016","607.30","608.91","609.60","605.64","67.74K","-0.09%"
"20/05/2016","607.87","611.35","613.09","607.51","76.76K","-0.50%"
"19/05/2016","610.95","612.92","614.23","609.68","99.49K","-0.27%"
"18/05/2016","612.63","614.69","615.86","612.19","98.71K","-0.04%"
"17/05/2016","612.85","610.13","614.39","608.67","104.92K","0.93%"
"16/05/2016","607.23","604.55","607.87","602.42","80.75K","0.64%"
"13/05/2016","603.39","605.74","607.75","602.41","95.79K","-0.32%"
"12/05/2016","605.32","606.91","608.21","605.32","76.52K","-0.01%"
"11/05/2016","605.41","600.09","605.72","599.01","93.69K","1.19%"
"10/05/2016","598.27","596.63","598.76","593.04","96.40K","-0.12%"
"09/05/2016","598.97","603.86","605.32","598.97","92.70K","-0.46%"
"06/05/2016","601.73","600.73","604.07","600.71","97.43K","0.17%"
"05/05/2016","600.73","600.68","604.57","600.58","104.10K","0.31%"
"04/05/2016","598.90","596.63","602.51","594.00","115.18K","0.25%"
"29/04/2016","597.38","592.13","598.31","591.85","97.06K","0.89%"
"28/04/2016","592.10","594.84","596.29","590.09","80.24K","-0.38%"
"27/04/2016","594.36","599.66","599.66","590.89","120.76K","-0.52%"
"26/04/2016","597.46","591.50","597.46","591.50","121.27K","0.92%"
"25/04/2016","591.99","597.05","599.77","591.99","115.77K","-0.15%"
"22/04/2016","592.88","581.89","592.88","581.46","115.29K","1.88%"
"21/04/2016","581.96","578.64","583.52","578.33","87.03K","1.01%"
"20/04/2016","576.12","576.59","579.40","573.01","99.91K","0.01%"
"19/04/2016","576.08","585.78","585.78","576.08","110.96K","-1.74%"
"15/04/2016","586.28","588.05","593.41","586.28","104.38K","-0.23%"
"14/04/2016","587.63","584.11","592.97","584.11","105.93K","0.28%"
"13/04/2016","586.00","588.53","589.99","583.50","114.87K","-0.32%"
"12/04/2016","587.88","589.07","590.83","585.47","121.99K","0.24%"
"11/04/2016","586.45","580.06","588.23","580.00","115.63K","1.43%"
"08/04/2016","578.18","576.08","579.67","574.94","99.82K","0.27%"
"07/04/2016","576.61","574.55","577.31","572.90","105.18K","0.55%"
"06/04/2016","573.47","569.00","573.47","567.78","84.98K","0.91%"
"05/04/2016","568.28","564.13","568.51","563.60","96.80K","0.68%"
"04/04/2016","564.43","566.52","569.24","562.87","95.36K","-0.42%"
"01/04/2016","566.81","569.48","570.77","566.19","100.42K","-0.66%"
"31/03/2016","570.55","574.90","577.99","570.55","128.98K","-0.97%"
"30/03/2016","576.14","572.49","578.03","571.31","108.60K","0.41%"
"29/03/2016","573.81","580.16","580.50","573.81","117.82K","-0.98%"
"28/03/2016","579.47","575.07","579.47","574.98","99.77K","0.83%"
"25/03/2016","574.69","573.54","576.07","568.88","118.20K","0.06%"
"24/03/2016","574.36","575.93","580.00","574.36","125.50K","-0.30%"
"23/03/2016","576.10","572.24","576.31","571.98","118.82K","0.65%"
"22/03/2016","572.40","574.16","574.53","569.71","106.85K","-0.32%"
"21/03/2016","574.22","577.33","581.14","574.22","127.42K","-0.42%"
"18/03/2016","576.67","580.68","581.62","576.67","155.95K","-0.59%"
"17/03/2016","580.08","581.13","583.45","580.05","120.96K","0.54%"
"16/03/2016","576.97","575.71","577.88","574.79","116.58K","0.14%"
"15/03/2016","576.16","579.52","580.94","574.73","111.30K","-0.68%"
"14/03/2016","580.09","579.84","580.57","577.81","106.31K","0.34%"
"11/03/2016","578.14","577.64","581.74","576.48","112.13K","0.05%"
"10/03/2016","577.83","575.40","577.83","573.95","98.06K","0.64%"
"09/03/2016","574.17","574.65","577.14","573.61","101.49K","-0.10%"
"08/03/2016","574.77","574.70","577.21","573.88","125.71K","0.00%"
"07/03/2016","574.78","575.35","579.40","574.78","132.76K","0.04%"
"04/03/2016","574.55","571.30","576.29","569.87","109.82K","0.52%"
"03/03/2016","571.57","574.28","574.60","570.83","103.00K","-0.12%"
"02/03/2016","572.24","568.37","572.24","566.90","125.44K","1.03%"
"01/03/2016","566.38","564.66","568.50","564.66","98.84K","0.36%"
"29/02/2016","564.34","569.47","570.02","564.34","99.07K","-0.89%"
"26/02/2016","569.39","566.31","569.54","565.22","83.92K","0.65%"
"25/02/2016","565.70","571.96","574.40","565.70","104.60K","-0.88%"
"24/02/2016","570.72","565.43","572.88","564.44","116.71K","0.59%"
"23/02/2016","567.40","571.37","572.32","566.79","136.58K","-0.05%"
"22/02/2016","567.70","561.83","568.90","561.83","131.50K","1.11%"
"19/02/2016","561.46","561.14","562.80","559.54","123.33K","0.06%"
"18/02/2016","561.10","559.20","562.98","557.92","92.63K","0.82%"
"17/02/2016","556.54","560.26","561.46","556.54","96.44K","-0.03%"
"16/02/2016","556.68","554.58","557.77","554.58","90.99K","0.79%"
"15/02/2016","552.34","550.97","553.25","547.88","57.98K","-0.44%"
"05/02/2016","554.80","550.51","555.48","550.51","53.69K","0.60%"
"04/02/2016","551.47","550.04","553.14","549.74","52.50K","0.76%"
"03/02/2016","547.31","543.14","547.31","540.48","66.06K","0.29%"
"02/02/2016","545.73","546.02","550.03","544.50","71.93K","-0.44%"
"01/02/2016","548.12","551.62","554.64","548.12","83.54K","-0.56%"
"29/01/2016","551.21","547.63","552.04","545.50","89.97K","0.72%"
"28/01/2016","547.29","548.48","551.55","546.69","98.37K","-0.37%"
"27/01/2016","549.32","548.27","550.99","547.22","96.80K","0.77%"
"26/01/2016","545.12","544.70","549.92","541.58","113.28K","-1.29%"
"25/01/2016","552.24","539.62","552.24","539.62","126.02K","3.51%"
"22/01/2016","533.49","534.62","535.55","525.94","130.42K","0.25%"
"21/01/2016","532.17","534.62","540.00","531.29","116.62K","-0.88%"
"20/01/2016","536.90","538.94","543.21","536.42","95.82K","-0.92%"
"19/01/2016","541.86","533.53","541.86","533.53","93.38K","1.54%"
"18/01/2016","533.64","536.40","536.40","524.67","136.75K","-2.37%"
"15/01/2016","546.57","558.37","560.17","546.57","102.46K","-1.90%"
"14/01/2016","557.15","558.80","560.50","553.95","112.78K","-1.37%"
"13/01/2016","564.90","568.93","569.77","563.86","104.47K","-0.56%"
"12/01/2016","568.09","560.13","568.09","560.06","91.08K","1.43%"
"11/01/2016","560.07","561.58","564.83","559.34","86.51K","-0.51%"
"08/01/2016","562.96","565.80","566.33","559.39","118.64K","-1.06%"
"07/01/2016","569.00","575.31","575.31","563.85","120.28K","-1.20%"
"06/01/2016","575.94","569.88","575.94","569.88","73.68K","0.91%"
"05/01/2016","570.72","573.16","575.51","569.65","82.04K","-0.88%"
"04/01/2016","575.79","578.15","579.69","574.14","80.94K","-0.72%"
"31/12/2015","579.94","577.92","579.94","574.95","90.06K","0.23%"
"30/12/2015","578.61","574.24","578.61","572.86","69.74K","0.78%"
"29/12/2015","574.11","568.36","574.11","565.32","81.32K","0.91%"
"28/12/2015","568.93","568.77","571.16","568.51","82.02K","0.62%"
"25/12/2015","565.43","564.20","567.21","563.97","62.59K","0.34%"
"24/12/2015","563.52","562.13","564.15","561.94","54.13K","0.31%"
"23/12/2015","561.78","562.11","564.82","559.02","59.06K","-0.27%"
"22/12/2015","563.30","565.01","566.97","562.19","63.36K","-0.22%"
"21/12/2015","564.55","568.02","568.50","562.94","82.39K","-0.28%"
"18/12/2015","566.12","571.36","572.82","566.12","163.50K","-1.02%"
"17/12/2015","571.93","572.29","574.43","569.78","69.16K","0.50%"
"16/12/2015","569.10","567.77","572.33","567.77","81.74K","0.50%"
"15/12/2015","566.27","564.15","567.38","564.15","88.90K","0.54%"
"14/12/2015","563.22","564.53","565.59","561.34","77.86K","0.16%"
"11/12/2015","562.32","557.86","564.16","557.02","68.13K","0.81%"
"10/12/2015","557.80","561.44","563.59","557.80","78.11K","-0.59%"
"09/12/2015","561.11","569.45","571.97","561.11","76.08K","-1.53%"
"08/12/2015","569.82","561.08","569.82","556.17","84.56K","1.43%"
"07/12/2015","561.76","566.97","567.10","561.41","61.35K","-1.00%"
"04/12/2015","567.42","569.10","569.19","563.25","67.15K","-0.30%"
"03/12/2015","569.15","568.04","571.26","567.96","59.69K","0.09%"
"02/12/2015","568.63","564.22","570.18","564.22","79.75K","0.82%"
"01/12/2015","563.98","565.89","569.09","563.98","83.90K","-0.30%"
"30/11/2015","565.68","571.62","571.73","563.80","95.78K","-1.22%"
"27/11/2015","572.66","578.71","580.84","572.66","109.49K","-1.21%"
"26/11/2015","579.65","583.22","584.50","579.65","115.52K","-0.70%"
"25/11/2015","583.72","580.95","584.48","576.05","124.74K","0.36%"
"24/11/2015","581.63","587.53","587.53","578.09","128.80K","-0.94%"
"23/11/2015","587.16","589.84","594.31","587.16","110.24K","-0.42%"
"20/11/2015","589.65","586.94","591.84","586.48","112.72K","0.44%"
"19/11/2015","587.05","589.84","591.16","586.50","93.84K","-0.26%"
"18/11/2015","588.59","588.36","591.73","586.98","86.47K","-0.24%"
"17/11/2015","589.99","593.10","594.91","589.48","136.94K","-0.61%"
"16/11/2015","593.59","594.01","596.10","589.79","98.17K","-0.28%"
"13/11/2015","595.27","587.09","595.27","587.09","107.95K","1.33%"
"12/11/2015","587.46","584.35","587.46","577.49","104.70K","0.45%"
"11/11/2015","584.80","585.49","590.22","584.70","71.48K","-0.25%"
"10/11/2015","586.28","589.58","590.09","585.18","91.13K","-0.60%"
"09/11/2015","589.83","592.61","592.81","589.67","96.34K","-0.35%"
"06/11/2015","591.92","595.20","598.29","589.22","85.45K","-0.47%"
"05/11/2015","594.69","589.81","595.67","589.80","78.71K","0.67%"
"04/11/2015","590.72","595.30","598.53","590.72","82.98K","-0.36%"
"03/11/2015","592.87","583.80","592.87","581.34","86.62K","1.59%"
"02/11/2015","583.61","590.68","592.29","583.33","83.64K","-1.11%"
"30/10/2015","590.18","589.71","591.51","587.25","69.10K","0.15%"
"29/10/2015","589.32","582.26","589.32","582.26","87.68K","1.37%"
"28/10/2015","581.33","582.72","585.39","580.99","96.82K","-0.09%"
"27/10/2015","581.87","580.73","583.58","579.01","79.20K","0.04%"
"26/10/2015","581.62","587.57","590.21","581.62","80.01K","-0.56%"
"23/10/2015","584.88","582.75","586.05","582.29","84.27K","0.88%"
"22/10/2015","579.79","574.01","580.26","574.01","80.13K","0.94%"
"21/10/2015","574.38","575.53","578.42","573.98","82.69K","-0.15%"
"20/10/2015","575.25","580.26","580.90","573.27","107.06K","-0.75%"
"19/10/2015","579.60","578.16","582.34","576.16","88.54K","0.43%"
"16/10/2015","577.13","576.60","582.14","576.60","110.06K","0.34%"
"15/10/2015","575.16","575.62","576.96","573.55","93.73K","0.18%"
"14/10/2015","574.12","576.13","578.23","573.97","91.42K","0.20%"
"13/10/2015","572.96","572.73","573.79","570.86","91.41K","-0.14%"
"12/10/2015","573.79","571.83","576.59","571.15","101.24K","0.37%"
"09/10/2015","571.65","574.81","576.52","571.65","134.57K","-0.02%"
"08/10/2015","571.78","565.39","572.68","564.93","130.51K","1.13%"
"07/10/2015","565.41","569.10","571.36","565.21","114.27K","-0.34%"
"06/10/2015","567.33","564.72","567.33","561.42","135.06K","1.74%"
"05/10/2015","557.60","552.60","557.60","551.75","76.70K","1.24%"
"02/10/2015","550.75","551.32","553.01","550.09","54.54K","-0.07%"
"01/10/2015","551.13","550.40","552.38","550.27","50.59K","0.28%"
"30/09/2015","549.60","548.82","552.04","548.82","55.24K","0.33%"
"29/09/2015","547.77","547.07","548.23","544.43","69.97K","-0.61%"
"28/09/2015","551.14","556.04","556.94","551.14","62.63K","-0.76%"
"25/09/2015","555.37","554.92","556.69","551.99","56.08K","0.03%"
"24/09/2015","555.23","556.47","558.91","555.23","82.67K","-0.19%"
"23/09/2015","556.31","555.46","557.74","553.63","72.91K","-0.15%"
"22/09/2015","557.17","556.21","557.73","553.98","82.20K","0.38%"
"21/09/2015","555.06","549.09","555.06","549.09","75.53K","1.19%"
"18/09/2015","548.54","545.34","551.07","545.34","120.71K","0.92%"
"17/09/2015","543.56","543.96","546.30","543.56","53.91K","0.06%"
"16/09/2015","543.21","540.14","543.78","540.13","53.82K","0.71%"
"15/09/2015","539.36","541.56","542.32","538.53","58.72K","-0.62%"
"14/09/2015","542.74","548.57","550.63","541.45","58.74K","-1.15%"
"11/09/2015","549.04","553.68","554.48","548.61","70.40K","-0.77%"
"10/09/2015","553.29","549.57","554.99","548.65","53.95K","0.13%"
"09/09/2015","552.57","550.22","553.82","550.22","69.57K","0.66%"
"08/09/2015","548.93","540.91","548.98","540.91","75.81K","1.33%"
"07/09/2015","541.74","545.10","547.55","541.19","52.67K","-0.83%"
"04/09/2015","546.28","543.88","546.29","543.35","54.63K","0.59%"
"03/09/2015","543.08","547.50","547.91","540.47","77.56K","-1.15%"
"01/09/2015","549.41","551.32","555.29","548.77","69.19K","-0.34%"
"31/08/2015","551.27","559.25","559.25","550.59","83.05K","-1.51%"
"28/08/2015","559.72","550.70","559.72","547.79","130.09K","2.21%"
"27/08/2015","547.60","545.86","548.92","545.20","96.18K","1.09%"
"26/08/2015","541.69","529.32","543.24","529.32","103.85K","2.33%"
"25/08/2015","529.36","514.59","534.65","514.59","135.10K","0.23%"
"24/08/2015","528.16","548.40","548.40","522.37","146.71K","-4.75%"
"21/08/2015","554.51","556.57","557.19","540.75","158.84K","-1.56%"
"20/08/2015","563.28","570.04","572.39","561.98","84.87K","-1.48%"
"19/08/2015","571.72","572.85","573.70","564.81","83.83K","-0.49%"
"18/08/2015","574.52","570.48","574.52","569.17","76.91K","0.54%"
"17/08/2015","571.45","580.52","582.08","569.22","90.42K","-1.50%"
"14/08/2015","580.18","581.04","585.49","577.00","76.41K","-0.36%"
"13/08/2015","582.26","589.40","589.40","578.61","104.79K","-1.34%"
"12/08/2015","590.18","595.44","596.56","588.12","98.55K","-1.34%"
"11/08/2015","598.21","601.21","602.58","597.58","88.76K","-0.75%"
"10/08/2015","602.75","592.73","602.75","592.73","75.30K","1.65%"
"07/08/2015","592.99","590.21","592.99","587.54","64.09K","0.70%"
"06/08/2015","588.86","593.67","594.33","588.36","95.93K","-0.73%"
"05/08/2015","593.20","586.96","593.20","586.96","82.09K","1.23%"
"04/08/2015","585.99","590.30","591.03","585.84","68.79K","-0.72%"
"03/08/2015","590.23","594.63","594.63","586.83","107.70K","-1.47%"
"31/07/2015","599.06","603.58","605.03","599.06","88.11K","-0.58%"
"30/07/2015","602.53","602.01","603.31","599.65","87.15K","0.12%"
"29/07/2015","601.81","608.59","610.48","601.81","97.72K","-1.10%"
"28/07/2015","608.52","614.32","615.75","608.52","126.75K","-0.83%"
"27/07/2015","613.62","607.87","614.41","607.40","105.83K","1.06%"
"24/07/2015","607.18","606.38","608.97","603.09","96.59K","0.42%"
"23/07/2015","604.67","605.67","610.58","604.67","101.48K","0.07%"
"22/07/2015","604.25","592.55","604.28","591.89","96.45K","1.80%"
"21/07/2015","593.56","595.36","598.55","590.46","80.06K","-0.34%"
"20/07/2015","595.57","597.21","597.48","591.96","82.56K","-0.86%"
"17/07/2015","600.76","598.69","602.26","598.47","84.60K","0.37%"
"16/07/2015","598.57","598.46","601.84","594.86","100.37K","-0.58%"
"15/07/2015","602.07","608.53","610.26","602.07","116.70K","-0.95%"
"14/07/2015","607.85","604.67","608.05","600.76","133.58K","0.82%"
"13/07/2015","602.88","601.22","605.06","599.05","120.63K","0.81%"
"10/07/2015","598.06","598.46","600.48","596.55","138.48K","0.45%"
"09/07/2015","595.36","589.99","597.20","587.53","115.48K","0.04%"
"08/07/2015","595.15","600.23","602.96","590.55","166.87K","-0.84%"
"07/07/2015","600.18","595.98","601.87","593.81","153.05K","0.50%"
"06/07/2015","597.20","591.78","597.20","591.31","142.01K","1.39%"
"03/07/2015","589.02","585.58","589.02","585.58","140.51K","0.96%"
"02/07/2015","583.44","574.41","583.45","573.96","104.42K","1.46%"
"01/07/2015","575.03","576.31","577.18","570.84","100.86K","-0.06%"
"30/06/2015","575.39","571.72","579.37","571.72","123.36K","0.06%"
"29/06/2015","575.04","567.17","575.04","567.17","94.74K","1.32%"
"26/06/2015","567.55","566.48","574.77","566.48","128.07K","-0.18%"
"25/06/2015","568.59","569.40","570.26","566.22","96.22K","-0.22%"
"24/06/2015","569.86","571.34","573.09","569.25","105.04K","-0.48%"
"23/06/2015","572.61","572.10","574.26","570.80","90.95K","-0.05%"
"22/06/2015","572.89","568.31","573.23","568.06","133.46K","1.39%"
"19/06/2015","565.05","565.54","568.27","563.43","173.35K","0.40%"
"18/06/2015","562.78","561.36","564.61","561.33","81.25K","0.24%"
"17/06/2015","561.43","562.63","565.74","558.79","108.55K","-0.37%"
"16/06/2015","563.51","568.37","569.97","563.51","140.34K","-0.67%"
"15/06/2015","567.29","567.49","569.38","564.89","137.23K","0.08%"
"12/06/2015","566.85","565.09","567.15","562.51","142.89K","0.43%"
"11/06/2015","564.40","561.26","565.27","560.31","148.40K","0.98%"
"10/06/2015","558.92","558.64","560.76","555.10","114.90K","0.10%"
"09/06/2015","558.37","560.12","564.30","557.11","133.33K","-0.50%"
"08/06/2015","561.17","559.10","565.23","559.10","168.48K","0.45%"
"05/06/2015","558.67","554.89","560.16","553.17","131.64K","0.86%"
"04/06/2015","553.90","552.76","556.24","552.68","92.37K","0.44%"
"03/06/2015","551.45","551.73","555.49","550.91","112.77K","-0.24%"
"02/06/2015","552.75","557.53","560.52","552.75","110.41K","-0.92%"
"01/06/2015","557.87","555.88","561.36","555.56","103.16K","0.54%"
"29/05/2015","554.88","558.59","561.75","554.08","119.51K","-0.56%"
"28/05/2015","557.99","552.38","562.05","551.59","132.47K","0.95%"
"27/05/2015","552.76","551.25","554.51","550.42","99.83K","-0.07%"
"26/05/2015","553.15","551.41","555.60","550.52","121.78K","0.37%"
"25/05/2015","551.12","547.87","551.43","545.93","96.41K","0.41%"
"22/05/2015","548.85","541.92","548.85","539.55","101.03K","1.19%"
"21/05/2015","542.37","538.98","542.37","536.35","96.56K","0.89%"
"20/05/2015","537.61","524.62","538.03","524.62","116.44K","2.52%"
"19/05/2015","524.37","519.89","524.71","519.89","75.73K","0.82%"
"18/05/2015","520.13","527.42","527.94","519.91","92.86K","-1.60%"
"15/05/2015","528.61","535.34","536.03","528.61","64.44K","-1.30%"
"14/05/2015","535.59","533.83","535.80","533.02","55.07K","0.25%"
"13/05/2015","534.27","535.99","537.48","530.55","68.82K","-0.21%"
"12/05/2015","535.39","542.89","542.93","533.94","66.57K","-1.29%"
"11/05/2015","542.40","545.63","547.22","542.05","84.72K","-0.56%"
"08/05/2015","545.45","544.00","547.34","543.58","65.55K","0.17%"
"07/05/2015","544.51","539.77","545.54","539.00","59.47K","0.72%"
"06/05/2015","540.62","546.21","546.66","540.11","74.05K","-1.08%"
"05/05/2015","546.54","539.86","546.54","534.99","92.28K","1.13%"
"04/05/2015","540.42","553.42","556.66","539.44","102.32K","-2.84%"
"27/04/2015","556.19","561.00","561.41","556.19","48.34K","-0.44%"
"24/04/2015","558.63","557.27","559.60","556.43","49.45K","0.42%"
"23/04/2015","556.27","557.89","559.71","553.13","65.10K","-0.26%"
"22/04/2015","557.74","558.15","560.10","557.29","80.21K","0.04%"
"21/04/2015","557.51","558.83","561.17","557.51","74.01K","-0.34%"
"20/04/2015","559.41","562.32","562.62","557.11","59.34K","-0.47%"
"17/04/2015","562.05","559.69","564.84","559.69","94.70K","0.49%"
"16/04/2015","559.30","558.44","561.03","558.11","83.04K","0.56%"
"15/04/2015","556.16","553.56","557.23","552.69","67.43K","0.53%"
"14/04/2015","553.21","555.34","557.51","553.10","52.54K","-0.49%"
"13/04/2015","555.96","554.55","556.43","552.98","61.80K","0.73%"
"10/04/2015","551.94","549.10","554.84","549.10","82.51K","0.67%"
"09/04/2015","548.25","545.17","550.26","544.96","72.90K","0.53%"
"08/04/2015","545.35","546.57","547.93","544.03","63.16K","-0.07%"
"07/04/2015","545.75","540.68","545.75","538.89","80.30K","0.89%"
"06/04/2015","540.95","545.38","546.52","540.95","45.95K","-0.75%"
"03/04/2015","545.04","545.07","547.04","542.08","60.78K","0.24%"
"02/04/2015","543.73","538.60","543.91","535.64","77.01K","1.15%"
"01/04/2015","537.57","547.42","547.87","536.22","99.06K","-1.81%"
"31/03/2015","547.46","543.12","548.67","543.12","70.28K","0.76%"
"30/03/2015","543.33","548.84","550.59","542.41","79.65K","-1.01%"
"27/03/2015","548.90","554.09","555.51","546.55","77.88K","-0.66%"
"26/03/2015","552.53","552.17","554.83","550.57","70.21K","-0.31%"
"25/03/2015","554.27","556.96","557.52","553.29","75.62K","-0.42%"
"24/03/2015","556.63","558.67","558.67","553.32","76.47K","-0.63%"
"23/03/2015","560.15","565.31","567.64","559.81","85.20K","-0.83%"
"20/03/2015","564.86","562.03","565.96","561.54","138.65K","0.37%"
"19/03/2015","562.75","566.94","568.12","562.66","75.33K","-0.78%"
"18/03/2015","567.19","569.30","570.05","566.53","78.67K","-0.48%"
"17/03/2015","569.92","568.48","571.18","568.48","81.74K","0.05%"
"16/03/2015","569.63","571.96","573.60","568.58","91.42K","-0.78%"
"13/03/2015","574.08","576.26","578.56","574.08","82.90K","-0.37%"
"12/03/2015","576.23","575.35","577.85","573.88","73.62K","0.14%"
"11/03/2015","575.43","577.69","579.06","575.43","72.10K","-0.35%"
"10/03/2015","577.45","575.71","578.82","575.66","86.22K","0.06%"
"09/03/2015","577.12","580.30","583.17","576.11","85.35K","-0.47%"
"06/03/2015","579.85","580.62","584.16","579.42","88.27K","-0.24%"
"05/03/2015","581.25","583.93","584.92","580.51","112.85K","-0.47%"
"04/03/2015","584.01","582.51","584.16","580.31","104.28K","0.49%"
"03/03/2015","581.16","573.63","581.30","573.63","99.37K","1.35%"
"02/03/2015","573.42","575.37","576.69","571.92","68.13K","-0.26%"
"27/02/2015","574.91","579.89","579.89","574.55","69.45K","-0.61%"
"26/02/2015","578.42","575.97","578.62","573.93","78.75K","0.58%"
"25/02/2015","575.10","577.87","581.42","574.53","85.42K","-0.55%"
"24/02/2015","578.29","574.04","578.29","574.04","55.70K","0.95%"
"13/02/2015","572.87","570.97","573.67","570.59","65.27K","0.54%"
"12/02/2015","569.78","565.98","570.74","565.98","72.46K","0.84%"
"11/02/2015","565.04","556.40","565.04","556.10","64.45K","1.69%"
"10/02/2015","555.66","555.46","558.68","555.25","50.32K","0.06%"
"09/02/2015","555.35","556.63","558.98","555.35","55.41K","-0.25%"
"06/02/2015","556.74","553.08","557.17","553.08","52.96K","0.79%"
"05/02/2015","552.36","549.17","554.02","549.17","64.80K","0.51%"
"04/02/2015","549.54","546.01","549.54","542.63","82.80K","0.55%"
"03/02/2015","546.54","560.26","560.98","546.54","84.50K","-2.20%"
"02/02/2015","558.86","565.06","568.14","558.86","61.62K","-1.20%"
"30/01/2015","565.66","571.71","572.11","563.53","87.81K","-1.12%"
"29/01/2015","572.04","570.94","572.96","568.61","83.25K","0.30%"
"28/01/2015","570.32","566.80","571.47","566.06","96.23K","0.56%"
"27/01/2015","567.15","568.97","572.51","563.45","128.06K","-0.31%"
"26/01/2015","568.89","571.43","573.37","568.63","85.59K","0.00%"
"23/01/2015","568.91","566.36","571.79","566.36","104.44K","0.67%"
"22/01/2015","565.12","563.25","567.15","560.54","67.54K","0.50%"
"21/01/2015","562.33","566.57","567.03","562.33","68.43K","-0.40%"
"20/01/2015","564.58","565.82","568.78","563.44","66.75K","-0.25%"
"19/01/2015","566.00","569.91","571.16","564.21","76.33K","-0.43%"
"16/01/2015","568.42","569.55","570.69","567.12","96.21K","-0.29%"
"15/01/2015","570.10","569.92","571.54","567.06","100.19K","0.14%"
"14/01/2015","569.32","571.73","572.75","564.33","93.26K","-0.22%"
"13/01/2015","570.55","565.91","570.56","565.60","81.99K","0.64%"
"12/01/2015","566.94","570.43","574.53","566.92","113.82K","-0.64%"
"09/01/2015","570.62","562.21","571.49","562.21","94.25K","1.71%"
"08/01/2015","561.00","562.19","563.83","559.48","67.06K","-0.18%"
"07/01/2015","561.99","560.80","565.80","560.80","102.46K","0.22%"
"06/01/2015","560.74","550.62","560.74","549.96","86.76K","1.00%"
"05/01/2015","555.18","556.13","559.73","555.18","85.20K","-0.24%"
"31/12/2014","556.52","546.99","556.52","546.99","101.13K","1.97%"
"30/12/2014","545.79","537.88","545.79","533.60","73.87K","1.37%"
"29/12/2014","538.43","539.68","544.78","534.48","89.20K","-0.22%"
"26/12/2014","539.61","543.66","544.29","536.63","78.78K","-0.72%"
"25/12/2014","543.55","546.65","547.42","542.45","61.73K","-0.96%"
"24/12/2014","548.80","549.25","550.48","546.45","52.93K","0.30%"
"23/12/2014","547.18","547.18","551.51","543.48","71.23K","0.24%"
"22/12/2014","545.85","537.72","545.85","537.72","62.96K","2.44%"
"19/12/2014","532.83","539.85","543.25","532.53","164.03K","-1.40%"
"18/12/2014","540.40","536.27","541.00","534.28","89.59K","1.39%"
"17/12/2014","532.97","552.80","553.53","527.30","148.96K","-3.51%"
"16/12/2014","552.34","561.50","561.91","552.28","105.80K","-1.92%"
"15/12/2014","563.16","566.01","568.94","563.16","71.55K","-0.72%"
"12/12/2014","567.22","562.14","567.24","562.14","67.93K","0.70%"
"11/12/2014","563.25","563.82","570.03","561.47","78.65K","-0.96%"
"10/12/2014","568.69","560.02","568.69","556.76","98.64K","1.31%"
"09/12/2014","561.34","574.36","574.36","560.38","153.86K","-2.63%"
"08/12/2014","576.49","579.65","580.36","574.76","94.70K","-0.68%"
"05/12/2014","580.46","580.93","583.50","578.95","87.24K","0.05%"
"04/12/2014","580.18","576.75","581.96","576.75","96.65K","0.63%"
"03/12/2014","576.55","572.94","577.91","572.94","98.71K","0.81%"
"02/12/2014","571.91","572.88","573.79","571.91","85.63K","-0.05%"
"01/12/2014","572.21","571.49","575.07","571.47","97.34K","0.35%"
"28/11/2014","570.24","572.44","574.65","569.76","124.82K","-0.43%"
"27/11/2014","572.70","571.66","572.70","567.01","95.11K","0.05%"
"26/11/2014","572.42","579.51","580.86","570.86","139.17K","-1.01%"
"25/11/2014","578.24","574.13","579.37","574.13","94.55K","0.96%"
"24/11/2014","572.72","576.33","577.57","571.53","105.72K","-1.15%"
"21/11/2014","579.36","584.87","586.48","579.36","147.42K","-0.87%"
"20/11/2014","584.43","582.66","585.74","581.04","136.80K","0.92%"
"19/11/2014","579.08","583.52","585.47","579.08","119.52K","-0.69%"
"18/11/2014","583.11","590.27","590.81","583.11","118.97K","-1.20%"
"17/11/2014","590.17","591.43","592.98","589.84","98.96K","0.03%"
"14/11/2014","589.98","590.74","590.79","585.16","133.05K","-0.26%"
"13/11/2014","591.50","594.58","596.27","591.50","132.58K","-0.36%"
"12/11/2014","593.62","593.82","595.33","591.91","114.89K","0.15%"
"11/11/2014","592.74","594.05","597.17","592.67","124.82K","-0.18%"
"10/11/2014","593.82","594.72","597.35","593.82","119.31K","0.15%"
"07/11/2014","592.94","589.46","593.34","587.89","111.89K","0.77%"
"06/11/2014","588.41","588.05","591.15","586.60","78.26K","0.15%"
"05/11/2014","587.55","588.31","592.25","583.83","120.53K","-0.27%"
"04/11/2014","589.17","590.32","593.01","589.17","99.78K","-0.56%"