"Ngày","Lần cuối","Mở","Cao","Thấp","KL","% Thay đổi"
"31/12/2025","1,475.95","1,478.90","1,481.22","1,468.08","64.17M","-0.20%"
"30/12/2025","1,478.90","1,478.18","1,483.87","1,472.73","55.44M","0.05%"
"29/12/2025","1,478.18","1,473.74","1,478.61","1,472.93","56.69M","0.30%"
"26/12/2025","1,473.74","1,479.99","1,479.99","1,453.26","85.42M","-0.42%"
"25/12/2025","1,479.99","1,489.72","1,492.26","1,478.54","68.48M","-0.65%"
"24/12/2025","1,489.72","1,492.90","1,495.22","1,482.80","68.85M","-0.21%"
"23/12/2025","1,492.90","1,494.48","1,501.63","1,486.16","83.83M","-0.11%"
"22/12/2025","1,494.48","1,485.72","1,494.51","1,480.42","79.86M","0.59%"
"19/12/2025","1,485.72","1,491.21","1,493.20","1,479.24","70.78M","-0.37%"
"18/12/2025","1,491.21","1,491.09","1,493.37","1,484.53","68.41M","0.01%"
"17/12/2025","1,491.09","1,492.14","1,495.53","1,485.58","63.39M","-0.07%"
"16/12/2025","1,492.14","1,468.41","1,493.09","1,456.32","79.43M","1.62%"
"15/12/2025","1,468.41","1,473.73","1,480.25","1,463.35","75.87M","-0.36%"
"12/12/2025","1,473.73","1,510.37","1,512.98","1,468.48","113.20M","-2.43%"
"11/12/2025","1,510.37","1,516.15","1,522.08","1,509.05","95.87M","-0.38%"
"10/12/2025","1,516.15","1,521.05","1,524.36","1,512.96","94.32M","-0.32%"
"09/12/2025","1,521.05","1,520.83","1,522.36","1,501.26","119.97M","0.01%"
"08/12/2025","1,520.83","1,522.59","1,528.53","1,515.19","106.23M","-0.12%"
"05/12/2025","1,522.59","1,530.08","1,536.04","1,521.30","78.75M","-0.49%"
"04/12/2025","1,530.08","1,520.20","1,530.30","1,520.20","83.57M","0.65%"
"03/12/2025","1,520.20","1,507.54","1,520.34","1,507.54","78.08M","0.84%"
"02/12/2025","1,507.54","1,505.55","1,508.71","1,494.23","71.74M","0.13%"
"01/12/2025","1,505.55","1,509.97","1,512.03","1,502.47","70.53M","-0.29%"
"28/11/2025","1,509.97","1,512.63","1,515.84","1,504.24","72.54M","-0.18%"
"27/11/2025","1,512.63","1,515.28","1,519.95","1,509.35","68.70M","-0.17%"
"26/11/2025","1,515.28","1,499.59","1,515.34","1,499.03","69.10M","1.05%"
"25/11/2025","1,499.59","1,516.77","1,518.64","1,496.34","88.81M","-1.13%"
"24/11/2025","1,516.77","1,524.75","1,530.48","1,514.80","70.97M","-0.52%"
"21/11/2025","1,524.75","1,528.70","1,529.90","1,515.88","95.50M","-0.26%"
"20/11/2025","1,528.70","1,529.44","1,533.99","1,521.11","65.94M","-0.05%"
"19/11/2025","1,529.44","1,541.20","1,544.23","1,523.48","68.32M","-0.76%"
"18/11/2025","1,541.20","1,539.05","1,544.29","1,533.93","77.06M","0.14%"
"17/11/2025","1,539.05","1,529.98","1,539.61","1,529.98","75.23M","0.59%"
"14/11/2025","1,529.98","1,529.68","1,532.61","1,524.82","65.70M","0.02%"
"13/11/2025","1,529.68","1,524.18","1,531.95","1,522.19","67.17M","0.36%"
"12/11/2025","1,524.18","1,502.81","1,524.20","1,502.81","77.29M","1.42%"
"11/11/2025","1,502.81","1,498.57","1,506.51","1,492.43","60.21M","0.28%"
"10/11/2025","1,498.57","1,504.60","1,509.60","1,493.25","67.16M","-0.40%"
"07/11/2025","1,504.60","1,527.71","1,529.05","1,498.69","77.38M","-1.51%"
"06/11/2025","1,527.71","1,526.89","1,532.29","1,518.59","64.30M","0.05%"
"05/11/2025","1,526.89","1,542.53","1,545.69","1,522.52","60.08M","-1.01%"
"04/11/2025","1,542.53","1,524.66","1,542.78","1,484.33","136.20M","1.17%"
"03/11/2025","1,524.66","1,540.69","1,547.99","1,522.21","112.76M","-1.04%"
"31/10/2025","1,540.69","1,545.61","1,550.59","1,536.00","103.21M","-0.32%"
"30/10/2025","1,545.61","1,544.01","1,552.48","1,538.61","106.89M","0.10%"
"29/10/2025","1,544.01","1,523.18","1,544.12","1,523.18","110.24M","1.37%"
"28/10/2025","1,523.18","1,506.85","1,523.18","1,489.01","95.74M","1.08%"
"27/10/2025","1,506.85","1,510.01","1,522.80","1,505.34","90.16M","-0.21%"
"24/10/2025","1,510.01","1,516.48","1,516.48","1,492.58","80.20M","-0.43%"
"23/10/2025","1,516.48","1,514.72","1,528.34","1,514.07","81.59M","0.12%"
"22/10/2025","1,514.72","1,501.53","1,514.72","1,485.71","91.13M","0.88%"
"21/10/2025","1,501.53","1,491.31","1,504.85","1,467.89","152.98M","0.69%"
"20/10/2025","1,491.31","1,560.04","1,564.26","1,488.24","145.73M","-4.41%"
"17/10/2025","1,560.04","1,569.08","1,577.07","1,557.13","118.45M","-0.58%"
"16/10/2025","1,569.08","1,559.77","1,570.77","1,559.02","115.12M","0.60%"
"15/10/2025","1,559.77","1,563.52","1,570.91","1,553.75","112.97M","-0.24%"
"14/10/2025","1,563.52","1,584.35","1,592.49","1,561.21","152.78M","-1.31%"
"13/10/2025","1,584.35","1,587.46","1,587.46","1,563.34","130.81M","-0.20%"
"10/10/2025","1,587.46","1,587.27","1,594.42","1,584.98","103.81M","0.01%"
"09/10/2025","1,587.27","1,584.68","1,590.10","1,579.54","88.06M","0.16%"
"08/10/2025","1,584.68","1,579.35","1,603.02","1,573.17","91.71M","0.34%"
"07/10/2025","1,579.35","1,595.39","1,603.86","1,578.41","79.18M","-1.01%"
"06/10/2025","1,595.39","1,557.96","1,595.41","1,555.94","93.03M","2.40%"
"03/10/2025","1,557.96","1,574.16","1,574.89","1,552.67","101.78M","-1.03%"
"02/10/2025","1,574.16","1,589.84","1,594.71","1,570.52","87.49M","-0.99%"
"01/10/2025","1,589.84","1,585.07","1,591.47","1,583.05","74.97M","0.30%"
"30/09/2025","1,585.07","1,601.34","1,605.28","1,565.19","122.90M","-1.02%"
"29/09/2025","1,601.34","1,616.17","1,622.33","1,597.31","101.61M","-0.92%"
"26/09/2025","1,616.17","1,620.99","1,624.55","1,614.27","139.49M","-0.30%"
"25/09/2025","1,620.99","1,608.68","1,624.21","1,608.68","146.30M","0.77%"
"24/09/2025","1,608.68","1,588.38","1,608.73","1,583.08","93.20M","1.28%"
"23/09/2025","1,588.38","1,590.41","1,596.94","1,584.98","68.65M","-0.13%"
"22/09/2025","1,590.41","1,612.85","1,617.62","1,579.53","127.90M","-1.39%"
"19/09/2025","1,612.85","1,612.29","1,620.72","1,607.01","94.83M","0.03%"
"18/09/2025","1,612.29","1,616.64","1,622.88","1,601.42","96.84M","-0.27%"
"17/09/2025","1,616.64","1,624.45","1,633.24","1,614.15","152.91M","-0.48%"
"16/09/2025","1,624.45","1,636.64","1,646.87","1,619.57","146.58M","-0.74%"
"15/09/2025","1,636.64","1,610.73","1,636.64","1,610.29","142.02M","1.61%"
"12/09/2025","1,610.73","1,593.91","1,611.25","1,593.68","134.44M","1.06%"
"11/09/2025","1,593.91","1,590.84","1,593.91","1,555.50","127.54M","0.19%"
"10/09/2025","1,590.84","1,592.78","1,601.23","1,580.03","89.66M","-0.12%"
"09/09/2025","1,592.78","1,586.95","1,593.94","1,573.79","113.59M","0.37%"
"08/09/2025","1,586.95","1,628.95","1,628.95","1,583.83","185.03M","-2.58%"
"05/09/2025","1,628.95","1,644.29","1,659.20","1,627.45","206.24M","-0.93%"
"04/09/2025","1,644.29","1,636.80","1,652.16","1,636.13","148.64M","0.46%"
"03/09/2025","1,636.80","1,615.55","1,636.81","1,615.55","134.03M","1.32%"
"29/08/2025","1,615.55","1,606.59","1,622.45","1,606.59","170.14M","0.56%"
"28/08/2025","1,606.59","1,597.17","1,606.59","1,595.31","102.93M","0.59%"
"27/08/2025","1,597.17","1,594.15","1,607.89","1,590.29","144.44M","0.19%"
"26/08/2025","1,594.15","1,557.43","1,594.15","1,553.14","132.00M","2.36%"
"25/08/2025","1,557.43","1,580.41","1,594.21","1,552.16","156.30M","-1.45%"
"22/08/2025","1,580.41","1,624.88","1,625.60","1,564.11","284.80M","-2.74%"
"21/08/2025","1,624.88","1,649.90","1,658.53","1,623.82","198.78M","-1.52%"
"20/08/2025","1,649.90","1,680.59","1,697.66","1,622.35","291.82M","-1.83%"
"19/08/2025","1,680.59","1,657.11","1,684.28","1,657.11","297.70M","1.42%"
"18/08/2025","1,657.11","1,634.00","1,657.11","1,634.00","193.35M","1.41%"
"15/08/2025","1,634.00","1,659.62","1,667.02","1,624.43","283.44M","-1.54%"
"14/08/2025","1,659.62","1,659.78","1,671.94","1,648.49","225.24M","-0.01%"
"13/08/2025","1,659.78","1,646.46","1,661.57","1,629.66","275.80M","0.81%"
"12/08/2025","1,646.46","1,639.44","1,652.89","1,626.96","245.79M","0.43%"
"11/08/2025","1,639.44","1,619.77","1,645.30","1,619.77","240.50M","1.21%"
"08/08/2025","1,619.77","1,610.32","1,620.45","1,596.07","264.95M","0.59%"
"07/08/2025","1,610.32","1,589.61","1,610.32","1,589.61","242.54M","1.30%"
"06/08/2025","1,589.61","1,575.63","1,589.61","1,575.63","164.70M","0.89%"
"05/08/2025","1,575.63","1,591.57","1,608.70","1,551.08","335.30M","-1.00%"
"04/08/2025","1,591.57","1,575.39","1,591.57","1,573.05","179.02M","1.03%"
"01/08/2025","1,575.39","1,572.76","1,583.58","1,567.79","195.05M","0.17%"
"31/07/2025","1,572.76","1,565.89","1,586.55","1,552.70","215.40M","0.44%"
"30/07/2025","1,565.89","1,545.12","1,565.89","1,537.70","210.42M","1.34%"
"29/07/2025","1,545.12","1,604.12","1,625.26","1,542.82","358.33M","-3.68%"
"28/07/2025","1,604.12","1,571.65","1,604.44","1,571.65","285.16M","2.07%"
"25/07/2025","1,571.65","1,556.60","1,574.63","1,556.60","207.23M","0.97%"
"24/07/2025","1,556.60","1,553.89","1,563.26","1,545.98","173.23M","0.17%"
"23/07/2025","1,553.89","1,542.65","1,558.52","1,542.65","203.93M","0.73%"
"22/07/2025","1,542.65","1,529.78","1,542.65","1,520.22","166.78M","0.84%"
"21/07/2025","1,529.78","1,539.19","1,550.78","1,528.17","190.34M","-0.61%"
"18/07/2025","1,539.19","1,529.24","1,545.34","1,528.85","232.75M","0.65%"
"17/07/2025","1,529.24","1,516.09","1,538.46","1,516.09","209.93M","0.87%"
"16/07/2025","1,516.09","1,501.79","1,516.29","1,498.92","171.41M","0.95%"
"15/07/2025","1,501.79","1,502.97","1,514.55","1,500.90","190.91M","-0.08%"
"14/07/2025","1,502.97","1,492.81","1,502.97","1,475.74","176.53M","0.68%"
"11/07/2025","1,492.81","1,496.81","1,502.43","1,489.53","171.27M","-0.27%"
"10/07/2025","1,496.81","1,490.09","1,500.91","1,490.09","156.62M","0.45%"
"09/07/2025","1,490.09","1,484.73","1,494.11","1,484.73","194.36M","0.36%"
"08/07/2025","1,484.73","1,473.89","1,484.85","1,473.89","164.94M","0.74%"
"07/07/2025","1,473.89","1,464.71","1,475.39","1,464.71","128.70M","0.63%"
"04/07/2025","1,464.71","1,457.60","1,466.69","1,456.29","118.53M","0.49%"
"03/07/2025","1,457.60","1,461.55","1,469.53","1,451.11","153.55M","-0.27%"
"02/07/2025","1,461.55","1,449.16","1,462.25","1,445.49","105.51M","0.85%"
"01/07/2025","1,449.16","1,455.00","1,459.52","1,444.30","99.64M","-0.40%"
"30/06/2025","1,455.00","1,445.66","1,455.12","1,445.16","93.28M","0.65%"
"27/06/2025","1,445.66","1,444.70","1,450.58","1,443.84","80.56M","0.07%"
"26/06/2025","1,444.70","1,444.41","1,445.79","1,437.93","72.45M","0.02%"
"25/06/2025","1,444.41","1,445.58","1,451.37","1,442.52","94.90M","-0.08%"
"24/06/2025","1,445.58","1,444.91","1,452.02","1,443.90","92.37M","0.05%"
"23/06/2025","1,444.91","1,449.17","1,449.17","1,436.74","101.80M","-0.29%"
"20/06/2025","1,449.17","1,446.12","1,451.55","1,440.89","97.27M","0.21%"
"19/06/2025","1,446.12","1,449.78","1,450.75","1,435.76","92.51M","-0.25%"
"18/06/2025","1,449.78","1,454.06","1,461.06","1,446.72","98.44M","-0.29%"
"17/06/2025","1,454.06","1,449.17","1,458.69","1,447.56","103.06M","0.34%"
"16/06/2025","1,449.17","1,433.42","1,449.19","1,426.78","119.99M","1.10%"
"13/06/2025","1,433.42","1,448.51","1,448.51","1,418.85","170.15M","-1.04%"
"12/06/2025","1,448.51","1,441.21","1,451.91","1,441.21","118.24M","0.51%"
"11/06/2025","1,441.21","1,438.39","1,442.54","1,434.88","87.59M","0.20%"
"10/06/2025","1,438.39","1,437.71","1,446.47","1,434.33","114.01M","0.05%"
"09/06/2025","1,437.71","1,453.93","1,454.47","1,435.81","106.03M","-1.12%"
"06/06/2025","1,453.93","1,469.91","1,472.36","1,451.09","124.87M","-1.09%"
"05/06/2025","1,469.91","1,473.15","1,479.42","1,462.21","133.76M","-0.22%"
"04/06/2025","1,473.15","1,462.81","1,475.48","1,462.81","165.28M","0.71%"
"03/06/2025","1,462.81","1,453.74","1,464.08","1,453.74","133.44M","0.62%"
"02/06/2025","1,453.74","1,440.88","1,453.74","1,439.14","143.91M","0.89%"
"30/05/2025","1,440.88","1,452.80","1,454.68","1,434.54","109.63M","-0.82%"
"29/05/2025","1,452.80","1,451.99","1,459.28","1,442.99","104.51M","0.06%"
"28/05/2025","1,451.99","1,460.05","1,468.70","1,447.94","121.27M","-0.55%"
"27/05/2025","1,460.05","1,440.76","1,460.05","1,440.76","141.54M","1.34%"
"26/05/2025","1,440.76","1,413.30","1,440.76","1,394.55","144.17M","1.94%"
"23/05/2025","1,413.30","1,406.03","1,415.23","1,405.21","81.17M","0.52%"
"22/05/2025","1,406.03","1,409.69","1,414.55","1,401.46","105.32M","-0.26%"
"21/05/2025","1,409.69","1,406.09","1,413.16","1,393.85","98.32M","0.26%"
"20/05/2025","1,406.09","1,395.99","1,408.76","1,395.99","98.48M","0.72%"
"19/05/2025","1,395.99","1,402.89","1,402.89","1,394.53","97.56M","-0.49%"
"16/05/2025","1,402.89","1,402.65","1,409.78","1,400.67","100.23M","0.02%"
"15/05/2025","1,402.65","1,402.36","1,407.81","1,391.67","93.77M","0.02%"
"14/05/2025","1,402.36","1,400.82","1,407.70","1,396.66","103.79M","0.11%"
"13/05/2025","1,400.82","1,391.78","1,402.75","1,391.78","97.82M","0.65%"
"12/05/2025","1,391.78","1,385.70","1,394.29","1,383.52","87.21M","0.44%"
"09/05/2025","1,385.70","1,384.25","1,392.60","1,382.65","97.91M","0.10%"
"08/05/2025","1,384.25","1,373.70","1,384.25","1,371.88","112.27M","0.77%"
"07/05/2025","1,373.70","1,364.32","1,373.70","1,361.28","77.88M","0.69%"
"06/05/2025","1,364.32","1,363.34","1,375.63","1,361.39","95.73M","0.07%"
"05/05/2025","1,363.34","1,346.07","1,363.34","1,346.07","66.08M","1.28%"
"29/04/2025","1,346.07","1,336.58","1,347.52","1,336.29","82.81M","0.84%"
"28/04/2025","1,334.87","1,334.38","1,338.40","1,329.82","69.92M","0.10%"
"25/04/2025","1,333.49","1,326.84","1,336.78","1,325.63","79.79M","0.50%"
"24/04/2025","1,326.89","1,315.93","1,330.76","1,315.39","82.70M","1.11%"
"23/04/2025","1,312.30","1,295.63","1,312.30","1,295.63","82.78M","1.84%"
"22/04/2025","1,288.59","1,304.26","1,308.72","1,243.37","147.10M","-1.89%"
"21/04/2025","1,313.37","1,321.33","1,322.63","1,306.34","77.57M","-0.57%"
"18/04/2025","1,320.95","1,315.07","1,330.50","1,312.96","99.75M","1.13%"
"17/04/2025","1,306.20","1,288.72","1,306.20","1,288.23","70.80M","0.46%"
"16/04/2025","1,300.20","1,304.67","1,316.39","1,294.27","95.82M","-0.49%"
"15/04/2025","1,306.59","1,310.37","1,319.23","1,289.69","112.93M","-0.75%"
"14/04/2025","1,316.50","1,313.95","1,316.50","1,301.37","96.11M","1.14%"
"11/04/2025","1,301.69","1,285.64","1,301.69","1,254.56","187.22M","3.14%"
"10/04/2025","1,262.12","1,258.04","1,263.02","1,258.04","47.19M","6.64%"
"09/04/2025","1,183.48","1,208.44","1,208.44","1,162.54","159.53M","-4.06%"
"08/04/2025","1,233.52","1,261.80","1,265.09","1,232.04","103.47M","-6.32%"
"04/04/2025","1,316.68","1,328.41","1,328.41","1,278.91","192.28M","-3.36%"
"03/04/2025","1,362.50","1,406.78","1,406.78","1,359.50","159.99M","-6.40%"
"02/04/2025","1,455.69","1,456.19","1,460.48","1,454.95","85.61M","0.11%"
"01/04/2025","1,454.07","1,453.27","1,457.31","1,447.20","71.94M","0.17%"
"31/03/2025","1,451.56","1,459.92","1,463.69","1,446.69","103.03M","-0.81%"
"28/03/2025","1,463.40","1,467.83","1,471.06","1,459.79","100.81M","-0.11%"
"27/03/2025","1,465.03","1,466.66","1,467.94","1,462.30","78.78M","-0.11%"
"26/03/2025","1,466.71","1,471.28","1,476.53","1,462.37","83.57M","-0.19%"
"25/03/2025","1,469.50","1,462.96","1,473.97","1,462.05","128.29M","0.49%"
"24/03/2025","1,462.32","1,468.43","1,468.66","1,457.27","81.57M","-0.52%"
"21/03/2025","1,469.97","1,467.26","1,471.67","1,466.75","98.57M","-0.03%"
"20/03/2025","1,470.37","1,480.66","1,482.35","1,461.82","119.93M","-0.52%"
"19/03/2025","1,478.01","1,482.37","1,484.14","1,472.96","89.15M","-0.29%"
"18/03/2025","1,482.33","1,486.97","1,490.72","1,480.59","84.50M","-0.15%"
"17/03/2025","1,484.56","1,484.89","1,487.69","1,478.78","100.52M","0.21%"
"14/03/2025","1,481.44","1,486.81","1,490.60","1,479.27","112.38M","-0.48%"
"13/03/2025","1,488.63","1,511.82","1,514.36","1,487.36","146.05M","-1.50%"
"12/03/2025","1,511.32","1,515.13","1,516.20","1,506.68","131.49M","0.02%"
"11/03/2025","1,510.97","1,495.86","1,510.97","1,493.94","121.05M","0.26%"
"10/03/2025","1,507.05","1,512.54","1,513.82","1,503.32","121.37M","-0.10%"
"07/03/2025","1,508.50","1,510.74","1,517.39","1,508.50","115.99M","0.05%"
"06/03/2025","1,507.69","1,499.95","1,507.69","1,498.62","117.92M","0.71%"
"05/03/2025","1,497.00","1,515.14","1,516.41","1,497.00","109.75M","-1.13%"
"04/03/2025","1,514.12","1,514.26","1,519.86","1,501.55","138.06M","-0.25%"
"03/03/2025","1,517.87","1,522.80","1,523.10","1,514.52","134.73M","-0.31%"
"28/02/2025","1,522.58","1,527.98","1,532.62","1,519.62","114.49M","-0.16%"
"27/02/2025","1,525.02","1,517.52","1,525.02","1,509.54","125.48M","0.70%"
"26/02/2025","1,514.47","1,515.16","1,521.61","1,514.39","108.99M","0.11%"
"25/02/2025","1,512.78","1,513.76","1,517.28","1,506.92","131.08M","0.34%"
"24/02/2025","1,507.64","1,507.12","1,509.49","1,497.59","111.13M","0.06%"
"21/02/2025","1,506.81","1,507.28","1,509.85","1,498.46","112.26M","0.07%"
"20/02/2025","1,505.79","1,511.22","1,512.74","1,503.24","122.72M","0.09%"
"19/02/2025","1,504.43","1,488.71","1,504.43","1,488.71","150.02M","1.17%"
"18/02/2025","1,487.03","1,485.03","1,493.28","1,481.25","113.70M","0.26%"
"17/02/2025","1,483.14","1,477.41","1,488.51","1,477.41","124.25M","0.52%"
"14/02/2025","1,475.43","1,468.25","1,477.95","1,468.25","96.88M","0.54%"
"13/02/2025","1,467.57","1,459.77","1,467.57","1,457.84","81.05M","0.61%"
"12/02/2025","1,458.68","1,458.37","1,461.03","1,457.50","82.22M","0.26%"
"11/02/2025","1,454.96","1,448.00","1,457.72","1,447.39","83.84M","0.51%"
"10/02/2025","1,447.61","1,459.85","1,459.88","1,446.90","92.76M","-1.06%"
"07/02/2025","1,463.06","1,462.24","1,469.65","1,461.37","95.17M","0.19%"
"06/02/2025","1,460.29","1,460.48","1,461.49","1,452.64","91.69M","0.24%"
"05/02/2025","1,456.73","1,448.35","1,456.73","1,447.45","85.92M","0.85%"
"04/02/2025","1,444.39","1,429.51","1,444.39","1,429.50","96.22M","1.36%"
"03/02/2025","1,424.98","1,420.52","1,426.27","1,417.81","71.03M","0.26%"
"24/01/2025","1,421.26","1,422.55","1,423.99","1,416.55","73.71M","0.03%"
"23/01/2025","1,420.82","1,409.58","1,421.55","1,409.58","59.53M","0.79%"
"22/01/2025","1,409.72","1,417.71","1,419.57","1,409.72","68.73M","-0.51%"
"21/01/2025","1,416.96","1,425.61","1,428.22","1,416.10","69.75M","-0.50%"
"20/01/2025","1,424.08","1,432.15","1,434.21","1,422.34","61.41M","-0.30%"
"17/01/2025","1,428.34","1,418.94","1,428.34","1,417.30","76.69M","0.87%"
"16/01/2025","1,415.99","1,418.57","1,423.11","1,412.24","62.33M","0.26%"
"15/01/2025","1,412.26","1,395.04","1,412.26","1,394.59","66.35M","1.29%"
"14/01/2025","1,394.28","1,399.91","1,401.38","1,392.12","46.24M","-0.27%"
"13/01/2025","1,398.07","1,387.67","1,398.07","1,381.06","65.65M","0.48%"
"10/01/2025","1,391.42","1,409.15","1,411.32","1,391.42","73.39M","-1.27%"
"09/01/2025","1,409.28","1,418.17","1,420.85","1,408.01","48.35K","-0.51%"
"08/01/2025","1,416.44","1,404.23","1,416.44","1,399.89","56.58K","0.80%"
"07/01/2025","1,405.18","1,414.48","1,418.76","1,400.84","82.38K","-0.68%"
"06/01/2025","1,414.84","1,438.11","1,442.65","1,409.59","92.59K","-1.70%"
"03/01/2025","1,439.33","1,455.62","1,458.35","1,439.33","79.80K","-1.14%"
"02/01/2025","1,455.90","1,452.85","1,456.21","1,449.50","60.30K","0.34%"
"31/12/2024","1,451.02","1,456.26","1,456.94","1,448.85","67.63K","-0.41%"
"30/12/2024","1,456.99","1,462.86","1,464.33","1,454.01","82.68K","-0.47%"
"27/12/2024","1,463.87","1,468.21","1,470.27","1,459.13","99.29K","-0.24%"
"26/12/2024","1,467.37","1,468.44","1,470.40","1,464.61","117.31K","0.12%"
"25/12/2024","1,465.59","1,461.59","1,476.06","1,461.59","127.70K","0.37%"
"24/12/2024","1,460.18","1,461.75","1,462.76","1,445.51","126.94K","0.08%"
"23/12/2024","1,459.03","1,453.53","1,460.72","1,452.93","90.57K","0.72%"
"20/12/2024","1,448.64","1,438.56","1,449.11","1,436.83","103.27K","0.89%"
"19/12/2024","1,435.86","1,440.96","1,440.96","1,426.98","122.17K","-0.47%"
"18/12/2024","1,442.67","1,431.88","1,442.67","1,431.82","75.41K","0.87%"
"17/12/2024","1,430.29","1,428.39","1,432.58","1,427.49","67.44K","0.17%"
"16/12/2024","1,427.82","1,429.91","1,432.06","1,421.56","56.83K","-0.12%"
"13/12/2024","1,429.49","1,437.29","1,437.55","1,426.45","73.14K","-0.65%"
"12/12/2024","1,438.86","1,444.57","1,448.14","1,436.59","82.99K","-0.34%"
"11/12/2024","1,443.84","1,444.11","1,449.24","1,436.29","98.76K","-0.03%"
"10/12/2024","1,444.24","1,446.13","1,449.06","1,438.28","92.23K","0.02%"
"09/12/2024","1,443.91","1,431.94","1,445.39","1,430.68","116.07K","1.10%"
"06/12/2024","1,428.20","1,428.32","1,435.42","1,426.91","98.62K","0.05%"
"05/12/2024","1,427.51","1,403.28","1,427.51","1,399.31","109.80K","1.79%"
"04/12/2024","1,402.34","1,405.48","1,409.23","1,398.48","81.45K","-0.19%"
"03/12/2024","1,405.02","1,406.73","1,409.54","1,403.33","80.19K","-0.11%"
"02/12/2024","1,406.54","1,407.60","1,412.25","1,402.25","60.14K","0.25%"
"29/11/2024","1,403.08","1,398.04","1,404.16","1,396.57","68.48K","0.44%"
"28/11/2024","1,396.96","1,395.79","1,401.86","1,392.82","68.01K","0.35%"
"27/11/2024","1,392.14","1,394.44","1,396.17","1,388.76","58.29K","-0.07%"
"26/11/2024","1,393.14","1,386.18","1,396.85","1,385.61","90.29K","0.79%"
"25/11/2024","1,382.28","1,378.00","1,383.35","1,377.23","61.78K","0.50%"
"22/11/2024","1,375.45","1,375.75","1,380.18","1,372.11","59.39K","-0.08%"
"21/11/2024","1,376.52","1,367.93","1,376.52","1,366.57","48.66K","0.64%"
"20/11/2024","1,367.83","1,359.74","1,376.62","1,348.38","82.92K","0.56%"
"19/11/2024","1,360.23","1,383.79","1,384.31","1,360.23","67.00K","-1.70%"
"18/11/2024","1,383.74","1,378.29","1,385.39","1,363.04","76.15K","0.33%"
"15/11/2024","1,379.20","1,390.12","1,390.45","1,370.58","90.66K","-1.16%"
"14/11/2024","1,395.45","1,406.19","1,407.38","1,389.72","93.26K","-0.59%"
"13/11/2024","1,403.80","1,408.20","1,408.20","1,388.20","83.95K","-0.36%"
"12/11/2024","1,408.81","1,416.43","1,419.82","1,406.17","65.37K","-0.50%"
"11/11/2024","1,415.84","1,411.24","1,416.36","1,406.60","97.25K","0.33%"
"08/11/2024","1,411.25","1,415.26","1,415.56","1,407.20","63.62K","-0.17%"
"07/11/2024","1,413.62","1,414.11","1,416.06","1,409.09","66.16K","0.34%"
"06/11/2024","1,408.90","1,390.62","1,408.90","1,390.62","63.23K","1.34%"
"05/11/2024","1,390.26","1,390.89","1,394.49","1,390.03","43.35K","-0.08%"
"04/11/2024","1,391.42","1,397.77","1,398.30","1,381.16","73.81K","-0.49%"
"01/11/2024","1,398.25","1,404.56","1,405.09","1,393.04","59.26K","-0.56%"
"31/10/2024","1,406.16","1,407.09","1,408.57","1,400.56","55.81K","0.09%"
"30/10/2024","1,404.88","1,406.30","1,407.73","1,399.75","61.82K","0.02%"
"29/10/2024","1,404.63","1,397.88","1,406.74","1,397.88","72.65K","0.50%"
"28/10/2024","1,397.58","1,394.40","1,397.58","1,392.47","46.52K","0.50%"
"25/10/2024","1,390.61","1,391.75","1,394.03","1,387.44","53.14K","0.00%"
"24/10/2024","1,390.58","1,398.67","1,402.40","1,390.58","52.63K","-0.73%"
"23/10/2024","1,400.87","1,397.08","1,400.87","1,389.19","54.08K","0.39%"
"22/10/2024","1,395.43","1,400.07","1,402.79","1,387.43","81.45K","-0.26%"
"21/10/2024","1,399.03","1,410.54","1,411.40","1,399.03","65.77K","-0.88%"
"18/10/2024","1,411.42","1,419.03","1,419.69","1,411.42","56.18K","-0.34%"
"17/10/2024","1,416.28","1,412.15","1,416.28","1,399.85","75.45K","0.45%"
"16/10/2024","1,410.00","1,409.12","1,413.07","1,403.85","61.67K","0.15%"
"15/10/2024","1,407.88","1,420.50","1,422.83","1,405.26","70.34K","-0.71%"
"14/10/2024","1,417.93","1,422.52","1,426.98","1,415.63","76.20K","-0.24%"
"11/10/2024","1,421.28","1,414.53","1,421.28","1,413.52","76.45K","0.60%"
"10/10/2024","1,412.78","1,416.02","1,421.21","1,411.82","67.60K","-0.14%"
"09/10/2024","1,414.80","1,410.97","1,415.83","1,410.55","66.98K","0.51%"
"08/10/2024","1,407.67","1,404.57","1,413.30","1,399.25","73.20K","0.30%"
"07/10/2024","1,403.48","1,404.18","1,408.65","1,397.55","58.21K","0.20%"
"04/10/2024","1,400.73","1,410.25","1,410.45","1,400.73","57.88K","-0.70%"
"03/10/2024","1,410.62","1,428.23","1,430.72","1,406.73","95.79K","-1.23%"
"02/10/2024","1,428.23","1,432.96","1,433.99","1,424.95","78.86K","-0.55%"
"01/10/2024","1,436.11","1,427.36","1,439.43","1,427.01","107.42K","0.74%"
"30/09/2024","1,425.53","1,424.97","1,425.61","1,420.03","72.27K","0.05%"
"27/09/2024","1,424.75","1,428.40","1,430.45","1,420.96","78.29K","-0.12%"
"26/09/2024","1,426.52","1,429.81","1,433.38","1,423.73","88.54K","-0.06%"
"25/09/2024","1,427.31","1,422.19","1,428.06","1,421.61","84.88K","0.67%"
"24/09/2024","1,417.79","1,412.81","1,417.79","1,410.44","54.23K","0.37%"
"23/09/2024","1,412.63","1,417.78","1,417.80","1,409.28","59.36K","-0.21%"
"20/09/2024","1,415.65","1,416.83","1,427.03","1,414.04","75.80K","-0.08%"
"19/09/2024","1,416.83","1,412.34","1,416.83","1,409.16","65.87K","0.58%"
"18/09/2024","1,408.66","1,404.87","1,413.04","1,403.46","68.32K","0.44%"
"17/09/2024","1,402.55","1,390.33","1,402.55","1,386.10","63.25K","0.82%"
"16/09/2024","1,391.14","1,401.48","1,406.88","1,388.27","61.72K","-0.73%"
"13/09/2024","1,401.35","1,400.06","1,403.22","1,395.89","49.55K","0.09%"
"12/09/2024","1,400.11","1,402.87","1,407.35","1,398.89","54.02K","0.10%"
"11/09/2024","1,398.73","1,398.96","1,401.62","1,385.46","61.41K","-0.21%"
"10/09/2024","1,401.64","1,417.41","1,418.14","1,397.59","86.53K","-0.76%"
"09/09/2024","1,412.36","1,413.56","1,417.65","1,406.65","49.96K","-0.46%"
"06/09/2024","1,418.84","1,417.71","1,419.17","1,408.05","69.74K","-0.07%"
"05/09/2024","1,419.85","1,427.12","1,432.98","1,413.51","64.16K","-0.44%"
"04/09/2024","1,426.11","1,423.19","1,426.65","1,416.35","71.44K","-0.47%"
"30/08/2024","1,432.87","1,433.00","1,436.48","1,429.37","63.87K","0.08%"
"29/08/2024","1,431.73","1,437.58","1,438.59","1,428.28","64.05K","-0.40%"
"28/08/2024","1,437.47","1,443.98","1,445.61","1,429.39","67.48K","-0.26%"
"27/08/2024","1,441.28","1,443.76","1,444.88","1,433.81","70.36K","-0.27%"
"26/08/2024","1,445.15","1,454.54","1,459.72","1,442.02","86.16K","-0.36%"
"23/08/2024","1,450.41","1,452.03","1,453.13","1,441.22","101.70K","-0.19%"
"22/08/2024","1,453.18","1,455.67","1,455.99","1,447.46","81.72K","0.00%"
"21/08/2024","1,453.12","1,453.20","1,457.47","1,446.00","95.48K","0.19%"
"20/08/2024","1,450.32","1,440.66","1,452.75","1,431.80","119.68K","0.76%"
"19/08/2024","1,439.33","1,441.33","1,444.12","1,436.50","86.65K","0.48%"
"16/08/2024","1,432.44","1,392.67","1,433.49","1,392.07","127.80K","3.00%"
"15/08/2024","1,390.74","1,401.29","1,401.29","1,381.69","62.48K","-0.76%"
"14/08/2024","1,401.37","1,414.20","1,414.20","1,399.01","67.84K","-0.54%"
"13/08/2024","1,408.95","1,409.39","1,412.55","1,399.40","65.39K","0.00%"
"12/08/2024","1,408.98","1,401.53","1,408.98","1,398.03","66.94K","0.58%"
"09/08/2024","1,400.87","1,390.99","1,400.87","1,384.62","66.18K","1.24%"
"08/08/2024","1,383.78","1,386.92","1,399.96","1,374.77","74.24K","-0.44%"
"07/08/2024","1,389.95","1,391.33","1,391.65","1,373.42","56.22K","0.28%"
"06/08/2024","1,386.12","1,369.01","1,386.12","1,350.47","80.43K","1.93%"
"05/08/2024","1,359.84","1,398.58","1,406.71","1,356.36","117.00K","-4.62%"
"02/08/2024","1,425.71","1,403.11","1,425.71","1,383.15","83.52K","1.15%"
"01/08/2024","1,409.53","1,458.97","1,460.27","1,398.83","137.70K","-3.39%"
"31/07/2024","1,458.97","1,468.72","1,473.09","1,454.01","88.12K","-0.65%"
"30/07/2024","1,468.46","1,477.12","1,478.48","1,457.92","96.57K","-0.25%"
"29/07/2024","1,472.17","1,467.82","1,473.29","1,463.40","80.13K","0.52%"
"26/07/2024","1,464.58","1,456.98","1,464.58","1,452.00","56.49K","0.60%"
"25/07/2024","1,455.91","1,451.80","1,456.75","1,441.32","58.07K","-0.15%"
"24/07/2024","1,458.11","1,428.04","1,458.30","1,415.23","89.36K","1.25%"
"23/07/2024","1,440.13","1,471.19","1,475.44","1,440.13","89.82K","-2.12%"
"22/07/2024","1,471.28","1,500.81","1,501.15","1,459.09","116.31K","-2.40%"
"19/07/2024","1,507.47","1,528.79","1,530.60","1,501.96","80.22K","-1.40%"
"18/07/2024","1,528.81","1,512.96","1,528.81","1,497.67","101.31K","1.24%"
"17/07/2024","1,510.13","1,568.52","1,570.11","1,494.93","171.50K","-3.38%"
"16/07/2024","1,562.98","1,564.68","1,576.17","1,558.80","102.22K","-0.06%"
"15/07/2024","1,563.87","1,557.18","1,567.43","1,557.18","93.44K","0.45%"
"12/07/2024","1,556.94","1,563.41","1,565.48","1,550.55","94.00K","-0.30%"
"11/07/2024","1,561.56","1,567.53","1,571.87","1,556.34","96.36K","0.24%"
"10/07/2024","1,557.84","1,568.08","1,571.04","1,555.34","119.95K","-0.45%"
"09/07/2024","1,564.87","1,554.11","1,564.87","1,552.34","130.26K","1.03%"
"08/07/2024","1,548.94","1,543.60","1,550.31","1,538.71","105.61K","0.86%"
"05/07/2024","1,535.77","1,536.00","1,543.80","1,527.73","101.19K","0.23%"
"04/07/2024","1,532.19","1,527.80","1,532.19","1,525.00","81.93K","0.47%"
"03/07/2024","1,525.06","1,519.47","1,526.45","1,519.46","82.69K","0.37%"
"02/07/2024","1,519.46","1,515.89","1,519.46","1,512.55","64.71K","0.50%"
"01/07/2024","1,511.90","1,501.94","1,511.90","1,493.86","67.04K","0.74%"
"28/06/2024","1,500.75","1,529.92","1,533.88","1,491.97","114.84K","-1.90%"
"27/06/2024","1,529.88","1,531.49","1,534.98","1,522.74","76.77K","-0.11%"
"26/06/2024","1,531.54","1,524.52","1,534.68","1,512.79","97.09K","0.53%"
"25/06/2024","1,523.49","1,516.18","1,523.77","1,508.87","92.15K","0.68%"
"24/06/2024","1,513.18","1,562.99","1,565.94","1,511.48","185.55K","-3.01%"
"21/06/2024","1,560.13","1,562.83","1,568.37","1,555.94","114.05K","0.20%"
"20/06/2024","1,556.98","1,560.87","1,565.14","1,542.67","120.33K","-0.07%"
"19/06/2024","1,558.01","1,559.87","1,563.60","1,550.11","112.75K","0.16%"
"18/06/2024","1,555.50","1,549.92","1,560.97","1,549.60","102.94K","0.83%"
"17/06/2024","1,542.68","1,547.67","1,551.08","1,535.21","127.16K","-0.01%"
"14/06/2024","1,542.91","1,587.23","1,589.50","1,542.91","171.88K","-2.48%"
"13/06/2024","1,582.07","1,582.91","1,590.56","1,577.77","109.56K","-0.02%"
"12/06/2024","1,582.34","1,575.12","1,584.07","1,567.42","118.67K","0.48%"
"11/06/2024","1,574.83","1,589.20","1,590.89","1,563.55","158.73K","-0.35%"
"10/06/2024","1,580.29","1,572.91","1,583.50","1,571.33","174.11K","1.10%"
"07/06/2024","1,563.03","1,558.12","1,567.96","1,554.11","128.79K","0.36%"
"06/06/2024","1,557.39","1,561.74","1,565.85","1,548.57","145.12K","0.30%"
"05/06/2024","1,552.69","1,550.77","1,562.43","1,550.77","142.57K","0.21%"
"04/06/2024","1,549.39","1,552.71","1,558.00","1,545.84","137.04K","0.18%"
"03/06/2024","1,546.67","1,545.97","1,550.99","1,543.24","146.47K","0.80%"
"31/05/2024","1,534.33","1,538.59","1,543.91","1,530.59","136.12K","-0.11%"
"30/05/2024","1,535.96","1,526.86","1,535.96","1,507.90","175.67K","0.28%"
"29/05/2024","1,531.69","1,530.86","1,545.47","1,523.46","191.64K","0.60%"
"28/05/2024","1,522.51","1,508.67","1,522.94","1,508.42","129.52K","1.34%"
"27/05/2024","1,502.43","1,494.46","1,505.17","1,490.03","89.21K","0.55%"
"24/05/2024","1,494.21","1,519.91","1,526.37","1,477.14","177.87K","-1.77%"
"23/05/2024","1,521.06","1,507.49","1,521.06","1,500.64","144.46K","0.72%"
"22/05/2024","1,510.16","1,523.49","1,527.32","1,502.23","148.06K","-0.24%"
"21/05/2024","1,513.84","1,502.98","1,513.84","1,497.44","148.18K","0.81%"
"20/05/2024","1,501.68","1,495.98","1,503.38","1,493.23","141.69K","1.08%"
"17/05/2024","1,485.59","1,480.29","1,485.70","1,476.47","111.77K","0.70%"
"16/05/2024","1,475.26","1,482.17","1,484.66","1,471.32","103.48K","0.30%"
"15/05/2024","1,470.80","1,459.09","1,472.29","1,456.64","133.89K","1.10%"
"14/05/2024","1,454.80","1,456.22","1,460.92","1,448.29","80.92K","0.05%"
"13/05/2024","1,454.09","1,455.57","1,459.06","1,445.50","131.34K","0.52%"
"10/05/2024","1,446.52","1,444.88","1,449.05","1,432.42","92.23K","0.40%"
"09/05/2024","1,440.71","1,448.94","1,453.33","1,435.59","93.70K","-0.30%"
"08/05/2024","1,445.05","1,429.51","1,445.05","1,419.45","105.66K","0.75%"
"07/05/2024","1,434.31","1,431.91","1,434.31","1,423.10","79.28K","0.56%"
"06/05/2024","1,426.35","1,400.19","1,426.35","1,399.98","89.92K","2.37%"
"03/05/2024","1,393.34","1,402.15","1,406.12","1,392.76","60.80K","-0.44%"
"02/05/2024","1,399.45","1,397.70","1,399.45","1,388.33","58.78K","0.40%"
"26/04/2024","1,393.90","1,382.19","1,396.73","1,380.63","61.66K","0.27%"
"25/04/2024","1,390.21","1,395.50","1,399.03","1,382.46","51.08K","-0.37%"
"24/04/2024","1,395.41","1,371.92","1,395.41","1,371.05","78.27K","2.52%"
"23/04/2024","1,361.05","1,375.96","1,379.74","1,356.50","70.51K","-1.16%"
"22/04/2024","1,377.01","1,364.93","1,378.81","1,364.59","75.17K","1.41%"
"19/04/2024","1,357.83","1,376.41","1,376.94","1,343.90","120.26K","-1.97%"
"17/04/2024","1,385.08","1,398.84","1,407.02","1,384.95","92.44K","-0.98%"
"16/04/2024","1,398.80","1,408.24","1,408.24","1,363.62","146.03K","-0.95%"
"15/04/2024","1,412.19","1,482.78","1,487.42","1,412.19","152.33K","-4.86%"
"12/04/2024","1,484.38","1,472.53","1,484.38","1,472.53","81.80K","0.87%"
"11/04/2024","1,471.53","1,468.76","1,473.52","1,459.66","84.48K","-0.11%"
"10/04/2024","1,473.12","1,482.63","1,483.61","1,473.12","77.82K","-0.39%"
"09/04/2024","1,478.90","1,467.60","1,478.90","1,459.12","91.78K","0.76%"
"08/04/2024","1,467.71","1,482.95","1,486.34","1,467.71","116.81K","-1.16%"
"05/04/2024","1,484.96","1,494.55","1,501.84","1,484.96","156.09K","-1.61%"
"04/04/2024","1,509.32","1,519.92","1,520.64","1,499.94","126.74K","-0.75%"
"03/04/2024","1,520.69","1,536.13","1,540.81","1,519.09","158.61K","-0.76%"
"02/04/2024","1,532.27","1,523.12","1,532.27","1,513.73","122.76K","0.48%"
"01/04/2024","1,524.97","1,523.63","1,526.24","1,511.82","126.87K","-0.01%"
"29/03/2024","1,525.14","1,531.46","1,531.46","1,519.05","104.95K","-0.36%"
"28/03/2024","1,530.66","1,534.32","1,537.04","1,523.38","115.69K","0.25%"
"27/03/2024","1,526.77","1,517.90","1,526.77","1,513.33","128.00K","0.86%"
"26/03/2024","1,513.72","1,495.21","1,513.72","1,491.53","115.19K","0.98%"
"25/03/2024","1,499.04","1,510.03","1,516.38","1,492.57","153.96K","-0.64%"
"22/03/2024","1,508.69","1,518.90","1,519.89","1,501.96","148.46K","-0.21%"
"21/03/2024","1,511.94","1,506.33","1,511.94","1,499.92","154.29K","1.03%"
"20/03/2024","1,496.50","1,487.81","1,496.50","1,477.51","96.85K","0.61%"
"19/03/2024","1,487.36","1,489.81","1,495.43","1,482.11","106.37K","-0.09%"
"18/03/2024","1,488.69","1,514.19","1,523.74","1,458.66","265.77K","-1.61%"
"15/03/2024","1,513.00","1,503.60","1,514.93","1,494.20","159.18K","0.65%"
"14/03/2024","1,503.16","1,490.35","1,509.66","1,490.35","184.35K","0.93%"
"13/03/2024","1,489.30","1,462.77","1,489.30","1,462.77","154.05K","1.87%"
"12/03/2024","1,461.96","1,455.42","1,465.47","1,450.53","125.02K","0.50%"
"11/03/2024","1,454.66","1,463.80","1,469.34","1,450.12","133.15K","-0.58%"
"08/03/2024","1,463.11","1,475.61","1,479.56","1,458.94","165.46K","-0.69%"
"07/03/2024","1,473.31","1,467.24","1,473.31","1,464.89","146.09K","0.42%"
"06/03/2024","1,467.20","1,478.86","1,482.19","1,460.34","183.13K","-0.64%"
"05/03/2024","1,476.60","1,470.15","1,476.60","1,462.48","150.27K","0.53%"
"04/03/2024","1,468.79","1,470.58","1,475.57","1,463.87","140.03K","0.39%"
"01/03/2024","1,463.04","1,452.32","1,465.88","1,451.61","134.29K","0.84%"
"29/02/2024","1,450.80","1,456.59","1,459.79","1,440.90","128.88K","-0.28%"
"28/02/2024","1,454.92","1,454.44","1,458.30","1,446.78","134.44K","0.35%"
"27/02/2024","1,449.83","1,437.84","1,449.83","1,436.59","117.08K","1.19%"
"26/02/2024","1,432.75","1,418.38","1,432.75","1,412.61","121.33K","1.12%"
"23/02/2024","1,416.93","1,443.81","1,447.09","1,415.40","163.39K","-1.76%"
"22/02/2024","1,442.31","1,436.66","1,445.35","1,436.66","148.74K","0.45%"
"21/02/2024","1,435.85","1,431.83","1,438.30","1,425.46","108.74K","0.28%"
"20/02/2024","1,431.88","1,429.82","1,431.88","1,422.78","117.20K","0.46%"
"19/02/2024","1,425.28","1,430.30","1,431.40","1,419.29","115.49K","-0.11%"
"16/02/2024","1,426.90","1,420.54","1,426.90","1,419.48","116.44K","0.59%"
"15/02/2024","1,418.51","1,410.54","1,419.67","1,410.54","96.02K","0.62%"
"07/02/2024","1,409.79","1,403.45","1,409.79","1,402.80","89.06K","0.62%"
"06/02/2024","1,401.10","1,396.66","1,401.84","1,396.66","76.34K","0.36%"
"05/02/2024","1,396.07","1,394.39","1,399.30","1,393.19","110.37K","0.22%"
"02/02/2024","1,392.95","1,394.10","1,398.33","1,391.25","101.29K","0.03%"
"01/02/2024","1,392.48","1,381.60","1,392.48","1,377.69","100.65K","0.90%"
"31/01/2024","1,380.01","1,395.31","1,395.93","1,377.81","136.29K","-0.82%"
"30/01/2024","1,391.37","1,381.50","1,391.37","1,378.90","106.52K","0.78%"
"29/01/2024","1,380.55","1,380.05","1,384.71","1,377.33","82.68K","0.12%"
"26/01/2024","1,378.87","1,375.46","1,380.03","1,375.30","70.12K","0.27%"
"25/01/2024","1,375.12","1,376.40","1,379.11","1,371.85","71.02K","0.00%"
"24/01/2024","1,375.17","1,380.31","1,386.66","1,374.43","91.13K","-0.45%"
"23/01/2024","1,381.39","1,381.77","1,383.65","1,374.30","86.05K","-0.05%"
"22/01/2024","1,382.07","1,386.24","1,387.74","1,370.66","85.93K","-0.10%"
"19/01/2024","1,383.46","1,386.36","1,389.20","1,379.05","87.76K","0.05%"
"18/01/2024","1,382.78","1,382.97","1,384.41","1,377.78","77.90K","0.25%"
"17/01/2024","1,379.35","1,375.10","1,386.19","1,375.10","86.16K","0.45%"
"16/01/2024","1,373.18","1,357.46","1,373.18","1,353.77","79.96K","0.79%"
"15/01/2024","1,362.40","1,372.98","1,380.36","1,362.40","78.14K","-0.57%"
"12/01/2024","1,370.16","1,386.43","1,386.43","1,361.85","136.64K","-1.42%"
"11/01/2024","1,389.87","1,391.17","1,396.76","1,381.22","91.83K","-0.07%"
"10/01/2024","1,390.79","1,404.34","1,406.99","1,383.09","125.20K","-0.86%"
"09/01/2024","1,402.79","1,406.48","1,408.73","1,395.68","112.00K","-0.19%"
"08/01/2024","1,405.48","1,397.50","1,407.22","1,397.50","129.25K","0.73%"
"05/01/2024","1,395.36","1,393.92","1,400.59","1,386.04","111.25K","0.10%"
"04/01/2024","1,393.93","1,392.01","1,400.22","1,391.99","141.85K","0.18%"
"03/01/2024","1,391.46","1,368.82","1,391.46","1,366.10","144.97K","1.57%"
"02/01/2024","1,369.98","1,378.63","1,378.63","1,358.41","104.88K","-0.11%"
"29/12/2023","1,371.45","1,369.80","1,372.71","1,366.40","79.70K","0.23%"
"28/12/2023","1,368.29","1,365.76","1,369.90","1,361.77","77.35K","0.11%"
"27/12/2023","1,366.77","1,367.48","1,371.44","1,364.13","83.71K","0.08%"
"26/12/2023","1,365.71","1,367.08","1,370.07","1,361.16","79.01K","0.01%"
"25/12/2023","1,365.58","1,354.34","1,365.58","1,354.09","91.38K","0.87%"
"22/12/2023","1,353.75","1,356.27","1,362.28","1,348.42","71.16K","-0.19%"
"21/12/2023","1,356.33","1,351.70","1,356.33","1,345.11","69.32K","0.20%"
"20/12/2023","1,353.66","1,346.67","1,353.66","1,344.93","82.41K","0.63%"
"19/12/2023","1,345.17","1,342.05","1,346.64","1,328.36","91.40K","0.23%"
"18/12/2023","1,342.05","1,351.39","1,351.97","1,340.41","94.43K","-0.55%"
"15/12/2023","1,349.47","1,349.09","1,355.01","1,341.50","97.34K","0.03%"
"14/12/2023","1,349.08","1,361.13","1,367.19","1,345.13","87.82K","-0.61%"
"13/12/2023","1,357.36","1,377.91","1,382.13","1,353.63","112.49K","-1.16%"
"12/12/2023","1,373.33","1,370.65","1,375.95","1,368.45","85.41K","0.34%"
"11/12/2023","1,368.63","1,379.77","1,380.31","1,358.48","93.28K","-0.52%"
"08/12/2023","1,375.80","1,384.14","1,388.29","1,366.84","113.24K","-0.66%"
"07/12/2023","1,384.98","1,391.38","1,401.91","1,358.86","210.13K","-0.31%"
"06/12/2023","1,389.32","1,372.30","1,389.32","1,371.03","130.94K","1.38%"
"05/12/2023","1,370.43","1,380.78","1,381.28","1,366.31","112.23K","-0.51%"
"04/12/2023","1,377.41","1,355.58","1,382.95","1,355.18","147.28K","2.42%"
"01/12/2023","1,344.87","1,340.67","1,345.95","1,329.99","79.81K","0.57%"
"30/11/2023","1,337.31","1,338.36","1,348.67","1,333.74","108.86K","0.06%"
"29/11/2023","1,336.48","1,331.51","1,336.48","1,325.10","72.66K","0.76%"
"28/11/2023","1,326.46","1,321.91","1,326.46","1,300.19","83.53K","0.67%"
"27/11/2023","1,317.61","1,330.39","1,336.61","1,315.45","71.08K","-0.67%"
"24/11/2023","1,326.47","1,331.17","1,331.45","1,295.48","121.20K","-0.16%"
"23/11/2023","1,328.60","1,364.53","1,368.83","1,328.60","141.22K","-2.45%"
"22/11/2023","1,361.90","1,349.99","1,361.90","1,342.46","108.97K","1.01%"
"21/11/2023","1,348.34","1,339.80","1,352.70","1,337.50","98.54K","0.67%"
"20/11/2023","1,339.36","1,315.06","1,339.36","1,305.25","106.10K","0.94%"
"17/11/2023","1,326.94","1,342.07","1,352.06","1,314.15","199.17K","-0.55%"
"16/11/2023","1,334.22","1,319.29","1,334.22","1,317.71","98.24K","1.02%"
"15/11/2023","1,320.74","1,324.34","1,335.20","1,319.00","109.84K","1.00%"
"14/11/2023","1,307.72","1,300.49","1,315.71","1,300.49","98.65K","1.04%"
"13/11/2023","1,294.31","1,297.75","1,308.99","1,284.43","97.95K","-0.16%"
"10/11/2023","1,296.43","1,297.08","1,312.32","1,291.27","115.42K","-0.63%"
"09/11/2023","1,304.64","1,296.80","1,316.85","1,290.67","149.72K","1.15%"
"08/11/2023","1,289.86","1,244.22","1,289.86","1,241.06","120.71K","3.49%"
"07/11/2023","1,246.32","1,248.71","1,257.20","1,241.23","65.87K","-0.52%"
"06/11/2023","1,252.78","1,249.63","1,252.94","1,239.66","70.84K","0.61%"
"03/11/2023","1,245.22","1,245.03","1,255.54","1,231.15","77.78K","0.22%"
"02/11/2023","1,242.51","1,191.97","1,242.51","1,191.97","122.38K","4.29%"
"01/11/2023","1,191.37","1,179.31","1,191.37","1,157.20","86.32K","1.02%"
"31/10/2023","1,179.34","1,212.81","1,216.61","1,178.86","95.94K","-2.83%"
"30/10/2023","1,213.70","1,235.75","1,236.12","1,213.70","64.08K","-1.99%"
"27/10/2023","1,238.28","1,230.48","1,238.28","1,200.86","83.84K","0.95%"
"26/10/2023","1,226.62","1,273.34","1,273.34","1,218.08","153.50K","-4.61%"
"25/10/2023","1,285.91","1,292.12","1,301.32","1,284.27","76.77K","-0.45%"
"24/10/2023","1,291.68","1,283.02","1,291.68","1,273.96","63.30K","0.73%"
"23/10/2023","1,282.26","1,294.69","1,297.46","1,277.22","62.90K","-0.91%"
"20/10/2023","1,294.00","1,262.03","1,294.00","1,245.20","101.97K","2.23%"
"19/10/2023","1,265.75","1,291.04","1,291.74","1,262.23","93.08K","-1.97%"
"18/10/2023","1,291.14","1,330.54","1,334.49","1,271.73","149.32K","-2.97%"
"17/10/2023","1,330.61","1,361.43","1,366.73","1,330.61","93.18K","-1.92%"
"16/10/2023","1,356.68","1,374.52","1,378.43","1,354.13","101.79K","-1.28%"
"13/10/2023","1,374.24","1,363.97","1,374.24","1,351.84","89.58K","-0.11%"
"12/10/2023","1,375.82","1,378.43","1,385.11","1,369.67","97.78K","-0.03%"
"11/10/2023","1,376.19","1,368.17","1,376.19","1,356.68","86.56K","0.89%"
"10/10/2023","1,364.03","1,358.33","1,372.59","1,358.33","111.59K","0.79%"
"09/10/2023","1,353.33","1,341.92","1,353.33","1,341.19","86.23K","1.03%"
"06/10/2023","1,339.52","1,322.56","1,339.70","1,315.20","82.73K","1.14%"
"05/10/2023","1,324.48","1,345.72","1,349.85","1,324.48","85.75K","-1.03%"
"04/10/2023","1,338.29","1,313.07","1,345.71","1,299.20","96.95K","1.26%"
"03/10/2023","1,321.58","1,363.03","1,363.03","1,317.62","150.01K","-3.56%"
"02/10/2023","1,370.41","1,366.68","1,379.44","1,366.11","90.34K","0.38%"
"29/09/2023","1,365.24","1,367.62","1,371.33","1,355.63","84.01K","0.32%"
"28/09/2023","1,360.90","1,362.38","1,364.48","1,344.76","96.19K","-0.08%"
"27/09/2023","1,362.02","1,336.65","1,362.02","1,311.27","132.46K","1.76%"
"26/09/2023","1,338.41","1,348.20","1,373.99","1,338.41","160.23K","-1.75%"
"25/09/2023","1,362.22","1,422.21","1,432.50","1,361.91","176.75K","-4.69%"
"22/09/2023","1,429.20","1,456.28","1,456.28","1,413.01","205.46K","-2.55%"
"21/09/2023","1,466.53","1,477.45","1,481.84","1,465.14","158.75K","-0.11%"
"20/09/2023","1,468.16","1,444.74","1,468.16","1,443.61","135.18K","2.00%"
"19/09/2023","1,439.42","1,438.32","1,444.47","1,418.44","131.78K","0.14%"
"18/09/2023","1,437.38","1,447.92","1,451.09","1,428.52","117.37K","-0.87%"
"15/09/2023","1,449.95","1,454.53","1,461.41","1,441.54","114.41K","-0.16%"
"14/09/2023","1,452.21","1,474.11","1,476.36","1,445.25","173.69K","-1.52%"
"13/09/2023","1,474.58","1,483.35","1,487.11","1,463.15","207.98K","-0.03%"
"12/09/2023","1,474.96","1,449.79","1,474.96","1,442.61","140.92K","1.76%"
"11/09/2023","1,449.39","1,483.88","1,491.07","1,449.39","223.05K","-2.05%"
"08/09/2023","1,479.71","1,474.48","1,484.10","1,469.02","172.01K","0.51%"
"07/09/2023","1,472.24","1,469.54","1,481.21","1,464.09","199.27K","0.64%"
"06/09/2023","1,462.85","1,447.39","1,462.85","1,435.25","176.44K","1.15%"
"05/09/2023","1,446.16","1,447.83","1,448.94","1,437.60","160.71K","0.89%"
"31/08/2023","1,433.37","1,414.27","1,433.37","1,414.27","147.15K","1.48%"
"30/08/2023","1,412.42","1,401.95","1,412.42","1,398.30","118.20K","1.02%"
"29/08/2023","1,398.12","1,398.50","1,408.31","1,390.90","147.28K","0.51%"
"28/08/2023","1,390.96","1,382.41","1,390.96","1,378.93","111.51K","1.04%"
"25/08/2023","1,376.63","1,379.44","1,388.51","1,375.40","112.95K","-0.16%"
"24/08/2023","1,378.81","1,358.28","1,378.81","1,354.84","110.79K","1.59%"
"23/08/2023","1,357.19","1,365.23","1,369.23","1,353.39","92.64K","0.08%"
"22/08/2023","1,356.09","1,347.04","1,356.09","1,303.84","142.19K","0.94%"
"21/08/2023","1,343.43","1,347.48","1,356.09","1,318.47","185.01K","-1.14%"
"18/08/2023","1,358.92","1,426.66","1,428.42","1,357.83","303.91K","-5.40%"
"17/08/2023","1,436.44","1,448.76","1,453.42","1,436.44","194.40K","-0.83%"
"16/08/2023","1,448.43","1,452.94","1,453.92","1,441.87","146.57K","-0.25%"
"15/08/2023","1,451.99","1,453.78","1,457.08","1,447.89","179.40K","0.47%"
"14/08/2023","1,445.21","1,437.03","1,449.35","1,435.45","194.61K","1.19%"
"11/08/2023","1,428.19","1,432.80","1,435.58","1,404.67","199.18K","-0.14%"
"10/08/2023","1,430.16","1,452.24","1,454.92","1,429.77","225.50K","-1.24%"
"09/08/2023","1,448.13","1,444.68","1,451.14","1,434.33","235.30K","0.40%"
"08/08/2023","1,442.40","1,443.49","1,450.45","1,438.87","238.76K","0.18%"
"07/08/2023","1,439.75","1,429.55","1,441.74","1,429.55","263.36K","0.86%"
"04/08/2023","1,427.44","1,411.93","1,427.44","1,411.93","211.13K","1.20%"
"03/08/2023","1,410.58","1,410.33","1,419.39","1,404.94","172.50K","0.07%"
"02/08/2023","1,409.65","1,397.41","1,409.65","1,394.32","142.93K","0.77%"
"01/08/2023","1,398.85","1,423.33","1,423.90","1,398.85","230.03K","-1.38%"
"31/07/2023","1,418.37","1,420.81","1,422.51","1,409.70","218.06K","0.29%"
"28/07/2023","1,414.22","1,405.97","1,417.00","1,404.52","206.42K","0.79%"
"27/07/2023","1,403.10","1,408.93","1,411.50","1,387.19","206.26K","-0.24%"
"26/07/2023","1,406.50","1,409.24","1,411.65","1,402.59","150.09K","-0.08%"
"25/07/2023","1,407.69","1,419.69","1,420.37","1,402.09","159.41K","-0.42%"
"24/07/2023","1,413.69","1,404.48","1,413.69","1,398.41","198.50K","1.12%"
"21/07/2023","1,398.10","1,395.34","1,398.10","1,389.55","133.04K","0.63%"
"20/07/2023","1,389.28","1,383.15","1,389.28","1,376.86","128.88K","0.40%"
"19/07/2023","1,383.68","1,392.55","1,394.19","1,381.42","152.54K","-0.35%"
"18/07/2023","1,388.53","1,393.38","1,395.50","1,382.99","133.31K","-0.35%"
"17/07/2023","1,393.39","1,389.87","1,395.67","1,386.70","166.33K","0.57%"
"14/07/2023","1,385.49","1,386.21","1,388.10","1,372.40","167.06K","0.40%"
"13/07/2023","1,379.93","1,372.66","1,379.93","1,371.60","137.20K","1.01%"
"12/07/2023","1,366.16","1,368.72","1,371.73","1,358.49","119.31K","-0.14%"
"11/07/2023","1,368.02","1,368.17","1,373.54","1,363.42","154.88K","0.00%"
"10/07/2023","1,368.01","1,358.82","1,368.01","1,358.82","146.91K","1.14%"
"07/07/2023","1,352.63","1,337.74","1,352.63","1,330.14","122.94K","0.90%"
"06/07/2023","1,340.52","1,349.38","1,350.80","1,330.23","123.49K","-0.66%"
"05/07/2023","1,349.43","1,352.86","1,355.53","1,349.37","122.35K","0.26%"
"04/07/2023","1,345.95","1,333.41","1,345.95","1,333.15","106.27K","1.09%"
"03/07/2023","1,331.39","1,329.81","1,332.79","1,325.79","80.78K","0.43%"
"30/06/2023","1,325.74","1,327.27","1,328.62","1,318.65","99.74K","-0.14%"
"29/06/2023","1,327.59","1,347.80","1,348.93","1,327.59","140.38K","-1.64%"
"28/06/2023","1,349.70","1,353.95","1,358.88","1,345.26","133.10K","-0.29%"
"27/06/2023","1,353.63","1,353.35","1,357.29","1,346.54","126.45K","0.25%"
"26/06/2023","1,350.29","1,355.70","1,359.48","1,332.69","165.95K","-0.54%"
"23/06/2023","1,357.66","1,358.79","1,361.48","1,348.51","161.85K","0.24%"
"22/06/2023","1,354.38","1,354.45","1,357.86","1,350.78","152.86K","0.55%"
"21/06/2023","1,346.91","1,330.49","1,346.91","1,330.49","160.40K","1.40%"
"20/06/2023","1,328.26","1,313.12","1,328.26","1,311.17","108.63K","1.37%"
"19/06/2023","1,310.37","1,321.97","1,325.87","1,307.68","153.98K","-0.76%"
"16/06/2023","1,320.36","1,322.53","1,339.16","1,320.08","172.30K","-0.15%"
"15/06/2023","1,322.38","1,329.10","1,332.45","1,317.68","133.67K","-0.58%"
"14/06/2023","1,330.07","1,354.92","1,355.59","1,330.07","174.45K","-1.13%"
"13/06/2023","1,345.24","1,342.81","1,348.11","1,339.22","190.99K","0.63%"
"12/06/2023","1,336.83","1,332.33","1,336.83","1,321.82","142.82K","0.91%"
"09/06/2023","1,324.73","1,321.46","1,324.73","1,308.26","162.87K","0.47%"
"08/06/2023","1,318.53","1,340.05","1,343.99","1,318.53","248.98K","-1.12%"
"07/06/2023","1,333.40","1,322.30","1,333.40","1,321.58","178.63K","1.17%"
"06/06/2023","1,318.03","1,307.98","1,318.03","1,306.58","150.81K","0.74%"
"05/06/2023","1,308.30","1,317.40","1,317.40","1,307.27","172.97K","0.00%"
"02/06/2023","1,308.35","1,320.83","1,320.91","1,306.06","185.56K","-0.01%"
"01/06/2023","1,308.45","1,306.25","1,313.43","1,298.84","213.44K","0.70%"
"31/05/2023","1,299.35","1,292.04","1,301.63","1,291.34","193.69K","0.81%"
"30/05/2023","1,288.91","1,286.73","1,288.91","1,276.68","188.67K","0.78%"
"29/05/2023","1,278.94","1,261.76","1,278.94","1,261.76","200.41K","1.87%"
"26/05/2023","1,255.51","1,248.90","1,255.51","1,248.25","141.96K","0.75%"
"25/05/2023","1,246.11","1,245.28","1,249.18","1,241.35","125.96K","0.03%"
"24/05/2023","1,245.76","1,244.31","1,246.65","1,241.74","151.54K","0.54%"
"23/05/2023","1,239.12","1,240.32","1,245.73","1,234.65","120.57K","-0.02%"
"22/05/2023","1,239.42","1,231.91","1,239.42","1,230.29","135.94K","1.05%"
"19/05/2023","1,226.51","1,226.74","1,229.04","1,214.35","140.79K","0.17%"
"18/05/2023","1,224.39","1,226.57","1,228.78","1,223.88","110.87K","0.05%"
"17/05/2023","1,223.76","1,226.82","1,235.80","1,222.78","174.51K","-0.18%"
"16/05/2023","1,225.93","1,225.43","1,229.91","1,222.25","139.79K","0.24%"
"15/05/2023","1,222.99","1,231.81","1,238.37","1,222.64","181.07K","-0.55%"
"12/05/2023","1,229.72","1,224.00","1,229.72","1,221.35","168.98K","0.51%"
"11/05/2023","1,223.43","1,226.22","1,229.50","1,222.06","164.47K","0.40%"
"10/05/2023","1,218.56","1,207.84","1,219.08","1,207.64","179.50K","1.16%"
"09/05/2023","1,204.59","1,200.64","1,206.86","1,197.07","126.18K","0.35%"
"08/05/2023","1,200.38","1,198.02","1,204.42","1,197.56","144.90K","0.56%"
"05/05/2023","1,193.72","1,194.53","1,198.76","1,187.24","103.54K","-0.16%"
"04/05/2023","1,195.66","1,185.65","1,195.66","1,185.15","136.66K","0.63%"
"28/04/2023","1,188.22","1,184.55","1,188.22","1,181.62","112.37K","0.57%"
"27/04/2023","1,181.46","1,181.46","1,184.66","1,178.55","96.35K","0.22%"
"26/04/2023","1,178.90","1,167.57","1,178.90","1,163.76","91.92K","0.81%"
"25/04/2023","1,169.42","1,174.16","1,182.22","1,163.61","127.40K","-0.34%"
"24/04/2023","1,173.37","1,171.45","1,179.11","1,166.77","119.71K","0.36%"
"21/04/2023","1,169.20","1,171.10","1,177.36","1,164.57","111.23K","0.13%"
"20/04/2023","1,167.63","1,163.38","1,168.96","1,160.44","78.86K","0.49%"
"19/04/2023","1,161.89","1,173.16","1,174.36","1,159.54","92.83K","-0.67%"
"18/04/2023","1,169.75","1,159.88","1,169.75","1,156.79","105.17K","0.97%"
"17/04/2023","1,158.50","1,156.76","1,160.08","1,153.49","86.31K","0.14%"
"14/04/2023","1,156.89","1,177.69","1,180.22","1,156.89","147.87K","-1.57%"
"13/04/2023","1,175.36","1,184.36","1,185.44","1,172.54","139.39K","-0.65%"
"12/04/2023","1,183.09","1,182.74","1,185.68","1,177.40","141.06K","0.33%"
"11/04/2023","1,179.21","1,166.95","1,179.21","1,157.36","148.02K","0.97%"
"10/04/2023","1,167.88","1,177.98","1,184.54","1,163.19","194.29K","-0.09%"
"07/04/2023","1,168.96","1,164.26","1,169.85","1,158.72","155.43K","0.58%"
"06/04/2023","1,162.25","1,176.28","1,186.25","1,162.25","263.15K","-0.66%"
"05/04/2023","1,169.97","1,157.24","1,169.97","1,156.93","188.36K","1.04%"
"04/04/2023","1,157.93","1,147.62","1,157.93","1,145.67","192.93K","1.23%"
"03/04/2023","1,143.88","1,132.60","1,143.88","1,132.60","162.58K","1.85%"
"31/03/2023","1,123.11","1,119.63","1,124.58","1,112.83","112.32K","0.43%"
"30/03/2023","1,118.32","1,125.35","1,127.74","1,117.48","120.12K","-0.06%"
"29/03/2023","1,118.99","1,116.36","1,118.99","1,111.90","86.24K","0.21%"
"28/03/2023","1,116.70","1,119.67","1,125.64","1,116.38","136.07K","0.17%"
"27/03/2023","1,114.84","1,107.57","1,114.86","1,105.61","108.70K","0.85%"
"24/03/2023","1,105.46","1,105.66","1,107.61","1,102.66","107.68K","0.41%"
"23/03/2023","1,100.95","1,096.55","1,100.95","1,093.92","65.45K","0.05%"
"22/03/2023","1,100.44","1,099.61","1,104.67","1,098.20","70.06K","0.09%"
"21/03/2023","1,099.40","1,094.86","1,099.40","1,087.06","66.58K","0.71%"
"20/03/2023","1,091.65","1,105.82","1,110.90","1,090.78","88.02K","-1.50%"
"17/03/2023","1,108.33","1,112.28","1,115.12","1,103.98","66.02K","0.20%"
"16/03/2023","1,106.09","1,115.83","1,115.83","1,103.43","81.73K","-1.30%"
"15/03/2023","1,120.66","1,094.40","1,120.66","1,094.40","115.30K","2.75%"
"14/03/2023","1,090.64","1,108.83","1,109.98","1,086.06","110.30K","-1.61%"
"13/03/2023","1,108.46","1,109.20","1,113.49","1,107.02","105.33K","-0.83%"
"10/03/2023","1,117.74","1,120.46","1,121.97","1,113.34","86.66K","-0.58%"
"09/03/2023","1,124.25","1,123.29","1,126.16","1,118.55","99.56K","0.50%"
"08/03/2023","1,118.70","1,101.37","1,118.70","1,100.53","110.09K","1.06%"
"07/03/2023","1,107.00","1,104.44","1,107.25","1,099.01","82.84K","0.45%"
"06/03/2023","1,102.03","1,108.36","1,117.28","1,102.03","80.77K","0.26%"
"03/03/2023","1,099.13","1,108.02","1,112.17","1,098.03","90.66K","-0.73%"
"02/03/2023","1,107.16","1,113.90","1,117.49","1,104.93","74.65K","-0.48%"
"01/03/2023","1,112.47","1,091.55","1,112.47","1,085.74","110.56K","1.66%"
"28/02/2023","1,094.31","1,101.20","1,106.96","1,089.08","104.99K","-0.08%"
"27/02/2023","1,095.14","1,115.81","1,115.81","1,094.26","122.77K","-2.11%"
"24/02/2023","1,118.79","1,133.87","1,135.72","1,116.15","116.23K","-1.20%"
"23/02/2023","1,132.36","1,131.88","1,133.20","1,102.80","154.92K","0.01%"
"22/02/2023","1,132.28","1,150.68","1,154.40","1,132.28","217.19K","-1.95%"
"21/02/2023","1,154.77","1,159.68","1,164.78","1,149.51","181.84K","0.38%"
"20/02/2023","1,150.36","1,122.65","1,150.36","1,122.55","130.93K","2.78%"
"17/02/2023","1,119.28","1,117.50","1,124.86","1,113.03","103.55K","0.07%"
"16/02/2023","1,118.54","1,108.98","1,118.54","1,106.36","88.78K","1.38%"
"15/02/2023","1,103.36","1,083.96","1,106.40","1,083.96","104.01K","1.76%"
"14/02/2023","1,084.28","1,079.49","1,086.54","1,076.21","67.42K","0.85%"
"13/02/2023","1,075.18","1,101.46","1,101.48","1,068.73","138.30K","-3.00%"
"10/02/2023","1,108.44","1,121.86","1,123.21","1,106.88","86.01K","-1.32%"
"09/02/2023","1,123.27","1,120.16","1,126.16","1,119.08","91.90K","0.47%"
"08/02/2023","1,118.04","1,113.14","1,122.85","1,096.51","98.13K","0.57%"
"07/02/2023","1,111.75","1,131.16","1,136.22","1,109.53","114.64K","-1.54%"
"06/02/2023","1,129.18","1,125.63","1,129.36","1,119.47","80.23K","0.32%"
"03/02/2023","1,125.63","1,124.36","1,130.75","1,116.96","91.96K","0.41%"
"02/02/2023","1,121.03","1,133.99","1,139.15","1,114.12","113.95K","-1.17%"
"01/02/2023","1,134.25","1,173.53","1,175.85","1,133.54","170.40K","-2.89%"
"31/01/2023","1,168.06","1,153.88","1,168.06","1,144.79","127.18K","0.98%"
"30/01/2023","1,156.75","1,152.72","1,165.31","1,147.36","154.43K","0.63%"
"27/01/2023","1,149.55","1,149.25","1,154.19","1,146.27","102.12K","0.80%"
"19/01/2023","1,140.40","1,128.23","1,140.40","1,127.69","94.18K","0.94%"
"18/01/2023","1,129.74","1,117.46","1,129.74","1,116.88","99.54K","1.38%"
"17/01/2023","1,114.36","1,095.60","1,114.36","1,095.58","92.36K","1.93%"
"16/01/2023","1,093.27","1,093.54","1,096.92","1,085.07","71.86K","-0.03%"
"13/01/2023","1,093.61","1,096.17","1,100.98","1,088.08","75.78K","0.11%"
"12/01/2023","1,092.45","1,094.78","1,094.78","1,085.78","66.49K","0.18%"
"11/01/2023","1,090.50","1,090.66","1,099.10","1,090.27","77.02K","0.41%"
"10/01/2023","1,086.02","1,081.23","1,088.51","1,069.20","74.93K","0.39%"
"09/01/2023","1,081.85","1,092.59","1,095.62","1,081.85","62.02K","-0.69%"
"06/01/2023","1,089.37","1,102.06","1,106.86","1,084.98","88.33K","-0.94%"
"05/01/2023","1,099.66","1,094.30","1,099.66","1,086.82","82.84K","0.50%"
"04/01/2023","1,094.22","1,104.67","1,110.62","1,091.00","116.25K","-0.22%"
"03/01/2023","1,096.60","1,065.28","1,096.60","1,065.07","90.21K","3.05%"
"30/12/2022","1,064.10","1,060.27","1,064.10","1,054.23","60.68K","0.68%"
"29/12/2022","1,056.93","1,056.41","1,061.89","1,050.49","68.26K","-0.24%"
"28/12/2022","1,059.42","1,057.32","1,059.68","1,048.71","60.79K","0.62%"
"27/12/2022","1,052.86","1,019.54","1,052.86","1,019.51","77.59K","2.45%"
"26/12/2022","1,027.67","1,064.03","1,066.60","1,027.67","92.70K","-3.47%"
"23/12/2022","1,064.56","1,064.42","1,069.85","1,056.28","60.10K","-0.40%"
"22/12/2022","1,068.83","1,068.51","1,075.51","1,051.09","78.63K","0.19%"
"21/12/2022","1,066.79","1,090.89","1,092.63","1,048.90","118.24K","-1.98%"
"20/12/2022","1,088.32","1,111.05","1,116.77","1,071.22","160.80K","-2.42%"
"19/12/2022","1,115.29","1,122.43","1,140.86","1,115.29","144.62K","-0.69%"
"16/12/2022","1,123.07","1,105.58","1,125.10","1,104.23","124.90K","0.58%"
"15/12/2022","1,116.64","1,112.80","1,120.62","1,103.66","104.79K","0.28%"
"14/12/2022","1,113.49","1,106.44","1,119.26","1,106.44","125.89K","0.74%"
"13/12/2022","1,105.27","1,088.78","1,105.27","1,073.55","112.11K","1.43%"
"12/12/2022","1,089.64","1,110.62","1,124.03","1,089.64","136.54K","-1.24%"
"09/12/2022","1,103.33","1,101.72","1,103.33","1,085.25","110.95K","0.65%"
"08/12/2022","1,096.17","1,082.30","1,108.60","1,082.30","142.08K","1.97%"
"07/12/2022","1,074.95","1,090.90","1,103.38","1,070.04","146.01K","-2.35%"
"06/12/2022","1,100.86","1,126.50","1,132.89","1,100.86","222.76K","-2.40%"
"05/12/2022","1,127.93","1,127.45","1,142.38","1,125.15","159.83K","0.64%"
"02/12/2022","1,120.74","1,092.31","1,120.74","1,077.11","146.82K","2.12%"
"01/12/2022","1,097.51","1,104.92","1,118.94","1,087.20","197.58K","0.83%"
"30/11/2022","1,088.48","1,076.19","1,088.48","1,066.70","126.19K","1.69%"
"29/11/2022","1,070.43","1,056.91","1,073.04","1,038.65","178.97K","2.22%"
"28/11/2022","1,047.17","1,029.16","1,047.17","1,028.03","116.31K","3.66%"
"25/11/2022","1,010.18","986.74","1,010.18","986.74","88.89K","3.17%"
"24/11/2022","979.16","974.76","982.40","963.69","78.07K","-0.32%"
"23/11/2022","982.32","994.30","1,001.16","981.13","81.73K","-1.80%"
"22/11/2022","1,000.28","993.59","1,021.68","990.25","138.89K","0.68%"
"21/11/2022","993.51","990.27","998.97","987.34","94.23K","1.07%"
"18/11/2022","983.00","967.55","983.67","942.44","123.04K","1.56%"
"17/11/2022","967.86","949.45","970.23","949.45","84.27K","2.42%"
"16/11/2022","944.95","885.54","944.95","863.56","163.00K","3.98%"
"15/11/2022","908.79","925.20","930.80","898.79","76.41K","-4.72%"
"14/11/2022","953.76","981.34","981.34","940.32","85.75K","-3.53%"
"11/11/2022","988.71","1,007.18","1,015.14","980.22","98.72K","-1.68%"
"10/11/2022","1,005.59","1,044.29","1,044.29","996.99","79.01K","-4.45%"
"09/11/2022","1,052.37","1,053.37","1,066.95","1,045.84","55.05K","0.35%"
"08/11/2022","1,048.74","1,027.87","1,048.74","1,024.97","76.57K","-0.51%"
"07/11/2022","1,054.14","1,092.44","1,096.49","1,051.51","76.11K","-4.16%"
"04/11/2022","1,099.85","1,131.32","1,131.53","1,090.56","85.02K","-3.30%"
"03/11/2022","1,137.37","1,134.45","1,144.54","1,133.22","67.26K","-0.57%"
"02/11/2022","1,143.93","1,146.52","1,152.60","1,137.62","61.84K","-0.22%"
"01/11/2022","1,146.49","1,140.14","1,152.18","1,139.56","72.23K","0.83%"
"31/10/2022","1,137.08","1,142.22","1,145.40","1,110.04","75.35K","-0.35%"
"28/10/2022","1,141.08","1,145.26","1,157.39","1,140.34","82.60K","0.69%"
"27/10/2022","1,133.28","1,090.10","1,133.28","1,089.84","80.64K","3.51%"
"26/10/2022","1,094.89","1,114.77","1,124.98","1,088.58","66.33K","-1.71%"
"25/10/2022","1,113.96","1,108.94","1,139.16","1,081.60","103.73K","-1.06%"
"24/10/2022","1,125.87","1,170.50","1,170.50","1,119.50","86.31K","-3.82%"
"21/10/2022","1,170.61","1,226.35","1,227.42","1,167.71","94.83K","-4.73%"
"20/10/2022","1,228.73","1,240.36","1,242.29","1,223.19","54.78K","-1.12%"
"19/10/2022","1,242.62","1,247.36","1,252.31","1,239.04","56.40K","-0.13%"
"18/10/2022","1,244.23","1,248.21","1,257.84","1,240.11","81.39K","0.77%"
"17/10/2022","1,234.69","1,224.53","1,234.69","1,211.92","64.18K","0.47%"
"14/10/2022","1,228.86","1,219.86","1,231.60","1,219.86","79.04K","1.95%"
"13/10/2022","1,205.39","1,203.47","1,211.16","1,195.38","61.48K","0.34%"
"12/10/2022","1,201.30","1,176.62","1,212.03","1,169.56","83.29K","1.55%"
"11/10/2022","1,182.91","1,231.13","1,231.13","1,178.85","82.45K","-4.15%"
"10/10/2022","1,234.09","1,197.47","1,234.30","1,185.02","77.75K","1.62%"
"07/10/2022","1,214.44","1,243.72","1,247.24","1,202.36","122.24K","-3.90%"
"06/10/2022","1,263.77","1,314.62","1,315.25","1,259.73","82.58K","-3.60%"
"05/10/2022","1,310.92","1,282.48","1,310.92","1,282.28","70.74K","3.44%"
"04/10/2022","1,267.35","1,298.30","1,302.18","1,263.04","82.33K","-1.63%"
"03/10/2022","1,288.30","1,344.60","1,345.06","1,285.25","79.19K","-4.61%"
"30/09/2022","1,350.63","1,333.93","1,350.63","1,288.34","115.90K","0.54%"
"29/09/2022","1,343.35","1,381.90","1,391.61","1,343.35","89.11K","-2.18%"
"28/09/2022","1,373.33","1,396.76","1,400.37","1,368.26","101.11K","-2.00%"
"27/09/2022","1,401.32","1,414.00","1,419.93","1,398.18","88.69K","-0.73%"
"26/09/2022","1,411.58","1,439.33","1,442.31","1,395.73","132.11K","-3.68%"
"23/09/2022","1,465.51","1,476.02","1,481.15","1,463.01","90.35K","-0.57%"
"22/09/2022","1,473.93","1,441.93","1,473.93","1,440.04","90.04K","1.40%"
"21/09/2022","1,453.62","1,448.78","1,459.74","1,443.93","66.42K","-0.38%"
"20/09/2022","1,459.18","1,453.64","1,459.18","1,417.92","90.61K","0.91%"
"19/09/2022","1,446.08","1,500.66","1,500.66","1,445.84","117.23K","-3.74%"
"16/09/2022","1,502.23","1,523.88","1,525.65","1,498.91","103.28K","-1.68%"
"15/09/2022","1,527.87","1,533.45","1,535.21","1,525.25","72.15K","0.15%"
"14/09/2022","1,525.54","1,498.49","1,525.54","1,498.49","85.93K","-0.03%"
"13/09/2022","1,525.95","1,526.52","1,527.45","1,513.73","63.47K","0.01%"
"12/09/2022","1,525.78","1,530.66","1,534.13","1,520.97","61.00K","0.35%"
"09/09/2022","1,520.49","1,511.17","1,520.49","1,482.68","97.21K","0.99%"
"08/09/2022","1,505.55","1,532.90","1,536.41","1,502.06","104.53K","-1.24%"
"07/09/2022","1,524.49","1,565.57","1,567.70","1,524.49","136.28K","-2.86%"
"06/09/2022","1,569.33","1,575.74","1,580.39","1,569.33","98.71K","-0.30%"
"05/09/2022","1,574.05","1,575.54","1,581.71","1,570.93","82.85K","-0.11%"
"31/08/2022","1,575.78","1,557.63","1,575.78","1,555.83","84.67K","0.63%"
"30/08/2022","1,565.97","1,570.88","1,587.30","1,562.38","90.85K","-0.27%"
"29/08/2022","1,570.19","1,569.77","1,570.19","1,529.36","154.62K","-1.23%"
"26/08/2022","1,589.69","1,606.94","1,609.41","1,585.05","126.01K","-0.88%"
"25/08/2022","1,603.86","1,600.06","1,605.53","1,597.04","111.63K","0.42%"
"24/08/2022","1,597.13","1,590.86","1,597.49","1,587.65","115.23K","0.79%"
"23/08/2022","1,584.69","1,545.99","1,584.69","1,545.99","107.24K","1.60%"
"22/08/2022","1,559.78","1,569.31","1,573.62","1,546.34","122.08K","-0.71%"
"19/08/2022","1,571.01","1,574.35","1,586.65","1,560.90","114.36K","-0.30%"
"18/08/2022","1,575.79","1,578.22","1,581.78","1,565.62","108.63K","-0.42%"
"17/08/2022","1,582.43","1,590.80","1,600.63","1,575.54","139.14K","-0.17%"
"16/08/2022","1,585.05","1,579.93","1,587.97","1,576.34","107.16K","0.31%"
"15/08/2022","1,580.12","1,582.71","1,586.17","1,573.23","95.71K","0.54%"
"12/08/2022","1,571.70","1,549.83","1,573.07","1,547.04","113.02K","0.99%"
"11/08/2022","1,556.22","1,586.64","1,597.87","1,546.62","149.36K","-1.49%"
"10/08/2022","1,579.81","1,571.21","1,584.92","1,568.22","113.57K","0.34%"
"09/08/2022","1,574.43","1,567.38","1,579.24","1,563.26","131.87K","0.59%"
"08/08/2022","1,565.21","1,557.71","1,565.21","1,554.45","137.87K","0.93%"
"05/08/2022","1,550.76","1,531.12","1,550.76","1,525.76","118.47K","1.00%"
"04/08/2022","1,535.36","1,544.82","1,547.92","1,526.81","118.88K","-0.01%"
"03/08/2022","1,535.55","1,511.74","1,535.55","1,509.01","128.27K","1.13%"
"02/08/2022","1,518.39","1,504.89","1,519.11","1,504.66","144.89K","1.05%"
"01/08/2022","1,502.63","1,476.94","1,502.63","1,476.94","117.15K","1.73%"
"29/07/2022","1,477.02","1,482.41","1,490.70","1,473.48","96.45K","-0.02%"
"28/07/2022","1,477.34","1,456.35","1,490.32","1,456.35","103.08K","1.57%"
"27/07/2022","1,454.57","1,443.98","1,454.57","1,431.25","68.22K","0.69%"
"26/07/2022","1,444.59","1,458.50","1,461.87","1,442.06","68.62K","-0.72%"
"25/07/2022","1,455.02","1,460.00","1,465.15","1,446.27","76.38K","-0.57%"
"22/07/2022","1,463.42","1,473.90","1,478.13","1,463.42","80.08K","-0.60%"
"21/07/2022","1,472.18","1,482.58","1,488.42","1,471.58","89.02K","-0.54%"
"20/07/2022","1,480.17","1,459.85","1,486.17","1,457.14","108.47K","2.59%"
"19/07/2022","1,442.87","1,442.59","1,445.78","1,425.98","88.21K","-0.29%"
"18/07/2022","1,447.01","1,447.93","1,458.00","1,440.44","85.96K","0.57%"
"15/07/2022","1,438.81","1,443.27","1,455.24","1,438.81","93.30K","-0.19%"
"14/07/2022","1,441.56","1,420.19","1,441.56","1,419.11","82.38K","0.76%"
"13/07/2022","1,430.62","1,430.59","1,439.89","1,424.66","92.68K","0.61%"
"12/07/2022","1,421.98","1,380.00","1,421.98","1,377.45","86.21K","3.32%"
"11/07/2022","1,376.24","1,385.65","1,396.51","1,362.77","71.65K","-0.92%"
"08/07/2022","1,388.95","1,371.77","1,391.57","1,370.25","68.26K","2.40%"
"07/07/2022","1,356.42","1,343.75","1,356.42","1,331.98","57.96K","0.45%"
"06/07/2022","1,350.32","1,382.44","1,382.44","1,350.32","65.80K","-2.80%"
"05/07/2022","1,389.24","1,423.25","1,427.20","1,388.80","79.54K","-2.57%"
"04/07/2022","1,425.86","1,431.19","1,449.34","1,420.64","58.95K","0.08%"
"01/07/2022","1,424.66","1,409.55","1,431.70","1,375.00","80.24K","0.13%"
"30/06/2022","1,422.86","1,451.91","1,459.45","1,422.86","71.78K","-1.93%"
"29/06/2022","1,450.92","1,442.68","1,458.48","1,435.26","68.83K","-0.17%"
"28/06/2022","1,453.40","1,442.93","1,460.87","1,439.10","86.58K","1.14%"
"27/06/2022","1,436.96","1,417.12","1,440.24","1,412.42","61.67K","1.91%"
"24/06/2022","1,409.96","1,413.00","1,423.83","1,409.70","66.76K","0.44%"
"23/06/2022","1,403.82","1,360.77","1,403.82","1,356.60","62.18K","3.18%"
"22/06/2022","1,360.55","1,365.60","1,376.50","1,344.76","94.50K","0.56%"
"21/06/2022","1,352.91","1,368.60","1,396.71","1,345.42","108.22K","-3.00%"
"20/06/2022","1,394.70","1,444.36","1,456.93","1,393.14","102.21K","-4.00%"
"17/06/2022","1,452.85","1,447.56","1,456.85","1,428.79","107.30K","-2.75%"
"16/06/2022","1,493.98","1,514.96","1,523.75","1,493.98","91.12K","0.11%"
"15/06/2022","1,492.37","1,539.49","1,546.54","1,468.10","117.66K","-2.88%"
"14/06/2022","1,536.56","1,518.51","1,564.74","1,518.17","99.55K","-2.08%"
"13/06/2022","1,569.13","1,592.36","1,611.58","1,564.24","129.96K","-5.32%"
"10/06/2022","1,657.37","1,690.95","1,708.45","1,657.37","102.80K","-2.92%"
"09/06/2022","1,707.30","1,704.82","1,712.53","1,697.12","71.77K","0.45%"
"08/06/2022","1,699.72","1,674.11","1,710.97","1,673.55","95.62K","2.37%"
"07/06/2022","1,660.35","1,653.76","1,660.35","1,611.38","129.06K","0.10%"
"06/06/2022","1,658.77","1,681.06","1,698.98","1,658.77","106.68K","-1.32%"
"03/06/2022","1,681.03","1,684.39","1,692.23","1,657.06","92.78K","-0.32%"
"02/06/2022","1,686.49","1,693.65","1,704.49","1,677.29","109.27K","-0.22%"
"01/06/2022","1,690.15","1,679.37","1,690.15","1,659.08","103.36K","0.37%"
"31/05/2022","1,683.95","1,694.11","1,705.52","1,675.43","118.45K","-0.62%"
"30/05/2022","1,694.54","1,682.38","1,703.71","1,674.98","103.16K","0.84%"
"27/05/2022","1,680.38","1,665.80","1,687.85","1,665.14","126.66K","0.82%"
"26/05/2022","1,666.70","1,659.22","1,675.35","1,654.93","116.27K","0.72%"
"25/05/2022","1,654.83","1,604.40","1,654.83","1,603.04","129.11K","3.55%"
"24/05/2022","1,598.16","1,587.21","1,598.16","1,552.46","87.27K","0.61%"
"23/05/2022","1,588.41","1,621.94","1,626.16","1,570.18","104.93K","-1.18%"
"20/05/2022","1,607.42","1,594.20","1,622.07","1,590.60","95.24K","0.86%"
"19/05/2022","1,593.64","1,554.19","1,597.28","1,554.19","83.79K","-0.39%"
"18/05/2022","1,599.80","1,605.37","1,621.39","1,588.90","93.69K","1.32%"
"17/05/2022","1,578.91","1,482.67","1,578.91","1,474.99","102.09K","5.23%"
"16/05/2022","1,500.41","1,542.60","1,567.89","1,496.58","102.42K","-0.85%"
"13/05/2022","1,513.29","1,580.82","1,597.09","1,509.36","136.58K","-5.68%"
"12/05/2022","1,604.39","1,682.65","1,691.91","1,602.24","102.66K","-5.34%"
"11/05/2022","1,694.83","1,689.49","1,699.55","1,664.07","89.16K","1.15%"
"10/05/2022","1,675.60","1,642.98","1,675.60","1,580.84","134.11K","0.73%"
"09/05/2022","1,663.52","1,728.87","1,730.30","1,663.31","120.09K","-5.92%"
"06/05/2022","1,768.18","1,810.48","1,813.55","1,768.18","100.89K","-3.35%"
"05/05/2022","1,829.55","1,865.65","1,870.30","1,796.35","118.60K","-1.34%"
"04/05/2022","1,854.31","1,863.41","1,873.90","1,849.96","139.36K","-0.56%"
"29/04/2022","1,864.75","1,812.23","1,864.75","1,803.44","126.13K","2.85%"
"28/04/2022","1,813.10","1,804.62","1,836.60","1,804.09","127.41K","0.63%"
"27/04/2022","1,801.81","1,756.59","1,802.42","1,734.58","120.46K","2.47%"
"26/04/2022","1,758.40","1,661.28","1,758.40","1,635.36","149.79K","2.53%"
"25/04/2022","1,715.03","1,807.65","1,812.77","1,706.93","150.50K","-5.38%"
"22/04/2022","1,812.49","1,839.52","1,872.87","1,773.68","237.45K","-2.07%"
"21/04/2022","1,850.75","1,877.05","1,882.94","1,807.45","153.62K","-2.58%"
"20/04/2022","1,899.78","1,955.96","1,959.44","1,899.78","152.01K","-3.62%"
"19/04/2022","1,971.09","2,034.50","2,043.88","1,970.60","161.72K","-3.12%"
"18/04/2022","2,034.49","2,088.01","2,088.01","2,015.66","201.42K","-2.93%"
"15/04/2022","2,095.89","2,103.28","2,122.55","2,089.80","142.58K","-0.89%"
"14/04/2022","2,114.76","2,126.27","2,132.43","2,111.47","115.91K","-0.12%"
"13/04/2022","2,117.24","2,061.75","2,117.24","2,017.47","172.62K","2.47%"
"12/04/2022","2,066.21","2,131.31","2,145.45","2,066.21","170.68K","-3.02%"
"08/04/2022","2,130.62","2,184.24","2,190.69","2,130.62","187.58K","-2.39%"
"07/04/2022","2,182.77","2,225.05","2,229.74","2,182.77","188.16K","-1.82%"
"06/04/2022","2,223.28","2,234.57","2,255.98","2,212.42","234.60K","-1.55%"
"05/04/2022","2,258.21","2,256.51","2,269.44","2,253.01","182.39K","-0.11%"
"04/04/2022","2,260.76","2,261.83","2,273.67","2,254.65","167.17K","0.90%"
"01/04/2022","2,240.62","2,192.12","2,240.62","2,181.05","260.47K","1.30%"
"31/03/2022","2,211.95","2,241.52","2,250.02","2,205.19","187.35K","-1.20%"
"30/03/2022","2,238.82","2,267.56","2,290.09","2,220.44","263.11K","-2.08%"
"29/03/2022","2,286.35","2,258.76","2,292.26","2,258.76","231.13K","1.38%"
"28/03/2022","2,255.24","2,280.22","2,280.22","2,225.89","272.35K","-1.25%"
"25/03/2022","2,283.74","2,266.27","2,286.75","2,266.08","233.80K","0.99%"
"24/03/2022","2,261.28","2,238.15","2,264.42","2,236.88","239.86K","1.11%"
"23/03/2022","2,236.46","2,228.73","2,246.75","2,228.66","229.95K","0.60%"
"22/03/2022","2,223.19","2,228.84","2,234.44","2,219.29","255.54K","0.15%"
"21/03/2022","2,219.84","2,195.72","2,219.84","2,195.72","221.13K","1.32%"
"18/03/2022","2,191.02","2,184.36","2,198.04","2,184.24","228.70K","0.66%"
"17/03/2022","2,176.68","2,173.43","2,182.41","2,166.14","203.03K","0.97%"
"16/03/2022","2,155.80","2,147.37","2,162.28","2,146.36","156.74K","1.12%"
"15/03/2022","2,131.84","2,115.53","2,135.91","2,103.49","165.17K","0.79%"
"14/03/2022","2,115.06","2,135.59","2,142.61","2,091.09","202.27K","-1.46%"
"11/03/2022","2,146.49","2,167.06","2,181.09","2,137.20","229.61K","-0.94%"
"10/03/2022","2,166.84","2,151.05","2,175.75","2,151.05","180.45K","1.38%"
"09/03/2022","2,137.30","2,135.43","2,145.41","2,081.97","220.63K","0.22%"
"08/03/2022","2,132.56","2,156.90","2,174.56","2,132.56","250.51K","-2.12%"
"07/03/2022","2,178.76","2,164.70","2,186.82","2,154.70","266.66K","0.64%"
"04/03/2022","2,164.93","2,156.03","2,170.94","2,152.67","231.42K","0.98%"
"03/03/2022","2,143.88","2,116.54","2,143.88","2,108.60","223.77K","1.67%"
"02/03/2022","2,108.66","2,117.87","2,127.12","2,096.34","175.83K","-0.39%"
"01/03/2022","2,116.98","2,093.44","2,125.58","2,093.44","208.46K","1.14%"
"28/02/2022","2,093.13","2,081.57","2,093.38","2,067.94","165.70K","0.47%"
"25/02/2022","2,083.44","2,082.07","2,096.84","2,079.53","159.23K","1.09%"
"24/02/2022","2,061.00","2,091.21","2,108.76","2,006.28","279.47K","-1.51%"
"23/02/2022","2,092.55","2,081.06","2,098.37","2,079.85","166.29K","1.15%"
"22/02/2022","2,068.85","2,088.12","2,088.12","2,042.55","232.10K","-1.08%"
"21/02/2022","2,091.42","2,062.22","2,100.33","2,062.22","210.84K","1.91%"
"18/02/2022","2,052.26","2,009.18","2,052.26","2,006.68","167.88K","1.55%"
"17/02/2022","2,020.85","2,006.46","2,021.35","2,004.72","147.17K","0.81%"
"16/02/2022","2,004.58","1,982.31","2,004.58","1,980.91","165.30K","1.77%"
"15/02/2022","1,969.62","1,957.98","1,969.62","1,943.61","95.66K","0.52%"
"14/02/2022","1,959.41","1,942.45","1,977.37","1,937.89","145.58K","-0.55%"
"11/02/2022","1,970.30","1,960.54","1,970.96","1,958.00","123.29K","0.34%"
"10/02/2022","1,963.58","1,962.11","1,973.28","1,953.23","112.19K","0.57%"
"09/02/2022","1,952.46","1,912.34","1,953.40","1,912.24","144.96K","1.66%"
"08/02/2022","1,920.55","1,913.27","1,930.38","1,908.39","138.94K","0.67%"
"07/02/2022","1,907.70","1,886.78","1,910.19","1,884.34","93.07K","3.10%"
"28/01/2022","1,850.34","1,815.11","1,850.34","1,795.46","122.72K","1.71%"
"27/01/2022","1,819.16","1,826.73","1,834.98","1,810.48","100.22K","-1.41%"
"26/01/2022","1,845.18","1,879.93","1,894.77","1,841.86","137.08K","-1.63%"
"25/01/2022","1,875.66","1,829.49","1,875.66","1,829.49","137.82K","-0.03%"
"24/01/2022","1,876.26","1,958.80","1,959.24","1,870.13","144.99K","-4.55%"
"21/01/2022","1,965.77","1,966.30","1,981.69","1,954.68","195.75K","1.06%"
"20/01/2022","1,945.08","1,883.47","1,945.08","1,880.16","201.47K","2.54%"
"19/01/2022","1,896.92","1,885.88","1,897.06","1,862.97","118.05K","-0.86%"
"18/01/2022","1,913.42","1,945.86","1,956.02","1,901.53","122.46K","-4.09%"
"17/01/2022","1,995.00","2,101.43","2,103.30","1,993.92","166.18K","-4.79%"
"14/01/2022","2,095.39","2,084.95","2,118.51","2,048.54","189.28K","-0.85%"
"13/01/2022","2,113.43","2,181.05","2,181.05","2,106.88","191.24K","-3.07%"
"12/01/2022","2,180.36","2,204.97","2,211.07","2,132.58","221.56K","-2.17%"
"11/01/2022","2,228.75","2,240.98","2,263.55","2,208.46","376.40K","-0.76%"
"10/01/2022","2,245.71","2,286.59","2,318.27","2,245.71","348.21K","-1.64%"
"07/01/2022","2,283.06","2,257.22","2,283.12","2,249.63","263.23K","1.55%"
"06/01/2022","2,248.19","2,237.90","2,261.90","2,228.07","280.64K","0.76%"
"05/01/2022","2,231.16","2,216.77","2,236.30","2,216.77","235.73K","1.18%"
"04/01/2022","2,205.10","2,171.75","2,214.54","2,171.75","172.34K","1.54%"
"31/12/2021","2,171.70","2,180.77","2,190.00","2,147.26","208.06K","-0.26%"
"30/12/2021","2,177.28","2,189.83","2,194.30","2,174.25","204.35K","-0.48%"
"29/12/2021","2,187.70","2,191.81","2,200.16","2,181.91","226.49K","0.17%"
"28/12/2021","2,183.95","2,181.14","2,194.26","2,170.42","236.71K","0.79%"
"27/12/2021","2,166.80","2,144.58","2,166.80","2,124.43","188.25K","1.34%"
"24/12/2021","2,138.20","2,156.30","2,166.92","2,120.65","244.57K","-0.22%"
"23/12/2021","2,142.97","2,160.17","2,170.20","2,094.43","362.80K","-0.61%"
"22/12/2021","2,156.05","2,152.75","2,165.25","2,143.67","268.25K","0.93%"
"21/12/2021","2,136.22","2,126.55","2,141.89","2,118.22","227.86K","0.62%"
"20/12/2021","2,123.02","2,126.31","2,127.83","2,094.75","246.98K","0.24%"
"17/12/2021","2,118.02","2,127.77","2,133.10","2,115.47","299.72K","0.56%"
"16/12/2021","2,106.27","2,087.27","2,106.27","2,083.78","247.68K","1.10%"
"15/12/2021","2,083.27","2,085.65","2,098.34","2,068.21","247.80K","-0.44%"
"14/12/2021","2,092.54","2,105.74","2,109.10","2,076.35","254.78K","0.32%"
"13/12/2021","2,085.78","2,049.10","2,088.00","2,047.98","222.25K","2.43%"
"10/12/2021","2,036.28","2,035.61","2,044.10","2,026.73","222.95K","0.05%"
"09/12/2021","2,035.17","1,998.00","2,035.17","1,995.68","148.94K","1.31%"
"08/12/2021","2,008.83","2,026.36","2,028.36","2,007.52","188.28K","-0.24%"
"07/12/2021","2,013.65","1,979.14","2,013.65","1,953.70","156.93K","2.63%"
"06/12/2021","1,962.08","2,032.85","2,047.82","1,948.15","242.43K","-3.64%"
"03/12/2021","2,036.15","2,092.65","2,097.33","2,031.98","271.72K","-2.41%"
"02/12/2021","2,086.49","2,089.80","2,098.36","2,084.73","188.06K","0.20%"
"01/12/2021","2,082.31","2,064.81","2,082.31","2,062.44","217.41K","0.27%"
"30/11/2021","2,076.75","2,096.13","2,103.51","2,065.60","233.87K","0.25%"
"29/11/2021","2,071.59","2,010.02","2,074.68","2,010.02","233.84K","0.64%"
"26/11/2021","2,058.43","2,076.82","2,082.54","2,039.38","240.14K","0.09%"
"25/11/2021","2,056.61","2,030.34","2,056.99","2,022.07","186.67K","1.37%"
"24/11/2021","2,028.84","2,057.43","2,061.26","2,027.60","188.29K","0.14%"
"23/11/2021","2,026.05","1,952.13","2,026.05","1,951.63","214.61K","1.64%"
"22/11/2021","1,993.37","2,063.22","2,067.70","1,990.98","317.83K","-3.72%"
"19/11/2021","2,070.33","2,133.89","2,137.45","2,020.48","413.67K","-2.14%"
"18/11/2021","2,115.66","2,100.97","2,119.49","2,087.85","269.35K","1.30%"
"17/11/2021","2,088.41","2,061.17","2,092.55","2,056.57","245.38K","1.17%"
"16/11/2021","2,064.29","2,060.36","2,078.83","2,032.26","362.17K","-0.28%"
"15/11/2021","2,070.17","2,074.84","2,087.27","2,050.29","318.47K","1.06%"
"12/11/2021","2,048.41","2,037.19","2,048.98","2,015.91","266.38K","1.13%"
"11/11/2021","2,025.52","2,022.93","2,037.50","1,990.77","315.89K","0.93%"
"10/11/2021","2,006.87","1,989.58","2,009.54","1,987.15","243.77K","1.19%"
"09/11/2021","1,983.31","1,979.81","1,988.90","1,968.10","250.35K","0.49%"
"08/11/2021","1,973.66","1,966.68","1,979.64","1,956.62","255.67K","1.13%"
"05/11/2021","1,951.59","1,941.09","1,951.59","1,925.26","232.77K","1.11%"
"04/11/2021","1,930.08","1,889.50","1,932.60","1,876.64","258.13K","1.18%"
"03/11/2021","1,907.66","1,997.24","2,002.66","1,907.66","432.46K","-3.66%"
"02/11/2021","1,980.16","1,948.92","1,980.16","1,946.07","294.31K","2.08%"
"01/11/2021","1,939.73","1,932.95","1,945.00","1,928.73","290.06K","1.19%"
"29/10/2021","1,916.89","1,909.29","1,916.93","1,895.00","277.67K","1.10%"
"28/10/2021","1,896.05","1,884.66","1,897.54","1,878.63","212.39K","1.16%"
"27/10/2021","1,874.23","1,853.15","1,876.86","1,853.15","232.90K","1.65%"
"26/10/2021","1,843.74","1,817.19","1,843.74","1,799.58","207.60K","1.03%"
"25/10/2021","1,824.92","1,828.56","1,840.34","1,820.90","251.45K","-0.05%"
"22/10/2021","1,825.76","1,823.32","1,832.33","1,817.60","231.33K","0.39%"
"21/10/2021","1,818.71","1,810.55","1,818.71","1,800.93","192.30K","1.03%"
"20/10/2021","1,800.16","1,794.38","1,804.45","1,773.59","247.46K","0.78%"
"19/10/2021","1,786.30","1,778.75","1,791.28","1,766.48","161.39K","0.38%"
"18/10/2021","1,779.57","1,783.39","1,791.32","1,777.26","211.87K","0.17%"
"15/10/2021","1,776.52","1,774.72","1,785.06","1,765.78","203.93K","0.60%"
"14/10/2021","1,765.87","1,754.62","1,770.13","1,754.57","169.59K","1.04%"
"13/10/2021","1,747.74","1,745.63","1,753.88","1,743.91","156.69K","0.46%"
"12/10/2021","1,739.69","1,731.14","1,741.20","1,720.35","180.73K","0.57%"
"11/10/2021","1,729.77","1,730.99","1,739.41","1,727.28","159.05K","0.17%"
"08/10/2021","1,726.90","1,736.16","1,738.99","1,725.02","160.02K","-0.25%"
"07/10/2021","1,731.20","1,711.50","1,735.58","1,710.80","197.54K","1.49%"
"06/10/2021","1,705.85","1,690.18","1,705.85","1,686.14","160.26K","1.64%"
"05/10/2021","1,678.26","1,671.83","1,682.32","1,666.31","135.49K","0.78%"
"04/10/2021","1,665.24","1,650.64","1,671.24","1,644.18","166.01K","1.09%"
"01/10/2021","1,647.27","1,645.54","1,660.09","1,641.27","134.44K","0.07%"
"30/09/2021","1,646.10","1,628.92","1,654.57","1,636.72","103.44K","1.05%"
"29/09/2021","1,628.92","1,616.76","1,628.92","1,600.60","129.42K","0.22%"
"28/09/2021","1,625.31","1,579.38","1,625.31","1,568.30","158.01K","1.42%"
"27/09/2021","1,602.50","1,653.27","1,659.92","1,602.50","213.07K","-3.56%"
"24/09/2021","1,661.69","1,683.45","1,683.45","1,656.80","179.43K","-1.65%"
"23/09/2021","1,689.53","1,733.24","1,734.60","1,689.06","334.81K","-1.27%"
"22/09/2021","1,711.32","1,693.05","1,711.32","1,689.86","247.72K","1.75%"
"21/09/2021","1,681.81","1,643.53","1,681.81","1,638.34","222.48K","0.47%"
"20/09/2021","1,673.98","1,691.48","1,695.32","1,664.03","257.74K","-0.32%"
"17/09/2021","1,679.39","1,652.50","1,679.39","1,651.88","203.81K","1.58%"
"16/09/2021","1,653.20","1,662.82","1,663.14","1,644.09","186.54K","-0.24%"
"15/09/2021","1,657.18","1,633.93","1,661.61","1,627.92","213.39K","1.65%"
"14/09/2021","1,630.35","1,623.21","1,640.35","1,621.99","232.28K","0.83%"
"13/09/2021","1,616.85","1,616.03","1,623.16","1,608.62","212.84K","0.62%"
"10/09/2021","1,606.96","1,599.37","1,608.86","1,598.02","146.81K","1.06%"
"09/09/2021","1,590.03","1,569.22","1,590.03","1,567.04","133.66K","1.45%"
"08/09/2021","1,567.24","1,567.12","1,579.86","1,555.66","152.97K","-0.40%"
"07/09/2021","1,573.47","1,613.65","1,615.08","1,569.66","225.49K","-2.10%"
"06/09/2021","1,607.18","1,583.59","1,612.67","1,582.71","236.72K","2.47%"
"01/09/2021","1,568.46","1,541.68","1,568.46","1,540.01","185.08K","1.49%"
"31/08/2021","1,545.38","1,547.17","1,555.11","1,536.56","198.00K","0.61%"
"30/08/2021","1,535.97","1,513.21","1,537.24","1,508.55","168.53K","2.68%"
"27/08/2021","1,495.83","1,466.35","1,496.25","1,457.21","129.29K","1.58%"
"26/08/2021","1,472.61","1,467.19","1,487.22","1,464.48","116.89K","0.84%"
"25/08/2021","1,460.29","1,443.41","1,460.29","1,425.77","119.59K","1.02%"
"24/08/2021","1,445.50","1,472.22","1,482.28","1,434.43","158.14K","-1.45%"
"23/08/2021","1,466.83","1,477.55","1,489.92","1,466.15","172.16K","-1.14%"
"20/08/2021","1,483.75","1,515.88","1,524.56","1,461.66","275.95K","-1.85%"
"19/08/2021","1,511.64","1,495.77","1,512.95","1,491.65","163.80K","1.06%"
"18/08/2021","1,495.82","1,491.56","1,505.65","1,491.19","137.06K","0.08%"
"17/08/2021","1,494.69","1,502.05","1,502.05","1,485.23","175.81K","-0.20%"
"16/08/2021","1,497.64","1,490.35","1,501.70","1,488.00","173.61K","1.72%"
"13/08/2021","1,472.28","1,455.49","1,472.28","1,432.49","180.81K","0.76%"
"12/08/2021","1,461.19","1,448.71","1,473.55","1,440.11","193.81K","0.59%"
"11/08/2021","1,452.69","1,452.22","1,462.62","1,451.60","170.52K","0.48%"
"10/08/2021","1,445.79","1,441.45","1,446.28","1,431.71","157.07K","1.22%"
"09/08/2021","1,428.32","1,393.80","1,428.32","1,391.69","145.88K","2.26%"
"06/08/2021","1,396.75","1,393.24","1,405.39","1,388.87","158.52K","0.48%"
"05/08/2021","1,390.14","1,373.21","1,390.14","1,368.24","124.48K","0.98%"
"04/08/2021","1,376.69","1,371.38","1,380.70","1,368.49","138.73K","0.91%"
"03/08/2021","1,364.32","1,350.55","1,364.32","1,349.73","130.60K","1.41%"
"02/08/2021","1,345.29","1,324.87","1,348.88","1,323.39","124.83K","1.43%"
"30/07/2021","1,326.33","1,316.80","1,327.66","1,316.41","89.89K","0.96%"
"29/07/2021","1,313.67","1,302.69","1,313.67","1,298.81","72.42K","1.04%"
"28/07/2021","1,300.12","1,302.12","1,307.68","1,294.52","62.69K","-0.33%"
"27/07/2021","1,304.43","1,305.36","1,311.05","1,301.37","74.61K","0.49%"
"26/07/2021","1,298.12","1,276.00","1,298.12","1,271.53","68.59K","0.82%"
"23/07/2021","1,287.61","1,297.36","1,303.20","1,283.59","74.58K","-0.94%"
"22/07/2021","1,299.87","1,277.19","1,302.17","1,274.98","81.18K","1.96%"
"21/07/2021","1,274.86","1,275.80","1,283.12","1,267.21","50.54K","0.30%"
"20/07/2021","1,271.02","1,245.63","1,271.02","1,235.90","72.06K","1.93%"
"19/07/2021","1,246.98","1,259.65","1,269.17","1,242.60","92.52K","-3.42%"
"16/07/2021","1,291.17","1,286.27","1,292.98","1,283.67","65.03K","0.41%"
"15/07/2021","1,285.92","1,264.43","1,285.92","1,257.73","61.18K","1.70%"
"14/07/2021","1,264.43","1,274.17","1,282.33","1,247.65","79.67K","-0.76%"
"13/07/2021","1,274.17","1,259.90","1,274.17","1,245.92","84.75K","1.13%"
"12/07/2021","1,259.90","1,317.18","1,317.18","1,244.74","116.04K","-4.35%"
"09/07/2021","1,317.18","1,344.83","1,346.68","1,306.25","93.37K","-2.06%"
"08/07/2021","1,344.83","1,347.46","1,361.50","1,336.50","73.12K","-0.20%"
"07/07/2021","1,347.46","1,346.88","1,347.46","1,310.57","104.67K","0.04%"
"06/07/2021","1,346.88","1,394.06","1,398.96","1,346.88","123.51K","-3.38%"
"05/07/2021","1,394.06","1,407.45","1,407.45","1,382.61","118.78K","-0.95%"
"02/07/2021","1,407.45","1,400.66","1,407.95","1,399.97","114.85K","0.48%"
"01/07/2021","1,400.66","1,392.19","1,401.92","1,386.75","123.34K","0.61%"
"30/06/2021","1,392.19","1,396.91","1,399.81","1,389.93","86.21K","-0.34%"
"29/06/2021","1,396.97","1,404.60","1,406.99","1,391.89","97.87K","-0.53%"
"28/06/2021","1,404.35","1,389.75","1,405.42","1,389.54","113.70K","1.05%"
"25/06/2021","1,389.79","1,378.26","1,390.13","1,370.70","86.33K","0.81%"
"24/06/2021","1,378.57","1,389.27","1,390.46","1,377.80","96.84K","-0.77%"
"23/06/2021","1,389.27","1,405.11","1,405.11","1,384.26","127.34K","-1.13%"
"22/06/2021","1,405.14","1,414.21","1,421.11","1,403.85","127.76K","-0.64%"
"21/06/2021","1,414.15","1,415.45","1,423.73","1,409.19","133.68K","-0.12%"
"18/06/2021","1,415.91","1,397.77","1,416.97","1,397.42","143.96K","1.30%"
"17/06/2021","1,397.68","1,383.90","1,397.68","1,369.81","119.27K","0.98%"
"16/06/2021","1,384.11","1,378.29","1,389.41","1,365.32","128.98K","0.43%"
"15/06/2021","1,378.25","1,368.61","1,379.92","1,362.83","107.39K","0.71%"
"14/06/2021","1,368.59","1,359.30","1,375.76","1,358.11","121.73K","0.61%"
"11/06/2021","1,360.28","1,336.02","1,360.32","1,335.19","132.39K","1.82%"
"10/06/2021","1,336.02","1,336.05","1,339.91","1,326.38","110.37K","0.01%"
"09/06/2021","1,335.83","1,331.19","1,341.97","1,306.95","109.67K","0.34%"
"08/06/2021","1,331.31","1,361.90","1,365.91","1,330.31","142.31K","-2.23%"
"07/06/2021","1,361.73","1,374.61","1,378.98","1,348.78","116.18K","-0.94%"
"04/06/2021","1,374.60","1,363.68","1,374.60","1,357.84","148.75K","0.80%"
"03/06/2021","1,363.74","1,331.80","1,363.83","1,331.79","158.59K","2.51%"
"02/06/2021","1,330.34","1,318.05","1,330.36","1,308.77","108.06K","0.91%"
"01/06/2021","1,318.30","1,324.30","1,326.53","1,317.00","90.88K","-0.41%"
"31/05/2021","1,323.69","1,320.46","1,324.33","1,303.60","109.24K","0.20%"
"28/05/2021","1,321.08","1,307.78","1,321.08","1,302.66","109.93K","1.02%"
"27/05/2021","1,307.78","1,316.80","1,321.38","1,302.61","105.37K","-0.69%"
"26/05/2021","1,316.91","1,322.08","1,322.08","1,312.25","127.52K","-0.39%"
"25/05/2021","1,322.10","1,316.62","1,322.51","1,314.37","126.04K","0.46%"
"24/05/2021","1,316.06","1,298.84","1,317.06","1,298.84","98.21K","1.33%"
"21/05/2021","1,298.84","1,281.89","1,303.31","1,273.13","107.46K","1.32%"
"20/05/2021","1,281.89","1,289.71","1,289.71","1,277.77","125.27K","-0.61%"
"19/05/2021","1,289.71","1,295.30","1,295.80","1,285.63","103.97K","-0.52%"
"18/05/2021","1,296.41","1,297.66","1,301.19","1,289.53","114.94K","-0.10%"
"17/05/2021","1,297.71","1,305.03","1,305.66","1,290.60","136.99K","-0.56%"
"14/05/2021","1,305.03","1,305.15","1,310.38","1,298.44","115.39K","-0.10%"
"13/05/2021","1,306.39","1,309.85","1,313.94","1,305.80","105.31K","-0.27%"
"12/05/2021","1,309.89","1,291.56","1,311.02","1,285.49","102.67K","1.42%"
"11/05/2021","1,291.59","1,282.21","1,303.06","1,281.53","119.86K","0.74%"
"10/05/2021","1,282.10","1,283.71","1,285.10","1,272.43","135.03K","-0.13%"
"07/05/2021","1,283.71","1,293.27","1,293.27","1,270.97","135.46K","-0.75%"
"06/05/2021","1,293.43","1,300.64","1,308.64","1,289.32","126.23K","-0.56%"
"05/05/2021","1,300.68","1,282.87","1,308.16","1,281.79","117.30K","1.38%"
"04/05/2021","1,282.92","1,289.55","1,289.55","1,251.67","116.49K","-0.52%"
"29/04/2021","1,289.64","1,290.92","1,299.50","1,287.02","92.84K","-0.11%"
"28/04/2021","1,291.09","1,276.83","1,292.23","1,273.19","130.83K","1.13%"
"27/04/2021","1,276.72","1,279.91","1,279.91","1,257.43","104.73K","-0.26%"
"26/04/2021","1,280.03","1,310.93","1,311.64","1,279.13","117.55K","-2.33%"
"23/04/2021","1,310.63","1,294.36","1,310.63","1,268.85","120.15K","1.25%"
"22/04/2021","1,294.45","1,333.71","1,333.71","1,294.45","144.43K","-2.95%"
"20/04/2021","1,333.76","1,341.50","1,346.37","1,323.08","191.11K","-0.57%"
"19/04/2021","1,341.34","1,327.70","1,341.34","1,308.22","193.85K","1.03%"
"16/04/2021","1,327.64","1,348.81","1,352.30","1,308.75","218.22K","-1.58%"
"15/04/2021","1,348.89","1,352.62","1,362.61","1,344.52","191.17K","-0.27%"
"14/04/2021","1,352.56","1,333.58","1,352.60","1,316.07","209.67K","1.31%"
"13/04/2021","1,335.04","1,351.09","1,359.76","1,326.76","273.44K","-1.06%"
"12/04/2021","1,349.41","1,333.33","1,349.43","1,333.33","198.94K","1.21%"
"09/04/2021","1,333.25","1,326.85","1,333.27","1,319.33","163.36K","0.48%"
"08/04/2021","1,326.85","1,329.39","1,332.73","1,315.08","174.43K","-0.15%"
"07/04/2021","1,328.86","1,315.37","1,328.86","1,314.19","183.26K","1.03%"
"06/04/2021","1,315.31","1,312.54","1,315.85","1,308.11","161.14K","0.21%"
"05/04/2021","1,312.54","1,311.32","1,316.77","1,301.39","159.17K","0.09%"
"02/04/2021","1,311.32","1,309.02","1,316.96","1,302.16","130.03K","0.15%"
"01/04/2021","1,309.32","1,299.83","1,309.32","1,294.90","138.33K","0.73%"
"31/03/2021","1,299.86","1,291.70","1,299.86","1,286.57","176.84K","0.68%"
"30/03/2021","1,291.12","1,280.88","1,291.58","1,277.62","163.09K","0.84%"
"29/03/2021","1,280.34","1,251.39","1,280.34","1,250.83","152.77K","2.34%"
"26/03/2021","1,251.03","1,256.92","1,257.29","1,213.00","134.38K","-0.53%"
"25/03/2021","1,257.69","1,260.38","1,266.88","1,241.12","138.47K","-0.21%"
"24/03/2021","1,260.38","1,283.73","1,283.73","1,249.16","145.78K","-1.83%"
"23/03/2021","1,283.90","1,296.49","1,297.77","1,272.22","170.00K","-0.96%"
"22/03/2021","1,296.41","1,285.54","1,296.41","1,281.89","159.31K","0.85%"
"19/03/2021","1,285.54","1,279.74","1,285.54","1,274.72","136.50K","0.45%"
"18/03/2021","1,279.79","1,276.37","1,288.03","1,274.91","141.05K","0.26%"
"17/03/2021","1,276.46","1,273.76","1,280.73","1,270.46","155.33K","0.29%"
"16/03/2021","1,272.76","1,267.77","1,275.29","1,258.20","167.19K","0.40%"
"15/03/2021","1,267.73","1,251.31","1,267.73","1,251.24","175.85K","1.32%"
"12/03/2021","1,251.27","1,249.08","1,254.70","1,247.47","159.11K","0.18%"
"11/03/2021","1,249.04","1,240.12","1,249.04","1,240.03","147.75K","0.72%"
"10/03/2021","1,240.09","1,237.62","1,240.30","1,226.38","133.00K","0.20%"
"09/03/2021","1,237.62","1,231.95","1,241.38","1,218.30","158.70K","0.50%"
"08/03/2021","1,231.51","1,209.45","1,233.64","1,209.18","185.61K","1.92%"
"05/03/2021","1,208.32","1,197.94","1,208.32","1,176.92","111.55K","0.86%"
"04/03/2021","1,198.05","1,212.23","1,224.42","1,183.03","147.80K","-1.18%"
"03/03/2021","1,212.34","1,193.31","1,212.34","1,190.22","158.11K","1.59%"
"02/03/2021","1,193.31","1,185.53","1,197.72","1,182.14","110.35K","0.74%"
"01/03/2021","1,184.59","1,157.74","1,184.89","1,157.74","124.24K","2.33%"
"26/02/2021","1,157.58","1,145.30","1,157.62","1,134.06","113.47K","1.07%"
"25/02/2021","1,145.30","1,141.00","1,150.34","1,134.56","106.97K","0.40%"
"24/02/2021","1,140.79","1,150.45","1,157.05","1,131.92","121.39K","-0.83%"
"23/02/2021","1,150.33","1,142.77","1,150.95","1,137.62","108.65K","0.66%"
"22/02/2021","1,142.77","1,135.73","1,148.71","1,133.70","116.82K","0.63%"
"19/02/2021","1,135.57","1,130.04","1,138.66","1,119.09","104.25K","0.48%"
"18/02/2021","1,130.09","1,119.54","1,135.73","1,116.13","114.88K","0.94%"
"17/02/2021","1,119.54","1,081.57","1,119.54","1,081.57","90.52K","3.51%"
"09/02/2021","1,081.57","1,059.16","1,081.95","1,052.28","82.61K","2.10%"
"08/02/2021","1,059.29","1,082.56","1,089.56","1,048.28","110.56K","-2.15%"
"05/02/2021","1,082.56","1,066.32","1,082.56","1,066.32","84.91K","1.51%"
"04/02/2021","1,066.43","1,059.90","1,072.45","1,056.32","87.19K","0.62%"
"03/02/2021","1,059.86","1,026.12","1,061.13","1,026.12","98.44K","3.29%"
"02/02/2021","1,026.13","1,015.54","1,026.13","992.93","100.17K","1.04%"
"01/02/2021","1,015.52","1,051.01","1,055.29","1,010.26","125.98K","-3.38%"
"29/01/2021","1,051.01","1,034.05","1,058.76","987.88","124.91K","1.57%"
"28/01/2021","1,034.81","1,099.49","1,099.49","1,031.15","110.78K","-5.99%"
"27/01/2021","1,100.73","1,140.44","1,140.44","1,093.52","155.74K","-3.58%"
"26/01/2021","1,141.64","1,171.35","1,172.58","1,129.09","159.03K","-2.58%"
"25/01/2021","1,171.87","1,167.03","1,176.28","1,157.66","153.21K","0.42%"
"22/01/2021","1,166.98","1,168.05","1,180.09","1,164.98","155.74K","-0.09%"
"21/01/2021","1,168.07","1,133.83","1,168.07","1,131.50","158.29K","3.09%"
"20/01/2021","1,133.02","1,142.24","1,143.82","1,091.49","189.36K","-0.88%"
"19/01/2021","1,143.10","1,199.74","1,200.69","1,130.15","220.54K","-4.62%"
"18/01/2021","1,198.51","1,190.66","1,204.20","1,189.50","159.84K","0.63%"
"15/01/2021","1,190.99","1,177.01","1,191.10","1,177.01","158.88K","1.22%"
"14/01/2021","1,176.68","1,165.13","1,176.68","1,156.55","176.05K","1.00%"
"13/01/2021","1,165.07","1,164.55","1,174.67","1,160.06","193.61K","0.10%"
"12/01/2021","1,163.92","1,148.46","1,163.92","1,138.79","156.56K","1.35%"
"11/01/2021","1,148.45","1,134.03","1,148.45","1,129.10","172.93K","1.28%"
"08/01/2021","1,133.95","1,123.54","1,140.14","1,123.53","175.85K","0.93%"
"07/01/2021","1,123.46","1,110.82","1,123.79","1,106.47","166.39K","1.14%"
"06/01/2021","1,110.75","1,107.52","1,116.25","1,103.99","150.42K","0.29%"
"05/01/2021","1,107.52","1,097.91","1,107.80","1,093.59","178.22K","0.87%"
"04/01/2021","1,097.97","1,076.39","1,099.58","1,075.83","159.81K","2.10%"
"31/12/2020","1,075.41","1,066.56","1,077.22","1,065.07","120.21K","0.83%"
"30/12/2020","1,066.58","1,066.96","1,075.46","1,063.44","160.77K","-0.04%"
"29/12/2020","1,066.96","1,055.63","1,069.47","1,052.86","148.63K","1.06%"
"28/12/2020","1,055.81","1,044.91","1,059.83","1,044.91","145.23K","1.18%"
"25/12/2020","1,043.54","1,023.00","1,043.54","1,012.24","145.42K","2.01%"
"24/12/2020","1,023.02","1,042.04","1,046.24","994.48","144.12K","-1.83%"
"23/12/2020","1,042.13","1,038.74","1,053.31","1,037.05","179.94K","0.35%"
"22/12/2020","1,038.46","1,017.40","1,039.20","1,017.38","169.14K","2.10%"
"21/12/2020","1,017.10","1,002.27","1,018.96","1,002.27","135.43K","1.48%"
"18/12/2020","1,002.27","992.20","1,002.46","991.32","111.38K","1.01%"
"17/12/2020","992.27","991.33","995.96","985.13","120.60K","0.09%"
"16/12/2020","991.33","980.10","992.13","980.10","99.30K","1.15%"
"15/12/2020","980.08","973.52","981.39","968.06","122.08K","0.68%"
"14/12/2020","973.48","956.58","973.48","956.53","101.29K","1.78%"
"11/12/2020","956.48","946.20","956.63","942.74","76.59K","1.10%"
"10/12/2020","946.05","956.65","958.46","945.31","109.94K","-1.05%"
"09/12/2020","956.10","951.49","958.53","951.43","114.44K","0.53%"
"08/12/2020","951.05","943.84","951.90","943.84","94.01K","0.78%"
"07/12/2020","943.70","930.79","946.00","930.79","102.30K","1.39%"
"04/12/2020","930.74","932.32","933.47","927.43","87.48K","-0.14%"
"03/12/2020","932.08","925.19","932.16","925.17","81.95K","0.72%"
"02/12/2020","925.41","924.57","927.94","922.60","77.68K","0.09%"
"01/12/2020","924.54","918.00","926.37","909.18","79.24K","0.69%"
"30/11/2020","918.17","918.08","924.60","918.08","65.10K","0.01%"
"27/11/2020","918.06","911.78","918.06","911.78","67.30K","0.73%"
"26/11/2020","911.37","907.74","911.65","904.66","61.41K","0.40%"
"25/11/2020","907.76","907.59","912.99","905.16","65.55K","0.02%"
"24/11/2020","907.57","907.24","910.58","899.43","75.80K","0.04%"
"23/11/2020","907.24","901.66","907.38","899.01","77.49K","0.63%"
"20/11/2020","901.59","888.92","901.59","887.68","103.20K","1.42%"
"19/11/2020","888.96","883.90","890.50","883.57","80.29K","0.57%"
"18/11/2020","883.90","876.62","884.15","876.51","83.91K","0.83%"
"17/11/2020","876.62","865.32","876.63","865.32","72.38K","1.30%"
"16/11/2020","865.41","865.52","871.34","860.26","74.13K","0.03%"
"13/11/2020","865.18","859.09","865.42","859.09","76.87K","0.71%"
"12/11/2020","859.11","855.96","860.43","855.96","62.82K","0.38%"
"11/11/2020","855.88","852.04","857.56","851.64","56.22K","0.46%"
"10/11/2020","851.92","852.88","861.11","851.87","60.65K","-0.11%"
"09/11/2020","852.82","840.21","852.82","840.14","58.02K","1.50%"
"06/11/2020","840.21","835.71","840.39","835.69","41.69K","0.54%"
"05/11/2020","835.71","838.62","841.44","835.65","48.51K","-0.35%"
"04/11/2020","838.64","828.27","839.97","828.27","50.50K","1.25%"
"03/11/2020","828.27","822.52","828.48","822.47","48.05K","0.70%"
"02/11/2020","822.52","814.05","822.52","814.05","54.08K","1.05%"
"30/10/2020","813.96","812.08","818.79","808.83","45.37K","0.24%"
"29/10/2020","812.03","808.25","815.01","799.96","62.05K","0.43%"
"28/10/2020","808.53","823.79","823.89","807.51","72.97K","-2.00%"
"27/10/2020","825.00","833.96","834.08","824.65","64.37K","-1.07%"
"26/10/2020","833.90","840.35","844.03","833.63","69.35K","-0.77%"
"23/10/2020","840.37","835.77","840.85","835.77","72.04K","0.56%"
"22/10/2020","835.71","833.32","835.89","829.44","51.97K","0.28%"
"21/10/2020","833.38","839.10","842.54","833.24","63.06K","-0.68%"
"20/10/2020","839.12","835.94","840.92","834.24","53.17K","0.37%"
"19/10/2020","836.05","831.87","836.14","831.76","49.58K","0.51%"
"16/10/2020","831.84","835.90","838.64","827.54","59.62K","-0.49%"
"15/10/2020","835.90","844.82","848.16","835.87","65.32K","-1.06%"
"14/10/2020","844.82","846.82","851.54","844.19","56.54K","-0.24%"
"13/10/2020","846.82","848.63","849.13","843.17","56.91K","-0.21%"
"12/10/2020","848.60","858.83","863.22","847.27","85.04K","-1.19%"
"09/10/2020","858.83","859.35","861.42","856.95","69.23K","-0.04%"
"08/10/2020","859.21","862.36","865.83","853.32","85.81K","-0.37%"
"07/10/2020","862.36","861.44","866.04","858.52","118.24K","0.14%"
"06/10/2020","861.18","853.23","861.38","852.15","114.60K","0.93%"
"05/10/2020","853.21","838.84","853.21","838.84","91.02K","1.71%"
"02/10/2020","838.84","843.09","846.45","827.68","97.16K","-0.51%"
"01/10/2020","843.11","833.63","843.11","833.63","69.93K","1.15%"
"30/09/2020","833.55","827.00","833.62","822.99","59.15K","0.79%"
"29/09/2020","827.02","832.50","835.51","826.56","82.94K","-0.65%"
"28/09/2020","832.44","826.83","832.69","826.83","68.31K","0.67%"
"25/09/2020","826.90","827.89","830.48","822.34","64.48K","-0.13%"
"24/09/2020","827.97","829.23","832.03","825.81","67.07K","-0.15%"
"23/09/2020","829.20","826.23","830.89","826.07","57.96K","0.36%"
"22/09/2020","826.21","829.34","829.34","822.68","73.91K","-0.38%"
"21/09/2020","829.39","831.11","834.74","828.92","72.60K","-0.21%"
"18/09/2020","831.10","828.11","831.10","827.77","58.97K","0.37%"
"17/09/2020","828.00","827.64","831.44","822.10","92.65K","0.04%"
"16/09/2020","827.69","827.90","828.25","824.33","64.80K","-0.03%"
"15/09/2020","827.90","826.66","831.66","826.66","100.43K","0.15%"
"14/09/2020","826.66","821.00","828.35","821.00","80.03K","0.67%"
"11/09/2020","821.15","813.00","821.15","811.25","84.09K","0.97%"
"10/09/2020","813.26","809.38","815.79","809.38","86.99K","0.49%"
"09/09/2020","809.28","802.93","809.28","796.31","65.06K","0.79%"
"08/09/2020","802.93","797.77","802.93","795.65","72.93K","0.65%"
"07/09/2020","797.78","802.79","809.04","797.78","91.90K","-0.62%"
"04/09/2020","802.79","806.41","806.41","794.14","69.40K","-0.46%"
"03/09/2020","806.50","805.17","812.82","804.34","73.21K","0.16%"
"01/09/2020","805.23","798.77","805.23","796.41","67.89K","0.81%"
"31/08/2020","798.76","807.78","810.69","796.55","85.94K","-1.11%"
"28/08/2020","807.69","805.48","811.17","805.48","85.39K","0.28%"
"27/08/2020","805.47","797.89","805.47","797.58","67.66K","0.95%"
"26/08/2020","797.89","793.21","799.84","789.86","80.19K","0.58%"
"25/08/2020","793.26","790.28","795.06","789.56","87.60K","0.37%"
"24/08/2020","790.32","781.00","792.08","781.00","89.26K","1.21%"
"21/08/2020","780.84","771.05","781.65","771.05","67.00K","1.29%"
"20/08/2020","770.93","770.96","774.70","768.95","56.91K","0.00%"
"19/08/2020","770.96","765.02","772.20","764.38","50.66K","0.77%"
"18/08/2020","765.09","761.96","766.45","760.68","44.08K","0.41%"
"17/08/2020","761.96","759.87","761.96","752.88","57.94K","0.28%"
"14/08/2020","759.87","762.95","767.62","756.81","69.37K","-0.40%"
"13/08/2020","762.95","752.23","762.95","752.22","66.74K","1.45%"
"12/08/2020","752.03","755.31","757.67","749.35","61.73K","-0.43%"
"11/08/2020","755.27","755.80","761.39","753.36","63.95K","-0.06%"
"10/08/2020","755.75","747.34","758.66","747.34","73.92K","1.11%"
"07/08/2020","747.45","741.49","750.57","741.43","58.33K","0.80%"
"06/08/2020","741.55","739.12","743.85","733.20","61.40K","0.33%"
"05/08/2020","739.09","729.48","739.42","725.68","68.85K","1.33%"
"04/08/2020","729.42","719.17","732.45","719.17","84.38K","1.45%"
"03/08/2020","718.96","699.94","719.45","699.56","66.20K","2.72%"
"31/07/2020","699.93","705.02","705.02","695.03","54.39K","-0.74%"
"30/07/2020","705.12","701.37","708.10","699.77","40.55K","0.55%"
"29/07/2020","701.29","720.64","720.64","688.07","65.98K","-2.70%"
"28/07/2020","720.74","696.18","720.85","694.62","70.77K","3.53%"
"27/07/2020","696.18","729.70","729.70","694.25","78.86K","-4.96%"
"24/07/2020","732.51","762.12","762.12","726.85","97.53K","-3.89%"
"23/07/2020","762.13","767.50","768.85","758.12","55.42K","-0.70%"
"22/07/2020","767.50","772.02","774.27","766.14","47.35K","-0.57%"
"21/07/2020","771.88","770.52","772.99","765.93","47.97K","0.19%"
"20/07/2020","770.45","775.65","777.94","769.77","61.88K","-0.67%"
"17/07/2020","775.64","771.29","776.55","771.03","65.19K","0.57%"
"16/07/2020","771.27","772.30","775.87","770.64","55.27K","-0.12%"
"15/07/2020","772.18","768.16","775.91","768.09","70.37K","0.52%"
"14/07/2020","768.16","766.52","768.28","762.39","54.84K","0.20%"
"13/07/2020","766.60","769.32","772.57","764.53","48.44K","-0.36%"
"10/07/2020","769.37","770.92","774.02","764.50","76.98K","-0.22%"
"09/07/2020","771.05","759.64","771.16","759.64","68.39K","1.49%"
"08/07/2020","759.72","758.42","759.98","755.59","43.74K","0.15%"
"07/07/2020","758.58","758.61","764.50","758.49","59.49K","0.02%"
"06/07/2020","758.45","754.43","760.11","754.25","45.82K","0.53%"
"03/07/2020","754.42","750.21","755.28","750.19","47.95K","0.53%"
"02/07/2020","750.45","750.94","756.11","748.67","37.39K","-0.09%"
"01/07/2020","751.11","734.69","752.00","732.84","72.05K","2.34%"
"30/06/2020","733.94","744.31","752.93","728.16","91.17K","-1.39%"
"29/06/2020","744.31","767.66","767.81","739.68","88.30K","-3.08%"
"26/06/2020","768.00","778.58","783.38","764.08","71.01K","-1.36%"
"25/06/2020","778.58","777.73","778.58","765.89","74.65K","0.04%"
"24/06/2020","778.23","789.18","793.08","776.58","103.16K","-1.38%"
"23/06/2020","789.09","787.73","792.80","783.45","128.73K","0.18%"
"22/06/2020","787.64","786.95","796.71","785.42","104.95K","0.09%"
"19/06/2020","786.97","772.82","786.97","771.01","129.57K","1.85%"
"18/06/2020","772.66","770.36","774.16","762.15","84.86K","0.26%"
"17/06/2020","770.68","773.51","776.56","766.80","116.62K","-0.37%"
"16/06/2020","773.51","760.24","774.11","760.24","136.98K","1.76%"
"15/06/2020","760.15","776.99","782.45","759.48","119.83K","-1.86%"
"12/06/2020","774.54","778.69","778.69","749.63","179.54K","-0.59%"
"11/06/2020","779.14","804.12","815.41","779.03","191.07K","-3.05%"
"10/06/2020","803.63","790.89","805.16","785.51","109.87K","1.58%"
"09/06/2020","791.10","787.93","795.36","783.86","114.40K","0.40%"
"08/06/2020","787.93","773.57","789.57","773.57","137.46K","1.97%"
"05/06/2020","772.69","760.06","772.93","758.54","129.22K","1.71%"
"04/06/2020","759.71","750.26","759.84","750.26","92.28K","1.26%"
"03/06/2020","750.24","744.65","751.61","740.30","98.31K","0.73%"
"02/06/2020","744.79","755.15","759.42","744.04","75.19K","-1.22%"
"01/06/2020","754.02","739.11","754.02","739.11","100.65K","2.03%"
"29/05/2020","739.02","732.52","739.02","731.15","75.86K","0.86%"
"28/05/2020","732.69","731.10","733.45","728.88","52.86K","0.22%"
"27/05/2020","731.07","735.65","739.70","730.26","69.16K","-0.60%"
"26/05/2020","735.47","728.02","735.82","728.02","56.61K","1.03%"
"25/05/2020","728.00","719.83","728.00","719.83","61.08K","1.15%"
"22/05/2020","719.73","721.07","724.01","717.36","49.05K","-0.19%"
"21/05/2020","721.07","721.29","724.96","720.15","53.82K","-0.02%"
"20/05/2020","721.22","717.21","721.22","714.77","38.22K","0.56%"
"19/05/2020","717.22","715.88","724.28","715.87","47.98K","0.21%"
"18/05/2020","715.73","712.36","716.17","708.81","45.71K","0.46%"
"15/05/2020","712.43","719.38","723.56","708.85","57.99K","-0.99%"
"14/05/2020","719.56","716.25","723.47","712.70","61.42K","0.46%"
"13/05/2020","716.25","706.65","717.23","704.37","72.56K","1.35%"
"12/05/2020","706.71","698.38","706.76","696.66","51.77K","1.20%"
"11/05/2020","698.36","691.27","698.80","691.09","44.45K","1.07%"
"08/05/2020","690.97","689.17","696.56","689.17","57.35K","0.25%"
"07/05/2020","689.25","683.80","689.93","683.80","39.61K","0.80%"
"06/05/2020","683.80","673.98","683.80","673.95","45.53K","1.48%"
"05/05/2020","673.85","670.64","674.39","667.40","45.84K","0.48%"
"04/05/2020","670.64","683.20","683.25","670.32","60.18K","-1.84%"
"29/04/2020","683.18","681.50","685.28","680.50","52.40K","0.24%"
"28/04/2020","681.53","679.75","683.09","675.14","37.14K","0.28%"
"27/04/2020","679.61","671.84","680.36","671.84","57.48K","1.16%"
"24/04/2020","671.84","667.23","671.84","662.50","50.51K","0.69%"
"23/04/2020","667.22","664.55","674.61","664.55","42.34K","0.42%"
"22/04/2020","664.45","653.06","664.93","643.62","48.43K","1.68%"
"21/04/2020","653.49","671.98","671.98","648.08","81.29K","-2.87%"
"20/04/2020","672.79","669.74","678.46","667.04","56.50K","0.49%"
"17/04/2020","669.50","657.20","670.55","657.20","53.50K","1.88%"
"16/04/2020","657.14","653.71","659.12","649.96","47.94K","0.57%"
"15/04/2020","653.44","642.05","654.71","641.72","60.31K","1.78%"
"14/04/2020","642.03","639.22","642.03","631.67","42.40K","0.48%"
"13/04/2020","638.97","632.91","639.23","632.91","34.02K","0.93%"
"10/04/2020","633.07","631.07","634.57","628.21","55.89K","0.29%"
"09/04/2020","631.26","623.34","633.64","623.34","56.60K","1.27%"
"08/04/2020","623.34","619.21","623.34","612.18","38.67K","0.66%"
"07/04/2020","619.23","619.00","623.93","614.73","54.68K","0.19%"
"06/04/2020","618.05","600.08","618.15","600.08","81.13K","3.01%"
"03/04/2020","600.01","585.52","600.01","585.52","45.10K","2.51%"
"01/04/2020","585.31","571.82","585.31","569.12","45.05K","2.34%"
"31/03/2020","571.92","578.20","584.34","563.24","66.11K","-1.09%"
"30/03/2020","578.20","601.33","601.33","574.91","44.80K","-3.88%"
"27/03/2020","601.52","611.06","611.06","598.85","36.74K","-1.56%"
"26/03/2020","611.06","620.89","620.89","609.04","33.97K","-1.59%"
"25/03/2020","620.91","610.48","621.77","610.48","55.73K","1.77%"
"24/03/2020","610.14","611.12","611.12","598.43","46.29K","-0.21%"
"23/03/2020","611.41","646.55","646.55","608.59","49.61K","-5.44%"
"20/03/2020","646.55","653.82","653.82","639.98","56.15K","-1.11%"
"19/03/2020","653.83","667.96","669.01","649.13","143.56K","-2.12%"
"18/03/2020","667.98","657.54","672.06","657.54","43.73K","1.60%"
"17/03/2020","657.47","650.30","657.47","643.00","45.93K","1.08%"
"16/03/2020","650.46","649.10","656.44","646.67","56.00K","0.21%"
"13/03/2020","649.10","656.59","656.59","628.52","63.60K","-1.32%"
"12/03/2020","657.79","684.45","684.45","651.76","70.38K","-3.89%"
"11/03/2020","684.43","700.18","708.20","678.00","87.14K","-2.14%"
"10/03/2020","699.41","698.34","701.33","680.09","67.44K","0.13%"
"09/03/2020","698.52","732.28","732.28","697.03","67.76K","-5.11%"
"06/03/2020","736.13","733.59","736.13","731.73","51.68K","0.35%"
"05/03/2020","733.59","732.62","739.94","732.62","58.29K","0.14%"
"04/03/2020","732.59","728.41","733.24","726.60","48.27K","0.57%"
"03/03/2020","728.41","719.63","729.12","719.63","45.60K","1.23%"
"02/03/2020","719.55","717.59","721.55","716.15","49.90K","0.28%"
"28/02/2020","717.55","728.65","728.65","711.32","46.35K","-1.51%"
"27/02/2020","728.52","720.06","728.65","718.82","33.15K","1.17%"
"26/02/2020","720.13","726.65","726.65","717.63","30.18K","-0.90%"
"25/02/2020","726.65","725.16","726.65","710.72","50.37K","0.20%"
"24/02/2020","725.18","751.02","751.02","724.24","57.16K","-3.51%"
"21/02/2020","751.56","757.27","758.90","750.49","50.50K","-0.75%"
"20/02/2020","757.27","752.93","758.34","752.93","57.33K","0.62%"
"19/02/2020","752.60","745.51","752.76","745.51","48.92K","0.95%"
"18/02/2020","745.51","742.48","746.66","742.32","42.22K","0.39%"
"17/02/2020","742.60","741.56","744.42","739.43","38.51K","0.16%"
"14/02/2020","741.43","739.75","743.30","739.09","44.20K","0.23%"
"13/02/2020","739.75","733.49","739.76","733.11","44.04K","0.85%"
"12/02/2020","733.53","723.56","733.83","723.56","42.51K","1.38%"
"11/02/2020","723.58","717.87","723.58","717.08","38.07K","0.82%"
"10/02/2020","717.71","721.97","721.97","714.91","35.75K","-0.59%"
"07/02/2020","722.00","720.42","723.06","719.72","36.85K","0.22%"
"06/02/2020","720.42","708.20","720.42","707.99","38.52K","1.74%"
"05/02/2020","708.08","704.66","709.71","703.17","43.35K","0.49%"
"04/02/2020","704.66","710.44","712.05","701.05","38.57K","-0.82%"
"03/02/2020","710.51","730.09","730.09","698.25","48.92K","-2.73%"
"31/01/2020","730.48","744.93","746.77","730.21","43.31K","-1.93%"
"30/01/2020","744.89","753.13","753.80","741.11","31.73K","-1.07%"
"22/01/2020","752.97","744.02","753.04","744.02","26.14K","1.20%"
"21/01/2020","744.02","740.77","744.02","740.45","22.35K","0.44%"
"20/01/2020","740.77","741.76","741.83","737.71","20.87K","-0.14%"
"17/01/2020","741.81","744.75","745.37","740.36","23.22K","-0.35%"
"16/01/2020","744.38","744.16","746.56","742.25","30.43K","0.01%"
"15/01/2020","744.31","744.81","747.04","743.10","29.68K","-0.06%"
"14/01/2020","744.76","746.33","746.33","742.01","27.37K","-0.19%"
"13/01/2020","746.20","751.39","752.16","744.92","35.36K","-0.66%"
"10/01/2020","751.17","754.94","755.63","749.55","34.49K","-0.50%"
"09/01/2020","754.93","752.00","757.25","752.00","33.03K","0.39%"
"08/01/2020","752.00","764.87","764.87","747.98","44.05K","-1.69%"
"07/01/2020","764.93","767.20","767.94","762.22","38.21K","-0.30%"
"06/01/2020","767.20","778.38","778.48","767.02","39.51K","-1.44%"
"03/01/2020","778.41","781.32","782.23","776.60","42.17K","-0.37%"
"02/01/2020","781.32","780.61","781.35","776.23","29.59K","0.09%"
"31/12/2019","780.61","781.94","782.06","775.38","41.05K","-0.17%"
"30/12/2019","781.94","788.73","788.73","777.89","49.83K","-0.86%"
"27/12/2019","788.73","792.54","792.54","785.63","39.58K","-0.48%"
"26/12/2019","792.54","797.53","797.54","791.52","51.87K","-0.61%"
"25/12/2019","797.41","797.12","800.00","796.35","70.56K","0.03%"
"24/12/2019","797.20","796.12","799.18","794.28","53.92K","0.11%"
"23/12/2019","796.33","798.08","804.02","795.53","53.39K","-0.17%"
"20/12/2019","797.66","792.10","797.66","792.10","47.91K","0.70%"
"19/12/2019","792.11","793.14","793.14","789.44","47.29K","-0.13%"
"18/12/2019","793.14","796.00","798.64","792.69","56.04K","-0.37%"
"17/12/2019","796.05","796.48","801.58","794.38","69.97K","-0.04%"
"16/12/2019","796.40","792.10","796.40","791.68","64.19K","0.55%"
"13/12/2019","792.08","791.38","795.89","790.20","42.88K","0.09%"
"12/12/2019","791.38","789.19","791.61","788.18","38.30K","0.29%"
"11/12/2019","789.12","785.72","789.12","783.07","36.16K","0.44%"
"10/12/2019","785.63","788.56","789.96","782.34","36.62K","-0.36%"
"09/12/2019","788.50","784.78","790.10","784.78","49.67K","0.47%"
"06/12/2019","784.80","782.73","785.78","781.61","29.48K","0.24%"
"05/12/2019","782.92","782.03","784.36","780.45","38.46K","0.11%"
"04/12/2019","782.03","777.44","782.63","775.90","32.32K","0.58%"
"03/12/2019","777.51","778.42","779.90","774.57","30.46K","-0.12%"
"02/12/2019","778.42","784.71","786.31","777.33","32.43K","-0.83%"
"29/11/2019","784.96","781.68","784.96","780.18","26.41K","0.42%"
"28/11/2019","781.68","783.20","785.75","778.23","27.43K","-0.19%"
"27/11/2019","783.14","781.06","784.01","780.38","28.55K","0.27%"
"26/11/2019","781.06","777.31","781.06","777.31","19.03K","0.53%"
"25/11/2019","776.96","777.87","778.45","773.33","20.94K","-0.12%"
"22/11/2019","777.87","788.61","788.76","775.80","26.55K","-1.32%"
"21/11/2019","788.31","785.71","788.65","784.79","22.58K","0.23%"
"20/11/2019","786.51","785.89","787.16","784.46","28.84K","0.08%"
"19/11/2019","785.89","785.44","787.27","783.84","29.31K","0.06%"
"18/11/2019","785.39","786.09","788.00","783.38","25.05K","-0.06%"
"15/11/2019","785.87","788.10","789.92","784.55","31.74K","-0.29%"
"14/11/2019","788.13","790.68","791.77","786.91","43.61K","-0.32%"
"13/11/2019","790.63","792.01","793.16","788.25","26.28K","-0.17%"
"12/11/2019","791.95","788.76","791.99","786.86","29.21K","0.40%"
"11/11/2019","788.78","789.89","790.21","786.45","28.95K","-0.13%"
"08/11/2019","789.84","789.42","792.17","788.86","21.30K","0.05%"
"07/11/2019","789.48","789.56","790.14","786.46","22.61K","-0.02%"
"06/11/2019","789.60","788.05","790.81","788.03","22.11K","0.20%"
"05/11/2019","788.05","785.27","788.23","782.82","24.43K","0.36%"
"04/11/2019","785.26","786.47","789.48","783.74","28.78K","-0.13%"
"01/11/2019","786.32","788.57","789.11","784.87","28.16K","-0.30%"
"31/10/2019","788.69","793.86","793.86","787.71","43.06K","-0.62%"
"30/10/2019","793.60","794.35","795.07","791.71","29.04K","-0.10%"
"29/10/2019","794.37","797.64","799.59","793.63","27.20K","-0.42%"
"28/10/2019","797.76","796.05","798.64","795.54","21.33K","0.22%"
"25/10/2019","796.01","796.89","799.54","795.01","23.72K","-0.12%"
"24/10/2019","796.93","797.87","799.67","795.18","21.66K","-0.12%"
"23/10/2019","797.87","799.29","799.82","796.80","27.05K","-0.18%"
"22/10/2019","799.28","798.00","801.28","797.25","32.36K","0.18%"
"21/10/2019","797.86","799.47","801.29","797.64","34.23K","-0.20%"
"18/10/2019","799.47","799.23","802.75","798.93","28.15K","0.03%"
"17/10/2019","799.23","801.24","802.62","797.62","20.65K","-0.25%"
"16/10/2019","801.23","801.60","803.67","798.51","23.10K","-0.06%"
"15/10/2019","801.69","801.69","802.75","799.21","24.25K","0.01%"
"14/10/2019","801.58","802.14","805.50","800.03","33.73K","0.01%"
"11/10/2019","801.52","799.65","802.28","797.70","27.68K","0.23%"
"10/10/2019","799.65","803.55","804.27","798.83","26.51K","-0.48%"
"09/10/2019","803.53","804.91","806.49","801.69","32.32K","-0.16%"
"08/10/2019","804.85","803.92","805.84","801.91","31.06K","0.09%"
"07/10/2019","804.13","807.58","810.89","803.38","25.78K","-0.43%"
"04/10/2019","807.57","805.21","810.00","805.21","29.70K","0.29%"
"03/10/2019","805.21","799.76","805.21","795.90","40.07K","0.68%"
"02/10/2019","799.76","805.01","806.95","799.25","27.18K","-0.65%"
"01/10/2019","805.01","801.03","805.60","800.98","23.67K","0.49%"
"30/09/2019","801.07","801.56","804.76","799.71","24.69K","-0.04%"
"27/09/2019","801.42","804.76","805.71","799.07","27.31K","-0.42%"
"26/09/2019","804.76","805.35","808.79","803.55","21.42K","-0.07%"
"25/09/2019","805.35","802.09","805.35","800.68","23.91K","0.42%"
"24/09/2019","801.97","801.87","802.98","799.74","21.01K","0.01%"
"23/09/2019","801.87","809.86","811.40","801.63","27.87K","-0.97%"
"20/09/2019","809.75","810.41","812.66","808.31","27.38K","-0.07%"
"19/09/2019","810.35","808.29","810.40","807.48","27.46K","0.25%"
"18/09/2019","808.32","809.69","812.31","806.94","21.90K","-0.17%"
"17/09/2019","809.68","809.13","809.68","805.70","32.66K","0.07%"
"16/09/2019","809.13","807.54","811.09","806.82","29.75K","0.20%"
"13/09/2019","807.52","805.63","807.88","804.36","30.33K","0.23%"
"12/09/2019","805.63","800.26","806.51","800.26","22.27K","0.67%"
"11/09/2019","800.24","795.66","800.24","795.42","17.94K","0.59%"
"10/09/2019","795.54","803.45","805.72","793.82","25.80K","-0.98%"
"09/09/2019","803.45","809.09","809.09","802.65","20.90K","-0.70%"
"06/09/2019","809.09","810.58","813.76","808.01","25.31K","-0.18%"
"05/09/2019","810.57","811.79","816.32","810.51","25.97K","-0.16%"
"04/09/2019","811.84","813.29","813.29","803.59","29.37K","-0.19%"
"03/09/2019","813.36","822.76","823.02","812.99","31.99K","-1.14%"
"30/08/2019","822.74","823.87","826.01","821.04","31.79K","-0.14%"
"29/08/2019","823.87","825.48","827.38","819.90","27.39K","-0.18%"
"28/08/2019","825.33","828.66","830.13","825.33","29.94K","-0.41%"
"27/08/2019","828.70","831.09","835.11","827.11","34.99K","-0.30%"
"26/08/2019","831.17","830.99","831.17","825.28","29.24K","0.02%"
"23/08/2019","830.99","831.12","832.41","826.88","26.77K","-0.02%"
"22/08/2019","831.12","829.03","832.32","828.30","28.26K","0.27%"
"21/08/2019","828.90","828.57","830.99","828.18","29.13K","0.03%"
"20/08/2019","828.62","821.99","828.62","821.99","27.45K","0.81%"
"19/08/2019","821.99","818.76","821.99","817.94","22.24K","0.39%"
"16/08/2019","818.79","818.03","821.36","816.94","27.30K","0.09%"
"15/08/2019","818.03","816.15","818.03","808.19","24.80K","0.14%"
"14/08/2019","816.87","815.99","822.06","815.43","24.77K","0.12%"
"13/08/2019","815.90","819.35","819.37","811.85","23.70K","-0.46%"
"12/08/2019","819.64","821.15","822.66","817.93","22.10K","-0.19%"
"09/08/2019","821.19","822.14","826.69","820.90","23.88K","-0.12%"
"08/08/2019","822.17","815.87","822.39","815.45","29.09K","0.77%"
"07/08/2019","815.89","815.10","818.65","811.88","26.90K","0.12%"
"06/08/2019","814.93","817.21","817.21","809.00","30.20K","-0.28%"
"05/08/2019","817.21","816.34","818.42","813.99","28.97K","0.10%"
"02/08/2019","816.38","810.14","816.38","808.75","23.73K","0.77%"
"01/08/2019","810.14","807.64","810.14","805.90","26.15K","0.31%"
"31/07/2019","807.64","808.60","808.60","804.34","25.94K","-0.12%"
"30/07/2019","808.59","814.41","816.13","807.76","22.08K","-0.71%"
"29/07/2019","814.35","817.92","818.28","811.90","18.99K","-0.34%"
"26/07/2019","817.13","817.01","818.58","815.37","20.20K","0.02%"
"25/07/2019","816.96","813.61","816.96","811.76","25.58K","0.42%"
"24/07/2019","813.58","815.45","818.60","812.50","23.68K","-0.24%"
"23/07/2019","815.50","816.68","817.57","815.05","23.90K","-0.14%"
"22/07/2019","816.63","822.95","822.95","815.22","22.25K","-0.77%"
"19/07/2019","822.95","822.55","824.27","821.08","26.93K","0.04%"
"18/07/2019","822.64","824.02","824.18","820.08","25.28K","-0.19%"
"17/07/2019","824.17","824.48","826.43","822.86","20.61K","-0.04%"
"16/07/2019","824.49","827.36","828.54","823.16","23.56K","-0.31%"
"15/07/2019","827.08","825.43","827.08","824.24","23.88K","0.20%"
"12/07/2019","825.45","826.23","828.19","825.31","22.98K","-0.13%"
"11/07/2019","826.55","825.13","830.25","825.13","26.83K","0.17%"
"10/07/2019","825.13","823.73","827.38","823.09","25.75K","0.17%"
"09/07/2019","823.73","819.63","823.73","819.63","26.16K","0.44%"
"08/07/2019","820.14","822.06","822.06","817.05","18.60K","-0.23%"
"05/07/2019","822.06","820.13","822.63","820.04","19.02K","0.24%"
"04/07/2019","820.13","818.73","821.27","818.19","20.60K","0.19%"
"03/07/2019","818.60","816.36","818.60","815.54","19.99K","0.27%"
"02/07/2019","816.36","817.66","819.55","814.57","21.80K","-0.16%"
"01/07/2019","817.63","810.97","817.67","810.97","20.34K","0.83%"
"28/06/2019","810.87","809.47","810.87","806.00","17.99K","0.17%"
"27/06/2019","809.47","814.15","816.15","807.93","20.18K","-0.55%"
"26/06/2019","813.93","812.71","815.86","812.21","22.93K","0.15%"
"25/06/2019","812.71","815.42","815.69","812.15","25.84K","-0.32%"
"24/06/2019","815.29","815.55","817.14","813.78","25.39K","-0.03%"
"21/06/2019","815.50","816.31","816.97","813.05","19.50K","-0.09%"
"20/06/2019","816.26","813.53","816.26","813.17","21.85K","0.34%"
"19/06/2019","813.50","811.88","817.00","811.01","22.22K","0.21%"
"18/06/2019","811.83","812.60","816.43","809.29","20.76K","-0.09%"
"17/06/2019","812.60","815.45","815.76","810.56","19.20K","-0.35%"
"14/06/2019","815.42","815.60","818.12","814.30","25.26K","-0.02%"
"13/06/2019","815.60","814.63","817.75","814.31","21.65K","0.12%"
"12/06/2019","814.63","816.80","817.27","814.46","22.55K","-0.27%"
"11/06/2019","816.80","818.24","818.31","815.90","22.67K","-0.18%"
"10/06/2019","818.24","814.54","818.24","813.70","19.11K","0.43%"
"07/06/2019","814.73","807.90","814.73","807.90","13.49K","0.84%"
"06/06/2019","807.92","810.32","811.10","804.58","16.55K","-0.29%"
"05/06/2019","810.29","805.44","812.06","805.13","16.91K","0.65%"
"04/06/2019","805.07","802.19","807.23","802.19","18.41K","0.37%"
"03/06/2019","802.08","814.30","814.51","801.73","23.22K","-1.51%"
"31/05/2019","814.37","821.46","823.59","814.21","20.09K","-0.87%"
"30/05/2019","821.49","822.64","823.36","819.36","26.08K","-0.03%"
"29/05/2019","821.72","820.08","823.13","819.89","23.58K","0.21%"
"28/05/2019","820.00","818.70","821.29","816.74","22.36K","0.16%"
"27/05/2019","818.68","819.61","821.54","816.52","17.18K","-0.11%"
"24/05/2019","819.61","823.32","823.36","817.83","21.77K","-0.45%"
"23/05/2019","823.32","822.81","823.32","818.57","20.50K","0.06%"
"22/05/2019","822.81","822.99","825.58","821.03","22.99K","-0.01%"
"21/05/2019","822.90","821.09","822.93","819.52","21.09K","0.22%"
"20/05/2019","821.13","818.64","821.45","817.86","21.60K","0.29%"
"17/05/2019","818.72","816.83","819.65","815.33","20.88K","0.24%"
"16/05/2019","816.79","819.45","821.58","816.63","23.37K","-0.33%"
"15/05/2019","819.53","814.46","819.53","813.04","23.07K","0.62%"
"14/05/2019","814.46","813.99","814.69","809.11","23.89K","0.06%"
"13/05/2019","814.01","812.96","816.81","812.78","24.31K","0.13%"
"10/05/2019","812.94","810.20","813.96","809.38","21.81K","0.34%"
"09/05/2019","810.20","814.05","816.33","809.93","21.22K","-0.48%"
"08/05/2019","814.13","814.15","814.20","810.73","28.17K","-0.02%"
"07/05/2019","814.28","813.14","817.61","811.96","23.12K","0.13%"
"06/05/2019","813.21","819.41","819.41","809.32","28.08K","-0.81%"
"03/05/2019","819.84","823.80","824.62","818.84","24.27K","-0.47%"
"02/05/2019","823.75","826.04","828.10","823.09","24.22K","-0.28%"
"26/04/2019","826.05","825.64","827.67","823.12","25.68K","0.05%"
"25/04/2019","825.67","827.46","828.38","823.80","24.81K","-0.20%"
"24/04/2019","827.29","821.72","827.31","821.39","24.28K","0.68%"
"23/04/2019","821.74","820.35","823.01","819.42","23.43K","0.17%"
"22/04/2019","820.36","828.98","828.98","819.79","28.75K","-1.04%"
"19/04/2019","828.98","826.32","830.12","825.46","19.75K","0.32%"
"18/04/2019","826.32","831.93","832.34","820.97","32.24K","-0.67%"
"17/04/2019","831.89","839.88","842.53","831.47","33.04K","-0.95%"
"16/04/2019","839.88","843.20","843.20","837.45","26.19K","-0.39%"
"12/04/2019","843.20","840.27","843.40","838.38","30.53K","0.35%"
"11/04/2019","840.29","836.15","840.55","836.15","32.36K","0.50%"
"10/04/2019","836.15","837.47","838.20","832.87","30.56K","-0.19%"
"09/04/2019","837.77","843.68","846.32","837.67","33.22K","-0.70%"
"08/04/2019","843.70","844.53","846.35","842.93","31.58K","-0.08%"
"05/04/2019","844.41","842.41","845.48","841.01","30.18K","0.24%"
"04/04/2019","842.35","834.29","842.70","833.31","37.59K","0.96%"
"03/04/2019","834.32","833.14","834.52","830.77","30.07K","0.14%"
"02/04/2019","833.13","833.35","840.08","831.14","32.55K","-0.02%"
"01/04/2019","833.31","834.03","836.60","832.66","31.45K","-0.08%"
"29/03/2019","833.98","831.89","837.63","831.71","25.33K","0.25%"
"28/03/2019","831.89","829.96","833.87","827.76","25.08K","0.21%"
"27/03/2019","830.12","822.88","832.40","822.88","23.27K","0.88%"
"26/03/2019","822.84","823.24","827.48","822.74","26.68K","-0.05%"
"25/03/2019","823.28","834.87","834.87","820.40","35.79K","-1.40%"
"22/03/2019","834.93","838.05","840.94","832.27","35.53K","-0.37%"
"21/03/2019","838.05","847.67","850.61","838.05","43.78K","-1.11%"
"20/03/2019","847.48","844.39","847.48","839.69","37.87K","0.36%"
"19/03/2019","844.40","845.53","848.51","842.21","52.58K","-0.13%"
"18/03/2019","845.46","838.62","845.56","838.05","39.93K","0.82%"
"15/03/2019","838.62","840.26","842.39","836.35","46.50K","-0.20%"
"14/03/2019","840.26","835.53","840.88","834.70","45.75K","0.57%"
"13/03/2019","835.53","831.97","835.98","831.87","40.95K","0.43%"
"12/03/2019","831.97","827.35","832.84","827.35","34.39K","0.57%"
"11/03/2019","827.25","822.19","827.27","820.32","33.09K","0.62%"
"08/03/2019","822.19","825.86","825.86","819.33","38.79K","-0.45%"
"07/03/2019","825.87","826.04","830.50","825.87","44.98K","-0.02%"
"06/03/2019","826.04","815.64","826.04","815.35","52.44K","1.27%"
"05/03/2019","815.66","812.57","816.89","810.92","51.99K","0.38%"
"04/03/2019","812.58","803.13","813.79","802.97","37.65K","1.17%"
"01/03/2019","803.18","791.29","803.35","791.29","30.25K","1.51%"
"28/02/2019","791.24","795.39","798.28","789.84","31.72K","-0.52%"
"27/02/2019","795.39","793.74","797.12","793.01","39.35K","0.21%"
"26/02/2019","793.70","792.88","795.74","790.81","47.97K","0.19%"
"25/02/2019","792.23","788.22","792.82","788.22","47.30K","0.51%"
"22/02/2019","788.21","790.01","790.87","786.77","40.76K","-0.23%"
"21/02/2019","790.01","791.28","792.70","788.28","26.93K","-0.16%"
"20/02/2019","791.25","791.78","792.58","788.26","27.86K","-0.06%"
"19/02/2019","791.70","798.47","799.76","791.70","30.81K","-0.85%"
"18/02/2019","798.47","796.36","799.37","795.22","37.02K","0.26%"
"15/02/2019","796.38","797.15","797.78","793.80","24.88K","-0.10%"
"14/02/2019","797.15","795.83","797.55","794.18","29.11K","0.17%"
"13/02/2019","795.76","789.38","795.76","788.45","31.47K","0.81%"
"12/02/2019","789.38","785.01","789.38","784.43","27.83K","0.56%"
"11/02/2019","785.01","779.31","785.13","778.88","19.13K","0.78%"
"01/02/2019","778.93","771.07","778.93","770.65","12.59K","1.02%"
"31/01/2019","771.07","770.33","772.83","769.30","17.22K","0.10%"
"30/01/2019","770.33","767.88","772.48","767.57","20.26K","0.32%"
"29/01/2019","767.88","768.04","769.33","764.70","18.27K","-0.02%"
"28/01/2019","768.04","773.15","777.15","767.28","33.63K","-0.66%"
"25/01/2019","773.14","771.86","774.69","770.16","16.67K","0.17%"
"24/01/2019","771.86","771.75","774.39","769.90","17.27K","0.07%"
"23/01/2019","771.34","768.44","771.52","766.63","17.64K","0.38%"
"22/01/2019","768.45","769.66","774.21","767.65","21.52K","-0.16%"
"21/01/2019","769.66","768.02","772.96","768.02","19.24K","0.11%"
"18/01/2019","768.83","768.50","769.24","766.14","18.63K","0.04%"
"17/01/2019","768.50","769.79","770.93","765.28","15.62K","-0.17%"
"16/01/2019","769.79","770.87","772.88","767.74","16.69K","-0.14%"
"15/01/2019","770.87","764.56","770.87","763.64","21.61K","0.83%"
"14/01/2019","764.56","765.34","769.54","763.23","14.81K","-0.10%"
"11/01/2019","765.34","763.25","765.92","763.25","17.58K","0.28%"
"10/01/2019","763.22","763.32","767.29","762.63","19.80K","-0.02%"
"09/01/2019","763.35","759.91","764.88","759.85","24.70K","0.45%"
"08/01/2019","759.91","760.80","761.51","756.57","17.32K","-0.02%"
"07/01/2019","760.03","754.07","760.59","754.07","16.32K","0.80%"
"04/01/2019","754.02","755.09","755.09","746.18","22.14K","-0.15%"
"03/01/2019","755.12","765.81","767.71","752.15","19.94K","-1.60%"
"02/01/2019","767.38","773.03","778.89","766.48","13.87K","-0.78%"
"28/12/2018","773.39","777.70","778.58","769.89","21.36K","-0.56%"
"27/12/2018","777.72","773.75","782.50","773.75","16.18K","0.51%"
"26/12/2018","773.74","774.64","778.00","770.53","16.37K","-0.12%"
"25/12/2018","774.64","784.97","784.97","765.36","27.05K","-1.32%"
"24/12/2018","784.97","791.52","794.41","784.92","16.00K","-0.87%"
"21/12/2018","791.84","791.53","791.84","786.73","21.37K","0.06%"
"20/12/2018","791.39","791.80","792.98","787.14","19.89K","-0.05%"
"19/12/2018","791.81","795.50","799.96","789.64","15.92K","-0.46%"
"18/12/2018","795.44","802.26","802.26","789.58","20.14K","-0.85%"
"17/12/2018","802.26","812.81","812.81","802.09","14.99K","-1.30%"
"14/12/2018","812.81","814.54","814.69","809.98","17.72K","-0.20%"
"13/12/2018","814.45","814.14","816.56","811.18","20.28K","0.04%"
"12/12/2018","814.14","811.87","814.14","809.28","17.27K","0.28%"
"11/12/2018","811.87","814.25","815.05","807.54","18.31K","-0.29%"
"10/12/2018","814.22","813.16","814.66","811.56","17.82K","-0.03%"
"07/12/2018","814.48","810.94","815.14","810.94","20.17K","0.45%"
"06/12/2018","810.81","812.73","814.68","806.60","18.64K","-0.23%"
"05/12/2018","812.69","812.13","812.69","808.16","23.24K","0.05%"
"04/12/2018","812.31","809.81","812.60","808.90","20.46K","0.30%"
"03/12/2018","809.85","803.72","812.00","803.72","21.59K","0.77%"
"30/11/2018","803.65","801.85","805.28","799.38","18.71K","0.20%"
"29/11/2018","802.07","807.16","810.39","801.76","18.10K","-0.59%"
"28/11/2018","806.84","807.63","810.87","804.24","17.86K","-0.12%"
"27/11/2018","807.83","811.60","814.92","804.80","19.74K","-0.43%"
"26/11/2018","811.30","813.03","815.75","808.22","20.07K","-0.21%"
"23/11/2018","813.01","814.95","816.59","812.83","19.81K","-0.24%"
"22/11/2018","814.98","813.94","819.82","813.54","20.37K","0.13%"
"21/11/2018","813.91","812.17","815.22","809.32","21.62K","0.21%"
"20/11/2018","812.17","810.51","812.17","808.15","21.26K","0.20%"
"19/11/2018","810.53","805.62","810.53","805.59","19.99K","0.61%"
"16/11/2018","805.62","804.25","808.49","803.73","19.62K","0.16%"
"15/11/2018","804.34","805.89","809.52","802.92","20.59K","-0.16%"
"14/11/2018","805.63","809.39","814.59","805.12","24.28K","-0.45%"
"13/11/2018","809.26","807.49","810.76","801.95","27.16K","0.17%"
"12/11/2018","807.90","807.78","807.90","801.40","23.05K","0.01%"
"09/11/2018","807.80","810.13","812.13","806.47","20.92K","-0.28%"
"08/11/2018","810.04","809.97","814.60","808.97","27.35K","0.02%"
"07/11/2018","809.89","810.48","812.17","804.67","21.44K","-0.10%"
"06/11/2018","810.72","806.39","811.08","806.26","21.13K","0.54%"
"05/11/2018","806.39","806.16","807.48","803.35","18.00K","0.02%"
"02/11/2018","806.19","797.95","806.40","797.95","24.83K","1.05%"
"01/11/2018","797.79","802.36","804.57","795.82","17.51K","-0.48%"
"31/10/2018","801.65","789.63","802.17","789.63","24.81K","1.58%"
"30/10/2018","789.15","791.04","793.80","787.05","20.32K","-0.24%"
"29/10/2018","791.03","795.95","796.36","787.30","15.55K","-0.54%"
"26/10/2018","795.33","798.34","806.61","794.09","20.71K","-0.37%"
"25/10/2018","798.27","806.86","806.86","786.61","23.76K","-1.07%"
"24/10/2018","806.90","811.41","813.42","803.82","22.56K","-0.56%"
"23/10/2018","811.44","820.07","820.61","804.10","26.34K","-1.30%"
"22/10/2018","822.13","829.13","830.93","820.78","22.76K","-0.91%"
"19/10/2018","829.70","831.46","831.72","822.16","21.49K","-0.24%"
"18/10/2018","831.69","834.98","835.43","829.59","28.89K","-0.37%"
"17/10/2018","834.75","831.77","837.95","831.77","23.59K","0.40%"
"16/10/2018","831.40","824.16","831.40","823.44","21.60K","0.88%"
"15/10/2018","824.16","831.24","833.88","823.00","20.85K","-0.85%"
"12/10/2018","831.24","820.08","831.28","811.38","28.12K","1.31%"
"11/10/2018","820.51","855.18","855.18","818.11","47.70K","-4.07%"
"10/10/2018","855.36","857.36","860.62","854.50","29.90K","-0.23%"
"09/10/2018","857.36","857.42","861.49","854.95","29.74K","0.00%"
"08/10/2018","857.39","859.58","861.01","854.44","31.84K","-0.24%"
"05/10/2018","859.48","864.80","864.91","858.35","34.90K","-0.62%"
"04/10/2018","864.80","861.89","866.26","861.31","32.26K","0.36%"
"03/10/2018","861.74","858.95","863.89","857.58","33.57K","0.33%"
"02/10/2018","858.94","860.10","861.77","856.32","34.87K","-0.13%"
"01/10/2018","860.07","864.03","867.27","856.04","36.82K","-0.45%"
"28/09/2018","863.99","865.32","868.64","863.99","39.98K","-0.14%"
"27/09/2018","865.24","859.87","865.24","859.87","40.73K","0.64%"
"26/09/2018","859.74","851.43","860.72","850.08","46.14K","0.99%"
"25/09/2018","851.27","846.42","852.22","846.42","39.81K","0.62%"
"24/09/2018","846.04","841.97","846.04","840.79","35.61K","0.51%"
"21/09/2018","841.74","841.27","845.14","836.09","42.68K","0.07%"
"20/09/2018","841.15","838.54","843.00","838.54","37.12K","0.32%"
"19/09/2018","838.49","833.02","841.14","832.99","41.56K","0.67%"
"18/09/2018","832.94","827.33","832.94","824.44","34.23K","0.71%"
"17/09/2018","827.10","823.98","827.16","822.33","31.69K","0.38%"
"14/09/2018","823.98","820.66","823.98","819.53","25.33K","0.40%"
"13/09/2018","820.68","817.34","821.21","816.84","28.80K","0.41%"
"12/09/2018","817.29","814.48","818.86","814.48","28.76K","0.35%"
"11/09/2018","814.48","807.93","814.48","805.96","27.02K","0.82%"
"10/09/2018","807.87","807.96","808.68","806.02","24.43K","-0.01%"
"07/09/2018","807.99","805.10","808.13","803.04","24.26K","0.36%"
"06/09/2018","805.10","808.72","808.72","803.31","19.62K","-0.46%"
"05/09/2018","808.86","812.37","813.18","806.02","22.25K","-0.43%"
"04/09/2018","812.37","814.97","816.64","809.57","24.24K","-0.31%"
"31/08/2018","814.92","814.53","817.47","812.98","20.92K","0.05%"
"30/08/2018","814.50","812.23","814.58","808.31","21.98K","0.29%"
"29/08/2018","812.18","815.82","815.82","807.96","19.79K","-0.33%"
"28/08/2018","814.85","818.94","821.95","813.29","22.62K","-0.49%"
"27/08/2018","818.84","815.07","818.90","815.07","22.66K","0.47%"
"24/08/2018","815.04","812.65","815.58","811.39","22.35K","0.30%"
"23/08/2018","812.57","808.77","813.24","807.93","18.02K","0.48%"
"22/08/2018","808.68","804.99","809.98","804.56","18.54K","0.46%"
"21/08/2018","804.99","800.70","804.99","800.70","21.20K","0.54%"
"20/08/2018","800.67","802.28","803.50","798.72","18.61K","-0.20%"
"17/08/2018","802.28","801.95","806.16","800.72","21.55K","0.05%"
"16/08/2018","801.90","800.42","801.90","796.45","18.01K","0.17%"
"15/08/2018","800.54","805.35","807.82","797.67","21.81K","-0.60%"
"14/08/2018","805.35","803.56","805.71","802.38","21.98K","0.23%"
"13/08/2018","803.51","802.00","803.51","797.93","21.43K","0.17%"
"10/08/2018","802.16","801.70","802.61","795.57","21.89K","0.06%"
"09/08/2018","801.66","801.20","803.15","797.47","21.16K","0.05%"
"08/08/2018","801.25","798.63","803.88","797.91","19.30K","0.34%"
"07/08/2018","798.52","801.63","802.79","797.35","24.73K","-0.39%"
"06/08/2018","801.63","803.09","805.73","800.88","23.86K","-0.19%"
"03/08/2018","803.13","805.25","807.70","802.63","28.84K","-0.26%"
"02/08/2018","805.25","808.52","810.20","801.19","28.84K","-0.40%"
"01/08/2018","808.52","810.05","813.88","805.57","25.07K","-0.19%"
"31/07/2018","810.02","807.21","811.78","806.34","35.75K","0.37%"
"30/07/2018","807.07","804.06","807.58","803.88","35.63K","0.37%"
"27/07/2018","804.06","800.83","804.74","800.48","29.01K","0.38%"
"26/07/2018","801.01","801.62","805.09","798.19","33.09K","-0.08%"
"25/07/2018","801.62","796.97","803.30","796.97","37.96K","0.58%"
"24/07/2018","796.97","795.92","798.07","790.79","28.58K","0.11%"
"23/07/2018","796.10","798.11","799.47","794.40","26.30K","-0.26%"
"20/07/2018","798.16","796.90","798.16","793.52","18.42K","0.16%"
"19/07/2018","796.85","793.78","797.80","792.58","19.94K","0.41%"
"18/07/2018","793.58","781.94","793.95","781.87","17.54K","1.50%"
"17/07/2018","781.83","779.50","782.24","776.20","13.97K","0.30%"
"16/07/2018","779.53","777.89","783.35","776.80","14.43K","0.22%"
"13/07/2018","777.83","771.81","777.83","771.39","14.85K","0.83%"
"12/07/2018","771.45","769.07","773.09","768.38","11.71K","0.24%"
"11/07/2018","769.63","784.31","784.31","767.98","13.69K","-1.92%"
"10/07/2018","784.71","787.22","789.41","782.38","11.14K","-0.32%"
"09/07/2018","787.22","787.91","793.12","784.31","13.76K","-0.08%"
"06/07/2018","787.88","779.38","787.88","774.79","15.58K","1.08%"
"05/07/2018","779.45","791.09","795.17","774.54","14.81K","-1.40%"
"04/07/2018","790.51","789.42","793.72","785.80","14.49K","0.11%"
"03/07/2018","789.66","807.47","808.57","789.36","19.27K","-2.23%"
"02/07/2018","807.65","823.05","823.32","802.48","15.79K","-1.89%"
"29/06/2018","823.17","819.98","823.82","817.24","16.23K","0.45%"
"28/06/2018","819.50","825.54","825.63","817.56","15.93K","-0.73%"
"27/06/2018","825.54","825.85","830.62","824.44","16.99K","-0.04%"
"26/06/2018","825.91","825.02","825.91","819.92","16.81K","0.09%"
"25/06/2018","825.14","825.57","830.36","824.79","16.38K","-0.04%"
"22/06/2018","825.51","822.83","825.51","819.78","16.31K","0.33%"
"21/06/2018","822.83","826.09","828.39","818.99","14.18K","-0.29%"
"20/06/2018","825.26","817.51","825.71","816.89","15.05K","0.96%"
"19/06/2018","817.43","836.88","837.30","809.23","22.63K","-2.40%"
"18/06/2018","837.55","844.79","848.06","835.61","21.68K","-1.02%"
"15/06/2018","846.15","845.75","848.33","841.04","15.64K","-0.11%"
"14/06/2018","847.09","845.36","847.64","843.92","16.51K","0.11%"
"13/06/2018","846.15","843.80","848.27","841.34","13.70K","0.27%"
"12/06/2018","843.90","850.00","850.03","837.59","19.89K","-0.74%"
"11/06/2018","850.17","850.24","853.37","848.32","23.24K","-0.01%"
"08/06/2018","850.24","852.91","853.08","846.25","22.03K","-0.31%"
"07/06/2018","852.91","853.11","854.86","847.94","25.90K","-0.01%"
"06/06/2018","852.97","849.98","854.06","847.76","23.57K","0.36%"
"05/06/2018","849.95","844.01","850.74","843.53","29.68K","0.70%"
"04/06/2018","844.01","837.98","844.13","836.26","19.39K","0.90%"
"01/06/2018","836.45","832.43","837.58","832.05","19.59K","0.64%"
"31/05/2018","831.10","823.33","831.54","822.50","18.86K","0.94%"
"30/05/2018","823.33","823.39","828.61","820.93","15.55K","-0.01%"
"29/05/2018","823.39","808.21","826.28","807.63","17.69K","1.87%"
"28/05/2018","808.26","833.06","834.03","807.40","22.79K","-2.96%"
"25/05/2018","832.93","839.06","842.58","832.93","14.94K","-0.73%"
"24/05/2018","839.06","842.93","846.78","835.88","12.05K","-0.32%"
"23/05/2018","841.74","841.26","843.36","833.87","16.71K","0.04%"
"22/05/2018","841.44","858.73","858.73","836.21","19.87K","-1.99%"
"21/05/2018","858.55","859.83","863.50","857.22","16.76K","-0.16%"
"18/05/2018","859.92","859.25","862.79","851.45","15.41K","0.05%"
"17/05/2018","859.45","862.46","864.18","857.95","15.62K","-0.36%"
"16/05/2018","862.52","866.25","867.57","858.89","17.59K","-0.43%"
"15/05/2018","866.25","862.04","867.83","861.80","16.85K","0.49%"
"14/05/2018","862.04","858.95","862.18","856.47","16.76K","0.36%"
"11/05/2018","858.92","858.45","858.92","851.23","15.87K","0.09%"
"10/05/2018","858.14","864.98","866.61","857.76","17.45K","-0.79%"
"09/05/2018","864.94","864.81","867.33","862.80","23.01K","-0.08%"
"08/05/2018","865.59","870.05","870.95","865.22","19.79K","-0.54%"
"07/05/2018","870.27","862.75","870.27","862.75","15.08K","0.90%"
"04/05/2018","862.49","860.74","866.42","857.02","14.14K","0.21%"
"03/05/2018","860.69","862.17","863.74","849.65","18.31K","-0.05%"
"02/05/2018","861.12","868.11","872.59","860.51","16.13K","-0.81%"
"27/04/2018","868.19","862.75","868.19","854.15","20.03K","0.62%"
"26/04/2018","862.84","884.27","884.99","861.68","22.75K","-2.42%"
"24/04/2018","884.27","888.64","888.95","879.93","21.09K","-0.55%"
"23/04/2018","889.17","903.24","907.48","889.17","27.03K","-1.55%"
"20/04/2018","903.15","895.72","903.15","894.28","20.42K","0.83%"
"19/04/2018","895.74","902.33","903.76","892.27","24.00K","-0.73%"
"18/04/2018","902.33","904.38","910.09","901.88","26.66K","-0.23%"
"17/04/2018","904.38","900.89","905.47","898.18","20.17K","0.39%"
"16/04/2018","900.91","901.24","901.70","896.01","22.41K","-0.04%"
"13/04/2018","901.24","901.91","908.46","896.76","21.49K","-0.09%"
"12/04/2018","902.04","899.43","902.05","896.38","22.99K","0.29%"
"11/04/2018","899.43","912.73","914.40","896.28","32.85K","-1.47%"
"10/04/2018","912.83","919.57","922.13","908.70","34.91K","-0.73%"
"09/04/2018","919.58","921.78","926.72","919.17","29.00K","-0.23%"
"06/04/2018","921.69","914.64","922.80","914.64","32.38K","0.77%"
"05/04/2018","914.64","907.67","914.64","907.67","32.20K","0.86%"
"04/04/2018","906.85","901.98","908.70","901.59","28.13K","0.54%"
"03/04/2018","901.98","903.28","904.58","897.92","30.09K","-0.15%"
"02/04/2018","903.32","900.56","906.03","900.56","25.32K","0.31%"
"30/03/2018","900.56","897.12","900.61","896.46","18.60K","0.38%"
"29/03/2018","897.16","896.75","901.45","895.43","29.86K","0.05%"
"28/03/2018","896.75","898.28","899.18","893.68","28.24K","-0.17%"
"27/03/2018","898.30","899.81","906.26","896.46","29.85K","-0.16%"
"26/03/2018","899.70","900.31","906.70","896.68","27.78K","-0.07%"
"23/03/2018","900.31","912.28","912.28","890.82","30.63K","-1.31%"
"22/03/2018","912.26","916.34","918.01","909.53","37.35K","-0.45%"
"21/03/2018","916.34","918.84","922.72","914.34","29.56K","-0.27%"
"20/03/2018","918.84","922.16","922.25","918.25","31.05K","-0.36%"
"19/03/2018","922.20","925.27","927.47","921.42","40.82K","-0.33%"
"16/03/2018","925.23","926.86","927.62","921.79","34.61K","0.29%"
"15/03/2018","922.57","921.49","923.72","919.99","34.33K","0.03%"
"14/03/2018","922.30","922.32","926.52","919.53","35.76K","-0.01%"
"13/03/2018","922.43","918.79","922.99","917.72","37.06K","0.40%"
"12/03/2018","918.78","920.53","925.21","916.22","36.45K","-0.17%"
"09/03/2018","920.37","920.09","924.54","917.74","43.70K","0.14%"
"08/03/2018","919.06","917.90","924.09","915.51","39.04K","0.58%"
"07/03/2018","913.77","913.35","919.40","909.71","37.49K","0.10%"
"06/03/2018","912.90","909.90","913.26","907.24","34.30K","0.38%"
"05/03/2018","909.48","913.18","916.74","909.48","39.01K","-0.01%"
"02/03/2018","909.60","897.08","909.60","897.08","27.94K","1.00%"
"01/03/2018","900.56","900.28","902.58","896.48","30.67K","0.02%"
"28/02/2018","900.37","898.24","903.26","898.24","28.62K","0.17%"
"27/02/2018","898.88","899.67","901.98","895.21","23.32K","-0.24%"
"26/02/2018","901.02","906.67","908.82","898.79","25.58K","-0.56%"
"23/02/2018","906.06","905.18","906.75","901.44","21.88K","0.23%"
"22/02/2018","903.98","910.07","911.19","900.21","22.26K","-0.81%"
"21/02/2018","911.40","906.75","911.99","906.75","18.62K","1.02%"
"13/02/2018","902.20","893.13","902.20","893.13","26.92K","1.40%"
"12/02/2018","889.78","872.71","889.78","872.71","21.42K","2.07%"
"09/02/2018","871.73","865.12","871.73","854.84","33.96K","-0.60%"
"08/02/2018","876.95","881.68","884.85","874.42","25.32K","-0.46%"
"07/02/2018","881.01","875.07","884.69","875.02","40.80K","2.30%"
"06/02/2018","861.18","876.08","876.08","843.49","43.39K","-3.52%"
"05/02/2018","892.61","922.91","922.91","892.38","33.39K","-3.32%"
"02/02/2018","923.29","925.83","928.16","919.79","27.67K","-0.32%"
"01/02/2018","926.29","938.83","939.33","925.50","37.94K","-1.24%"
"31/01/2018","937.96","943.94","949.02","937.96","49.01K","-0.63%"
"30/01/2018","943.87","934.85","943.87","929.61","40.50K","0.81%"
"29/01/2018","936.31","945.79","951.47","936.31","37.19K","-0.89%"
"26/01/2018","944.68","943.83","949.02","942.08","35.26K","0.12%"
"25/01/2018","943.57","946.76","950.40","938.81","66.91K","-0.11%"
"23/01/2018","944.57","951.98","952.27","943.05","33.65K","0.00%"
"22/01/2018","944.57","951.98","952.27","943.05","33.65K","-0.31%"
"19/01/2018","947.50","944.37","948.71","944.37","47.04K","0.34%"
"18/01/2018","944.29","943.46","944.61","932.55","37.98K","0.02%"
"17/01/2018","944.13","955.21","955.72","944.13","54.42K","-1.12%"
"16/01/2018","954.82","954.85","958.06","948.41","42.82K","-0.17%"
"15/01/2018","956.49","950.77","956.54","949.25","35.87K","0.51%"
"12/01/2018","951.67","953.28","959.16","949.79","41.54K","0.21%"
"11/01/2018","949.71","940.13","949.71","938.41","38.80K","1.08%"
"10/01/2018","939.52","937.39","943.67","935.83","46.91K","0.48%"
"09/01/2018","935.00","932.17","935.80","929.05","38.22K","0.40%"
"08/01/2018","931.27","927.19","931.34","926.79","27.91K","0.60%"
"05/01/2018","925.68","928.33","931.02","925.68","28.00K","-0.36%"
"04/01/2018","929.02","924.11","931.10","924.00","29.16K","0.66%"
"03/01/2018","922.89","928.16","929.42","922.25","27.99K","-0.42%"
"02/01/2018","926.80","921.78","926.80","921.78","20.31K","0.90%"
"29/12/2017","918.57","918.80","920.51","916.85","22.57K","0.15%"
"28/12/2017","917.16","917.27","918.27","912.86","18.35K","0.24%"
"27/12/2017","914.97","914.87","918.69","913.26","33.73K","0.44%"
"26/12/2017","910.98","909.61","912.18","906.23","22.79K","0.15%"
"25/12/2017","909.59","909.61","911.92","906.49","22.15K","0.01%"
"22/12/2017","909.53","911.14","912.85","908.22","28.64K","-0.26%"
"21/12/2017","911.92","914.81","916.43","910.90","20.57K","-0.30%"
"20/12/2017","914.67","915.27","918.77","913.05","32.31K","-0.05%"
"19/12/2017","915.12","923.08","923.53","911.02","43.64K","-0.35%"
"18/12/2017","918.35","915.47","919.92","915.47","27.12K","0.48%"
"15/12/2017","913.96","914.62","916.32","909.67","27.06K","0.34%"
"14/12/2017","910.83","896.27","910.83","896.06","38.50K","1.61%"
"13/12/2017","896.40","897.72","901.16","894.98","22.22K","0.00%"
"12/12/2017","896.44","902.55","908.14","883.76","30.91K","-0.90%"
"11/12/2017","904.59","914.77","914.77","904.59","21.00K","-1.33%"
"08/12/2017","916.80","916.80","920.75","914.62","23.29K","0.01%"
"07/12/2017","916.71","912.98","917.76","910.83","25.99K","0.57%"
"06/12/2017","911.54","913.12","917.90","906.75","31.67K","-0.41%"
"05/12/2017","915.33","924.64","925.46","915.33","30.39K","-0.75%"
"04/12/2017","922.28","921.12","923.77","919.64","35.75K","0.51%"
"01/12/2017","917.62","912.40","918.34","912.23","31.11K","0.57%"
"30/11/2017","912.40","908.54","914.74","908.54","36.16K","0.54%"
"29/11/2017","907.51","907.70","911.46","906.23","38.12K","0.15%"
"28/11/2017","906.18","913.57","915.19","905.53","35.12K","-0.30%"
"27/11/2017","908.92","902.23","910.65","902.23","36.58K","1.32%"
"24/11/2017","897.12","885.52","897.12","884.32","26.87K","1.32%"
"23/11/2017","885.40","880.65","885.40","880.47","27.51K","0.56%"
"22/11/2017","880.45","881.06","882.33","877.39","21.58K","0.04%"
"21/11/2017","880.09","880.98","884.35","878.05","23.90K","-0.37%"
"20/11/2017","883.39","882.79","886.56","879.47","19.50K","0.06%"
"17/11/2017","882.89","887.22","890.17","879.72","25.05K","-0.31%"
"16/11/2017","885.61","880.87","885.61","880.27","23.82K","0.69%"
"15/11/2017","879.52","879.06","881.30","876.72","18.52K","0.04%"
"14/11/2017","879.19","880.70","882.42","875.38","25.36K","-0.26%"
"13/11/2017","881.44","884.52","887.23","878.36","24.59K","-0.40%"
"10/11/2017","885.00","880.47","885.00","879.45","25.00K","0.44%"
"09/11/2017","881.14","881.78","884.82","877.63","24.37K","0.03%"
"08/11/2017","880.85","878.91","882.79","876.44","21.22K","0.29%"
"07/11/2017","878.28","878.67","882.25","877.10","29.90K","0.26%"
"06/11/2017","876.03","867.22","876.50","867.22","21.69K","1.15%"
"03/11/2017","866.09","858.95","866.09","854.41","27.29K","0.64%"
"02/11/2017","860.57","871.76","876.38","859.14","36.28K","-1.41%"
"01/11/2017","872.91","879.56","883.49","872.91","25.48K","-1.17%"
"31/10/2017","883.21","890.46","891.39","881.95","23.50K","-1.24%"
"30/10/2017","894.29","901.51","905.76","891.83","25.60K","-0.63%"
"27/10/2017","899.99","898.40","902.99","894.92","22.61K","0.26%"
"26/10/2017","897.69","904.74","906.22","889.79","28.21K","-0.75%"
"25/10/2017","904.46","906.98","909.58","901.39","26.49K","-0.16%"
"24/10/2017","905.94","902.83","905.94","898.80","29.52K","0.22%"
"23/10/2017","903.95","913.90","914.69","901.76","34.94K","-1.21%"
"20/10/2017","914.99","921.92","922.83","912.82","34.65K","-0.55%"
"19/10/2017","920.06","915.45","922.95","915.29","36.74K","0.51%"
"18/10/2017","915.39","923.33","925.57","915.19","37.34K","-0.86%"
"17/10/2017","923.34","926.40","927.24","921.63","30.52K","-0.07%"
"16/10/2017","923.96","921.28","927.46","921.28","31.86K","0.27%"
"13/10/2017","921.46","923.52","925.63","919.99","27.62K","-0.16%"
"12/10/2017","922.97","921.60","925.85","921.60","25.07K","0.53%"
"11/10/2017","918.11","918.23","921.15","918.00","32.47K","0.22%"
"10/10/2017","916.08","916.24","918.93","912.95","28.75K","0.11%"
"09/10/2017","915.08","915.43","918.45","909.89","26.60K","0.12%"
"06/10/2017","914.00","910.90","914.73","910.90","21.52K","0.30%"
"05/10/2017","911.29","913.96","916.98","910.37","21.14K","0.03%"
"04/10/2017","910.98","899.28","910.98","899.28","20.27K","1.20%"
"03/10/2017","900.15","903.24","905.27","892.67","30.04K","-0.44%"
"02/10/2017","904.13","912.43","916.41","904.13","20.79K","-1.05%"
"29/09/2017","913.72","916.83","919.82","911.25","24.66K","-0.65%"
"28/09/2017","919.72","925.51","929.56","918.22","29.64K","-0.61%"
"27/09/2017","925.40","930.31","931.61","925.40","22.10K","-0.47%"
"26/09/2017","929.79","931.75","933.11","925.41","32.31K","-0.34%"
"25/09/2017","932.92","934.43","936.86","931.52","23.81K","-0.20%"
"22/09/2017","934.81","930.17","934.81","930.17","28.11K","0.54%"
"21/09/2017","929.82","933.19","934.85","928.26","26.62K","-0.03%"
"20/09/2017","930.07","930.19","932.73","926.52","27.13K","0.04%"
"19/09/2017","929.73","931.63","934.14","929.08","31.93K","0.06%"
"18/09/2017","929.15","922.24","930.22","922.24","32.54K","0.73%"
"15/09/2017","922.41","914.85","922.41","913.11","23.34K","0.87%"
"14/09/2017","914.41","914.33","916.36","912.24","23.17K","0.46%"
"13/09/2017","910.20","907.02","910.20","905.92","26.32K","0.84%"
"12/09/2017","902.65","896.68","903.20","896.68","21.41K","0.72%"
"11/09/2017","896.19","902.50","904.11","896.19","23.79K","-0.76%"
"08/09/2017","903.06","904.10","907.78","902.55","19.40K","0.02%"
"07/09/2017","902.87","901.32","906.03","901.32","28.75K","-0.05%"
"06/09/2017","903.29","903.83","904.97","900.28","28.17K","-0.21%"
"05/09/2017","905.18","907.89","910.41","905.18","23.39K","-0.44%"
"01/09/2017","909.22","904.07","909.28","903.29","24.52K","0.66%"
"31/08/2017","903.23","906.33","910.35","901.89","33.57K","-0.15%"
"30/08/2017","904.59","902.80","905.86","902.80","33.49K","-0.03%"
"29/08/2017","904.84","910.90","910.90","904.01","29.15K","-0.74%"
"28/08/2017","911.63","916.24","917.77","910.91","36.90K","0.01%"
"25/08/2017","911.53","905.70","912.46","901.56","46.00K","0.47%"
"24/08/2017","907.25","909.14","911.18","905.55","32.42K","-0.12%"
"23/08/2017","908.38","908.78","912.19","905.96","35.11K","-0.55%"
"22/08/2017","913.36","922.45","925.22","910.64","33.84K","-1.21%"
"21/08/2017","924.56","929.40","934.02","923.13","37.53K","-0.49%"
"18/08/2017","929.10","915.63","929.63","912.91","54.45K","0.54%"
"17/08/2017","924.12","935.89","935.89","924.12","31.50K","-1.26%"
"16/08/2017","935.92","937.03","938.85","930.93","31.57K","-0.18%"
"15/08/2017","937.63","941.55","944.80","935.52","38.53K","-0.32%"
"14/08/2017","940.62","930.01","941.11","930.01","41.00K","0.46%"
"11/08/2017","936.35","941.79","941.79","935.09","33.13K","-1.13%"
"10/08/2017","947.09","946.16","952.20","943.88","42.04K","-0.92%"
"09/08/2017","955.90","976.98","979.57","950.73","77.74K","-1.40%"
"08/08/2017","969.51","974.37","977.01","967.55","43.97K","0.54%"
"07/08/2017","964.35","959.68","965.75","956.13","53.30K","1.58%"
"04/08/2017","949.39","940.15","952.98","940.15","41.55K","1.03%"
"03/08/2017","939.75","932.63","943.34","932.63","36.25K","1.00%"
"02/08/2017","930.44","932.59","933.03","927.18","35.25K","0.09%"
"01/08/2017","929.56","929.71","934.55","929.00","35.57K","0.24%"
"31/07/2017","927.33","929.61","932.36","924.51","34.41K","0.21%"
"28/07/2017","925.43","921.31","926.12","921.12","40.84K","0.47%"
"27/07/2017","921.11","924.99","925.21","919.36","41.60K","-0.08%"
"26/07/2017","921.81","911.87","921.81","911.87","43.48K","1.43%"
"25/07/2017","908.82","903.45","909.96","901.96","40.83K","0.54%"
"24/07/2017","903.98","906.53","909.22","902.66","34.60K","-0.55%"
"21/07/2017","909.01","915.05","919.29","909.01","32.84K","-0.30%"
"20/07/2017","911.74","912.20","912.20","906.17","31.10K","0.14%"
"19/07/2017","910.50","908.96","912.06","908.05","33.57K","0.33%"
"18/07/2017","907.52","907.87","910.62","903.45","36.62K","-0.56%"
"17/07/2017","912.64","922.32","923.95","907.22","44.65K","-0.71%"
"14/07/2017","919.17","922.37","925.82","919.17","36.03K","-0.01%"
"13/07/2017","919.30","920.84","921.66","915.16","48.54K","0.36%"
"12/07/2017","915.97","913.05","916.73","910.41","36.17K","0.93%"
"11/07/2017","907.51","902.57","909.06","901.46","36.34K","0.54%"
"10/07/2017","902.64","908.62","910.93","898.87","37.39K","-0.58%"
"07/07/2017","907.94","916.73","919.01","907.94","50.39K","-0.64%"
"06/07/2017","913.82","909.78","913.82","909.78","53.15K","0.69%"
"05/07/2017","907.56","902.09","908.20","901.10","38.14K","0.71%"
"04/07/2017","901.16","898.88","901.16","896.54","38.84K","0.27%"
"03/07/2017","898.76","896.68","900.46","896.68","34.06K","0.22%"
"30/06/2017","896.77","899.35","901.67","895.51","31.43K","-0.06%"
"29/06/2017","897.29","894.20","897.35","894.11","36.12K","0.60%"
"28/06/2017","891.96","886.58","891.96","886.20","31.00K","0.39%"
"27/06/2017","888.49","894.57","895.53","885.61","35.69K","-0.54%"
"26/06/2017","893.34","896.27","897.24","892.90","33.30K","-0.16%"
"23/06/2017","894.76","890.99","895.29","889.29","41.77K","0.54%"
"22/06/2017","889.92","886.39","891.00","885.46","39.38K","0.50%"
"21/06/2017","885.45","888.27","888.33","880.77","27.95K","-0.11%"
"20/06/2017","886.45","886.16","887.93","881.43","30.94K","0.20%"
"19/06/2017","884.70","883.42","884.70","881.71","28.54K","0.47%"
"16/06/2017","880.58","878.63","880.70","878.31","22.24K","0.09%"
"15/06/2017","879.83","879.57","881.84","876.85","29.04K","-0.15%"
"14/06/2017","881.13","881.36","881.99","878.81","31.94K","0.15%"
"13/06/2017","879.79","879.84","880.99","875.00","34.28K","0.18%"
"12/06/2017","878.25","882.37","884.74","877.44","27.30K","-0.48%"
"09/06/2017","882.48","881.88","885.38","881.22","29.93K","-0.09%"
"08/06/2017","883.26","887.59","887.81","878.78","39.14K","-0.29%"
"07/06/2017","885.81","884.84","887.16","881.82","39.05K","0.56%"
"06/06/2017","880.92","878.15","880.92","877.01","32.90K","0.48%"
"05/06/2017","876.71","873.75","879.57","873.75","25.54K","0.57%"
"02/06/2017","871.73","867.58","871.73","865.27","23.23K","0.78%"
"01/06/2017","865.01","860.63","866.25","860.63","21.95K","0.50%"
"31/05/2017","860.67","862.91","865.76","857.81","25.65K","-0.30%"
"30/05/2017","863.28","874.07","875.49","862.58","39.13K","-1.22%"
"29/05/2017","873.97","874.07","876.86","873.19","34.74K","0.31%"
"26/05/2017","871.30","868.56","871.30","868.26","26.98K","0.37%"
"25/05/2017","868.07","863.68","871.23","863.68","30.14K","0.55%"
"24/05/2017","863.33","862.33","865.40","862.33","28.65K","0.47%"
"23/05/2017","859.30","859.34","862.34","857.09","32.03K","0.01%"
"22/05/2017","859.20","865.71","869.33","859.02","32.58K","-0.41%"
"19/05/2017","862.71","861.89","865.31","860.22","25.79K","0.14%"
"18/05/2017","861.49","870.52","870.92","860.86","26.85K","-1.22%"
"17/05/2017","872.10","870.55","873.57","864.80","28.39K","0.07%"
"16/05/2017","871.46","880.63","882.05","871.46","43.42K","-0.74%"
"15/05/2017","877.99","866.95","878.16","866.95","40.12K","1.32%"
"12/05/2017","866.56","861.17","867.41","861.17","32.33K","0.77%"
"11/05/2017","859.98","858.61","861.21","856.77","30.36K","0.39%"
"10/05/2017","856.64","859.83","862.77","856.64","36.76K","0.08%"
"09/05/2017","855.96","849.69","855.96","848.78","34.07K","1.07%"
"08/05/2017","846.90","842.60","848.49","842.60","29.79K","0.91%"
"05/05/2017","839.23","831.78","839.23","831.78","29.70K","1.28%"
"04/05/2017","828.60","824.45","831.14","824.45","30.13K","0.63%"
"03/05/2017","823.38","822.69","824.22","819.28","27.34K","0.52%"
"28/04/2017","819.09","815.56","819.23","813.41","24.46K","0.28%"
"27/04/2017","816.82","810.34","817.11","810.34","17.42K","0.85%"
"26/04/2017","809.90","804.40","809.96","804.40","19.23K","0.83%"
"25/04/2017","803.24","800.91","805.30","800.91","19.67K","0.25%"
"24/04/2017","801.24","803.43","804.78","800.95","17.58K","-0.47%"
"21/04/2017","805.06","805.26","807.54","805.06","18.12K","-0.19%"
"20/04/2017","806.57","808.18","808.89","805.77","18.12K","-0.02%"
"19/04/2017","806.72","803.87","806.72","801.90","17.12K","0.51%"
"18/04/2017","802.64","797.70","803.22","791.17","23.76K","0.53%"
"17/04/2017","798.42","806.69","811.64","798.42","29.11K","-1.10%"
"14/04/2017","807.26","813.13","813.13","801.10","26.86K","-0.77%"
"13/04/2017","813.55","815.27","817.08","813.53","22.69K","-0.17%"
"12/04/2017","814.93","819.94","823.68","814.78","31.99K","-0.77%"
"11/04/2017","821.27","820.58","823.16","819.80","27.65K","0.12%"
"10/04/2017","820.25","821.79","823.01","819.05","23.22K","0.14%"
"07/04/2017","819.13","819.65","822.03","818.44","26.41K","0.00%"
"05/04/2017","819.16","819.32","821.60","817.45","23.97K","0.16%"
"04/04/2017","817.89","819.49","822.29","817.89","25.28K","-0.02%"
"03/04/2017","818.08","816.96","818.22","814.02","28.97K","0.13%"
"31/03/2017","816.99","819.21","819.24","815.31","23.46K","0.04%"
"30/03/2017","816.69","813.30","817.38","813.30","25.84K","0.56%"
"29/03/2017","812.15","813.66","814.71","810.29","30.22K","-0.03%"
"28/03/2017","812.40","813.15","816.66","809.60","37.69K","-0.12%"
"27/03/2017","813.34","815.62","817.53","811.79","30.81K","-0.28%"
"24/03/2017","815.65","815.93","819.30","812.96","30.42K","0.18%"
"23/03/2017","814.19","813.10","816.85","811.70","27.19K","0.11%"
"22/03/2017","813.30","824.77","825.20","813.30","36.54K","-1.42%"
"21/03/2017","825.03","825.70","826.94","822.83","24.03K","-0.05%"
"20/03/2017","825.47","821.82","825.47","820.46","28.21K","0.82%"
"17/03/2017","818.78","818.53","821.96","818.53","21.67K","0.34%"
"16/03/2017","816.00","811.50","816.95","811.50","24.09K","0.55%"
"15/03/2017","811.52","810.78","813.84","809.42","21.58K","0.23%"
"14/03/2017","809.69","808.60","812.15","808.10","25.06K","0.32%"
"13/03/2017","807.08","804.84","808.50","803.47","24.91K","0.34%"
"10/03/2017","804.31","809.26","811.37","804.31","29.89K","-0.34%"
"09/03/2017","807.07","807.52","809.76","805.63","32.15K","-0.16%"
"08/03/2017","808.33","805.71","809.96","804.61","24.55K","0.22%"
"07/03/2017","806.59","802.07","806.59","802.07","32.80K","0.55%"
"06/03/2017","802.15","797.34","802.91","797.34","29.28K","0.67%"
"03/03/2017","796.82","798.96","799.64","792.97","26.40K","-0.27%"
"02/03/2017","798.97","799.52","805.61","796.35","21.70K","-0.11%"
"01/03/2017","799.82","802.63","806.07","793.50","33.04K","-0.45%"
"28/02/2017","803.40","806.29","809.82","803.23","34.77K","-0.50%"
"27/02/2017","807.47","803.53","808.03","803.53","26.57K","0.31%"
"24/02/2017","805.01","805.35","809.63","805.01","39.85K","0.08%"
"23/02/2017","804.37","803.87","806.36","798.22","41.01K","0.04%"
"22/02/2017","804.03","808.81","809.68","804.03","32.76K","-0.34%"
"21/02/2017","806.79","801.26","807.68","801.26","37.84K","1.08%"
"20/02/2017","798.16","787.93","798.16","787.93","31.18K","1.32%"
"17/02/2017","787.79","785.52","787.79","782.63","30.95K","0.28%"
"16/02/2017","785.61","791.21","793.96","785.29","37.73K","-0.32%"
"15/02/2017","788.14","780.72","789.48","780.72","32.33K","0.99%"
"14/02/2017","780.41","776.91","781.57","776.91","39.15K","0.57%"
"13/02/2017","776.00","770.85","776.56","770.85","37.20K","0.85%"
"10/02/2017","769.43","768.44","770.37","768.09","26.78K","0.28%"
"09/02/2017","767.27","761.43","767.27","761.43","30.97K","0.87%"
"08/02/2017","760.65","758.79","761.58","758.73","21.51K","0.43%"
"07/02/2017","757.37","756.10","758.72","754.24","28.21K","0.44%"
"06/02/2017","754.08","753.98","755.12","752.66","22.24K","0.09%"
"03/02/2017","753.37","754.96","755.81","751.66","23.15K","-0.17%"
"02/02/2017","754.69","751.00","754.96","751.00","13.92K","0.60%"
"25/01/2017","750.17","744.01","750.17","743.99","20.94K","1.06%"
"24/01/2017","742.31","738.61","743.05","738.44","21.00K","0.77%"
"23/01/2017","736.64","737.25","740.17","734.30","15.02K","-0.11%"
"20/01/2017","737.43","734.71","738.38","734.71","11.98K","0.30%"
"19/01/2017","735.21","737.44","739.31","735.21","9.03K","-0.30%"
"18/01/2017","737.42","743.24","744.56","737.30","11.27K","-0.62%"
"17/01/2017","742.04","744.40","746.28","740.20","10.28K","-0.37%"
"16/01/2017","744.83","751.92","754.91","744.61","12.16K","-0.90%"
"13/01/2017","751.60","751.09","754.83","749.65","12.48K","0.15%"
"12/01/2017","750.44","749.74","751.02","748.44","12.37K","0.11%"
"11/01/2017","749.58","749.92","753.96","749.19","14.06K","-0.04%"
"10/01/2017","749.87","750.71","751.21","748.05","11.74K","-0.05%"
"09/01/2017","750.27","750.11","752.35","748.48","10.14K","0.05%"
"06/01/2017","749.92","750.09","753.08","749.25","16.59K","-0.16%"
"05/01/2017","751.13","748.16","751.47","747.32","14.08K","0.43%"
"04/01/2017","747.88","748.17","753.68","747.50","10.34K","-0.23%"
"03/01/2017","749.63","749.69","751.22","747.28","10.71K","0.01%"
"30/12/2016","749.59","746.76","749.59","745.33","10.41K","0.29%"
"29/12/2016","747.44","744.80","748.70","744.80","12.40K","0.34%"
"28/12/2016","744.89","744.59","747.20","741.90","10.80K","-0.02%"
"27/12/2016","745.03","744.85","747.33","742.38","20.07K","-0.26%"
"26/12/2016","746.98","752.05","754.37","746.61","12.24K","-0.54%"
"23/12/2016","751.02","753.74","755.81","748.95","10.63K","-0.41%"
"22/12/2016","754.12","757.22","759.33","753.03","13.45K","-0.53%"
"21/12/2016","758.13","754.05","758.56","753.41","17.01K","0.49%"
"20/12/2016","754.42","758.12","758.78","752.56","14.85K","-0.43%"
"19/12/2016","757.71","757.36","760.76","755.48","15.95K","0.47%"
"16/12/2016","754.16","754.77","757.50","751.96","12.09K","-0.29%"
"15/12/2016","756.36","759.35","759.35","753.29","15.89K","0.01%"
"14/12/2016","756.30","742.32","756.61","742.32","22.60K","1.68%"
"13/12/2016","743.79","749.86","752.73","739.05","15.77K","-0.84%"
"12/12/2016","750.06","764.41","766.72","750.06","17.34K","-2.11%"
"09/12/2016","766.19","770.80","774.38","765.74","17.47K","-0.98%"
"08/12/2016","773.76","777.03","778.22","771.90","15.44K","-0.05%"
"07/12/2016","774.13","773.85","777.40","772.73","24.93K","-0.29%"
"06/12/2016","776.41","788.13","788.77","775.45","22.39K","-1.39%"
"05/12/2016","787.38","787.09","789.21","783.34","20.80K","0.08%"
"02/12/2016","786.76","788.49","789.58","784.57","26.56K","-0.07%"
"01/12/2016","787.35","784.89","788.59","784.89","21.72K","0.28%"
"30/11/2016","785.16","780.22","785.16","776.97","17.70K","0.49%"
"29/11/2016","781.30","784.44","786.32","778.25","17.56K","-0.16%"
"28/11/2016","782.55","788.19","790.54","778.94","19.95K","-0.71%"
"25/11/2016","788.16","790.67","791.84","786.63","15.62K","-0.16%"
"24/11/2016","789.46","789.04","792.08","788.87","20.33K","0.21%"
"23/11/2016","787.83","788.20","791.82","786.50","19.73K","-0.14%"
"22/11/2016","788.95","791.82","792.98","787.76","19.10K","-0.09%"
"21/11/2016","789.70","790.55","792.69","786.11","16.64K","-0.02%"
"18/11/2016","789.82","792.49","794.06","785.73","19.52K","-0.19%"
"17/11/2016","791.30","796.91","798.17","790.14","24.83K","-0.51%"
"16/11/2016","795.38","793.31","796.93","793.19","16.02K","0.36%"
"15/11/2016","792.55","794.58","795.97","790.52","19.07K","-0.08%"
"14/11/2016","793.19","796.88","797.27","790.22","13.30K","-0.22%"
"11/11/2016","794.95","795.38","800.01","793.84","13.39K","-0.08%"
"10/11/2016","795.55","785.72","795.77","785.72","17.41K","2.16%"
"09/11/2016","778.73","788.68","788.68","761.98","18.85K","-1.24%"
"08/11/2016","788.51","789.75","792.73","785.96","14.65K","-0.09%"
"07/11/2016","789.22","782.98","790.13","782.98","13.54K","0.78%"
"04/11/2016","783.14","784.30","789.02","782.64","10.93K","-0.46%"
"03/11/2016","786.75","789.77","790.40","779.80","17.60K","-0.52%"
"02/11/2016","790.85","798.11","799.30","790.85","14.78K","-0.70%"
"01/11/2016","796.42","796.37","799.61","794.26","12.79K","0.10%"
"31/10/2016","795.61","800.41","802.47","793.77","14.43K","-0.60%"
"28/10/2016","800.45","799.04","802.10","796.21","13.22K","0.31%"
"27/10/2016","797.94","794.91","800.52","794.91","12.28K","-0.10%"
"26/10/2016","798.71","798.79","801.93","793.07","14.49K","-0.33%"
"25/10/2016","801.36","804.55","808.96","798.99","15.90K","-0.72%"
"24/10/2016","807.21","812.26","816.29","807.21","16.98K","-0.64%"
"21/10/2016","812.38","815.42","817.22","812.25","18.94K","0.03%"
"20/10/2016","812.11","811.41","817.58","811.41","16.28K","0.28%"
"19/10/2016","809.84","811.78","814.70","809.45","20.08K","-0.03%"
"18/10/2016","810.11","807.46","811.41","805.62","18.96K","0.19%"
"17/10/2016","808.55","813.16","816.87","808.34","17.63K","-0.52%"
"14/10/2016","812.81","809.13","815.23","808.67","26.17K","0.57%"
"13/10/2016","808.21","802.07","808.99","800.63","21.48K","0.75%"
"12/10/2016","802.23","801.55","804.18","799.72","18.63K","0.20%"
"11/10/2016","800.65","799.82","800.99","786.87","18.38K","0.35%"
"10/10/2016","797.87","803.85","806.02","797.87","22.55K","-0.75%"
"07/10/2016","803.91","808.64","808.96","798.08","19.38K","-0.27%"
"06/10/2016","806.11","800.46","809.39","800.46","19.39K","0.77%"
"05/10/2016","799.96","798.65","802.49","798.31","16.22K","0.20%"
"04/10/2016","798.38","807.09","809.32","797.35","20.66K","-1.05%"
"03/10/2016","806.85","805.01","809.11","805.01","18.44K","0.24%"
"30/09/2016","804.88","805.55","808.13","803.78","17.68K","-0.28%"
"29/09/2016","807.11","808.68","812.62","804.08","20.91K","-0.26%"
"28/09/2016","809.22","813.48","815.84","809.06","19.56K","-0.32%"
"27/09/2016","811.81","807.43","811.81","806.02","22.66K","0.51%"
"26/09/2016","807.67","806.45","808.89","805.70","16.12K","0.19%"
"23/09/2016","806.10","803.39","806.10","802.98","20.18K","0.51%"
"22/09/2016","801.97","799.49","802.76","798.69","20.62K","0.60%"
"21/09/2016","797.21","795.07","798.23","795.07","19.06K","0.53%"
"20/09/2016","792.97","789.05","793.28","788.89","19.30K","0.56%"
"19/09/2016","788.56","786.43","790.56","785.60","20.81K","0.45%"
"16/09/2016","784.99","785.76","787.81","783.06","17.34K","-0.21%"
"15/09/2016","786.67","790.63","791.35","783.14","20.20K","-0.52%"
"14/09/2016","790.78","794.68","795.50","788.62","16.83K","-0.53%"
"13/09/2016","795.02","793.11","798.42","792.62","15.55K","-0.03%"
"12/09/2016","795.22","805.91","806.08","795.22","17.03K","-1.76%"
"09/09/2016","809.48","806.45","811.30","806.30","18.54K","0.45%"
"08/09/2016","805.88","801.84","806.22","801.50","19.61K","0.61%"
"07/09/2016","800.97","800.14","802.22","796.79","19.07K","-0.10%"
"06/09/2016","801.77","802.03","805.14","799.92","19.31K","-0.02%"
"05/09/2016","801.96","803.63","805.32","800.35","21.09K","0.21%"
"01/09/2016","800.29","797.48","801.13","796.84","17.57K","0.58%"
"31/08/2016","795.68","792.33","798.26","791.75","18.47K","0.32%"
"30/08/2016","793.14","788.90","794.55","788.55","18.23K","0.14%"
"29/08/2016","792.05","803.93","807.59","792.05","26.81K","-1.80%"
"26/08/2016","806.60","806.22","810.41","806.22","22.94K","0.34%"
"25/08/2016","803.85","800.09","806.26","799.55","21.55K","0.37%"
"24/08/2016","800.87","796.99","803.46","796.99","24.53K","0.50%"
"23/08/2016","796.92","792.97","796.92","791.66","20.57K","0.13%"
"22/08/2016","795.87","806.09","806.90","795.87","17.07K","-1.19%"
"19/08/2016","805.47","810.07","811.70","804.93","21.68K","-0.30%"
"18/08/2016","807.89","810.34","812.80","802.26","23.23K","-0.18%"
"17/08/2016","809.31","808.03","809.76","805.25","21.50K","0.29%"
"16/08/2016","806.97","802.66","810.08","801.92","27.43K","0.84%"
"15/08/2016","800.27","792.14","802.06","792.14","20.90K","0.37%"
"12/08/2016","797.30","805.55","807.90","795.48","24.34K","-0.78%"
"11/08/2016","803.56","797.81","806.26","797.81","27.39K","0.71%"
"10/08/2016","797.88","792.26","797.95","789.57","24.10K","0.85%"
"09/08/2016","791.19","779.50","791.19","779.50","22.13K","1.09%"
"08/08/2016","782.65","785.43","788.41","778.97","22.02K","-0.35%"
"05/08/2016","785.39","789.17","789.17","776.16","33.52K","-0.69%"
"04/08/2016","790.84","797.08","803.41","790.84","31.29K","-0.69%"
"03/08/2016","796.34","793.07","799.10","793.06","25.25K","-0.51%"
"02/08/2016","800.46","812.97","812.97","796.16","29.76K","-2.31%"
"01/08/2016","819.42","826.30","828.65","817.93","24.24K","-1.14%"
"29/07/2016","828.83","829.10","833.24","827.79","26.05K","-0.11%"
"28/07/2016","829.72","829.19","832.93","825.16","27.00K","0.16%"
"27/07/2016","828.37","820.61","831.32","820.61","26.84K","0.92%"
"26/07/2016","820.85","819.26","821.94","814.29","27.24K","-0.09%"
"25/07/2016","821.57","819.46","822.87","818.45","24.49K","0.05%"
"22/07/2016","821.13","823.33","823.74","809.89","27.62K","-1.15%"
"21/07/2016","830.71","839.42","843.04","830.71","32.32K","-1.19%"
"20/07/2016","840.68","844.31","847.30","840.33","42.49K","-0.69%"
"19/07/2016","846.51","854.63","854.91","840.44","30.44K","-0.36%"
"18/07/2016","849.56","843.35","849.56","842.03","28.22K","0.72%"
"15/07/2016","843.48","848.11","848.81","836.60","27.43K","-0.81%"
"14/07/2016","850.41","867.07","869.07","850.41","42.11K","-2.04%"
"13/07/2016","868.09","865.40","873.37","865.40","26.33K","0.85%"
"12/07/2016","860.77","850.56","860.90","843.90","62.92K","0.54%"
"11/07/2016","856.16","878.59","881.26","854.30","42.55K","-2.44%"
"08/07/2016","877.60","879.12","887.01","874.81","37.27K","-0.02%"
"07/07/2016","877.74","870.22","879.01","870.22","40.21K","1.52%"
"06/07/2016","864.63","851.91","866.39","848.52","30.69K","0.99%"
"05/07/2016","856.12","864.04","864.04","854.09","35.81K","-0.04%"
"04/07/2016","856.46","850.55","858.92","850.15","34.72K","1.21%"
"01/07/2016","846.19","835.84","846.19","835.84","29.16K","1.46%"
"30/06/2016","834.03","836.53","840.22","832.22","27.69K","0.23%"
"29/06/2016","832.08","816.00","832.08","816.00","29.07K","1.98%"
"28/06/2016","815.94","810.84","815.94","806.91","20.45K","0.52%"
"27/06/2016","811.70","811.68","811.99","798.34","24.55K","-0.55%"
"24/06/2016","816.17","829.24","829.41","790.71","62.02K","-1.54%"
"23/06/2016","828.92","824.27","831.01","824.27","33.20K","0.79%"
"22/06/2016","822.40","818.38","824.58","818.38","29.50K","0.65%"
"21/06/2016","817.12","813.24","818.26","813.07","31.56K","0.48%"
"20/06/2016","813.18","806.22","813.18","805.73","24.82K","0.91%"
"17/06/2016","805.87","807.73","810.14","802.05","28.47K","-0.50%"
"16/06/2016","809.94","807.32","812.09","806.90","28.96K","0.39%"
"15/06/2016","806.82","803.03","806.82","799.85","31.75K","0.62%"
"14/06/2016","801.82","794.43","801.82","793.22","30.74K","0.76%"
"13/06/2016","795.80","795.90","797.35","791.65","31.35K","-0.25%"
"10/06/2016","797.81","795.19","799.10","794.53","36.16K","0.45%"
"09/06/2016","794.21","788.36","794.21","787.95","36.94K","0.93%"
"08/06/2016","786.87","782.58","788.04","782.58","33.54K","0.70%"
"07/06/2016","781.40","775.88","781.40","775.88","27.24K","0.74%"
"06/06/2016","775.69","779.69","780.79","771.77","33.42K","-0.57%"
"03/06/2016","780.14","782.57","784.48","780.14","36.22K","-0.07%"
"02/06/2016","780.65","768.33","780.65","768.33","35.30K","1.63%"
"01/06/2016","768.11","761.51","768.11","761.38","27.89K","0.82%"
"31/05/2016","761.87","762.00","764.31","760.07","32.92K","0.11%"
"30/05/2016","761.04","760.14","762.27","758.42","28.53K","0.23%"
"27/05/2016","759.26","756.19","760.77","756.15","25.53K","0.40%"
"26/05/2016","756.20","759.64","759.74","752.60","25.47K","-0.38%"
"25/05/2016","759.09","757.84","761.09","757.45","23.00K","0.16%"
"24/05/2016","757.90","755.76","758.37","754.90","23.63K","0.27%"
"23/05/2016","755.88","758.53","759.86","755.88","20.31K","-0.09%"
"20/05/2016","756.59","751.77","756.89","751.77","20.48K","0.72%"
"19/05/2016","751.16","746.49","751.16","746.08","24.20K","0.49%"
"18/05/2016","747.52","750.02","752.31","747.28","26.18K","-0.20%"
"17/05/2016","749.02","742.28","749.62","742.28","26.20K","0.76%"
"16/05/2016","743.39","746.59","747.36","743.37","22.85K","-0.51%"
"13/05/2016","747.19","751.31","752.81","745.53","26.11K","-0.54%"
"12/05/2016","751.24","752.87","753.79","751.24","20.52K","-0.03%"
"11/05/2016","751.47","746.79","751.64","746.79","27.35K","0.76%"
"10/05/2016","745.82","746.49","747.05","742.01","25.35K","-0.37%"
"09/05/2016","748.57","755.82","756.82","747.14","27.30K","-0.98%"
"06/05/2016","755.97","759.39","760.87","754.61","32.05K","-0.70%"
"05/05/2016","761.30","764.87","765.56","761.30","26.88K","-0.20%"
"04/05/2016","762.81","758.81","763.10","756.68","28.74K","0.45%"
"29/04/2016","759.39","752.74","759.46","752.74","29.46K","0.78%"
"28/04/2016","753.50","755.44","756.64","748.90","19.45K","-0.31%"
"27/04/2016","755.86","756.45","758.02","750.75","29.43K","0.02%"
"26/04/2016","755.74","752.24","755.74","750.86","29.96K","0.36%"
"25/04/2016","753.04","753.40","754.02","750.23","32.58K","0.39%"
"22/04/2016","750.15","741.93","750.15","741.13","37.43K","1.06%"
"21/04/2016","742.29","737.94","742.98","737.94","25.48K","0.77%"
"20/04/2016","736.65","741.61","744.84","733.37","29.41K","-0.65%"
"19/04/2016","741.44","749.13","750.17","740.46","36.09K","-1.55%"
"15/04/2016","753.08","756.02","759.78","751.76","34.14K","-0.26%"
"14/04/2016","755.08","747.99","756.52","747.99","30.36K","0.85%"
"13/04/2016","748.74","748.30","751.40","744.55","32.10K","0.16%"
"12/04/2016","747.58","749.51","753.29","746.96","38.75K","0.07%"
"11/04/2016","747.03","741.59","749.45","741.51","32.88K","1.16%"
"08/04/2016","738.49","733.71","740.40","733.71","28.57K","0.72%"
"07/04/2016","733.20","728.76","734.46","728.76","38.64K","0.82%"
"06/04/2016","727.25","724.61","728.24","723.66","30.69K","0.30%"
"05/04/2016","725.10","720.47","725.10","720.47","29.53K","0.40%"
"04/04/2016","722.23","724.87","729.39","720.85","27.46K","-0.46%"
"01/04/2016","725.54","725.36","728.63","723.55","35.10K","-0.36%"
"31/03/2016","728.16","735.30","737.87","728.16","41.50K","-0.81%"
"30/03/2016","734.12","732.15","735.93","730.40","37.73K","0.33%"
"29/03/2016","731.67","733.13","738.25","731.22","38.84K","-0.09%"
"28/03/2016","732.32","725.97","732.32","725.97","32.85K","1.03%"
"25/03/2016","724.86","725.22","726.42","720.31","39.41K","-0.11%"
"24/03/2016","725.66","728.40","730.65","725.60","40.57K","-0.30%"
"23/03/2016","727.87","722.83","727.87","722.80","41.01K","0.75%"
"22/03/2016","722.48","717.71","722.48","714.77","31.39K","0.63%"
"21/03/2016","717.95","721.22","722.51","717.06","38.22K","-0.41%"
"18/03/2016","720.92","721.18","723.36","717.92","31.51K","0.08%"
"17/03/2016","720.33","721.32","723.78","719.92","29.26K","0.43%"
"16/03/2016","717.28","713.86","718.04","712.78","32.77K","0.37%"
"15/03/2016","714.63","718.36","718.92","711.25","27.72K","-0.62%"
"14/03/2016","719.09","716.05","719.09","713.78","27.31K","0.66%"
"11/03/2016","714.34","713.26","717.78","713.25","30.99K","0.20%"
"10/03/2016","712.92","704.50","712.92","704.50","27.30K","1.14%"
"09/03/2016","704.90","704.49","706.72","702.29","25.71K","0.02%"
"08/03/2016","704.79","705.58","707.28","702.78","26.93K","-0.07%"
"07/03/2016","705.31","707.44","708.94","705.21","29.85K","-0.19%"
"04/03/2016","706.63","700.71","706.76","700.23","31.17K","0.76%"
"03/03/2016","701.28","701.24","702.45","697.21","30.46K","0.03%"
"02/03/2016","701.09","696.64","701.09","696.64","41.07K","0.94%"
"01/03/2016","694.59","690.89","694.64","690.35","26.73K","0.63%"
"29/02/2016","690.23","690.46","692.55","690.02","25.68K","0.09%"
"26/02/2016","689.59","684.59","689.96","684.59","20.88K","0.82%"
"25/02/2016","684.00","689.38","690.13","683.15","24.54K","-0.62%"
"24/02/2016","688.28","684.88","689.61","684.88","23.59K","0.12%"
"23/02/2016","687.44","688.84","690.54","685.91","28.74K","-0.05%"
"22/02/2016","687.80","682.87","689.93","682.87","25.32K","0.77%"
"19/02/2016","682.56","682.57","684.23","679.99","24.59K","0.10%"
"18/02/2016","681.85","678.65","682.53","678.65","25.42K","0.74%"
"17/02/2016","676.83","675.73","677.50","673.94","21.48K","0.40%"
"16/02/2016","674.13","670.12","675.13","670.07","20.70K","0.97%"
"15/02/2016","667.67","664.98","667.84","662.56","14.53K","0.25%"
"05/02/2016","666.01","658.64","666.01","658.64","13.00K","1.02%"
"04/02/2016","659.31","656.41","661.33","656.41","12.53K","0.70%"
"03/02/2016","654.72","650.85","654.72","649.59","14.52K","0.31%"
"02/02/2016","652.67","655.72","656.32","650.69","19.00K","-0.57%"
"01/02/2016","656.42","660.64","661.36","656.10","18.76K","-0.49%"
"29/01/2016","659.64","656.55","659.67","655.03","21.10K","0.88%"
"28/01/2016","653.91","656.26","658.73","653.91","19.87K","-0.65%"
"27/01/2016","658.18","655.11","659.16","654.60","20.84K","0.73%"
"26/01/2016","653.42","654.04","657.48","650.86","18.21K","-1.05%"
"25/01/2016","660.36","646.47","661.55","646.47","27.58K","2.68%"
"22/01/2016","643.11","642.60","645.68","633.35","31.66K","0.30%"
"21/01/2016","641.18","647.18","650.02","639.00","28.58K","-0.99%"
"20/01/2016","647.61","648.12","653.46","647.27","22.89K","-0.41%"
"19/01/2016","650.28","642.18","650.28","641.84","24.42K","1.22%"
"18/01/2016","642.43","648.86","648.90","634.75","28.28K","-2.00%"
"15/01/2016","655.54","660.86","663.83","654.28","22.16K","-0.61%"
"14/01/2016","659.58","662.61","663.40","655.29","26.00K","-1.07%"
"13/01/2016","666.69","671.43","674.16","664.50","21.87K","-0.47%"
"12/01/2016","669.82","660.90","669.82","659.33","23.54K","1.17%"
"11/01/2016","662.07","663.96","665.69","658.64","22.03K","-0.61%"
"08/01/2016","666.14","674.16","675.37","665.94","33.57K","-1.78%"
"07/01/2016","678.22","686.45","686.45","671.84","34.58K","-1.37%"
"06/01/2016","687.61","684.06","687.61","682.90","22.22K","0.55%"
"05/01/2016","683.84","684.71","686.56","680.30","24.48K","-0.40%"
"04/01/2016","686.57","688.55","690.19","682.77","24.00K","-0.22%"
"31/12/2015","688.05","683.88","688.05","682.17","31.29K","0.92%"
"30/12/2015","681.77","679.98","682.44","678.15","18.40K","0.45%"
"29/12/2015","678.73","672.38","678.73","669.90","20.82K","0.82%"
"28/12/2015","673.24","680.91","683.22","672.81","26.78K","-0.99%"
"25/12/2015","679.96","683.37","684.60","678.97","15.82K","-0.47%"
"24/12/2015","683.15","681.23","683.86","680.20","13.05K","0.30%"
"23/12/2015","681.08","682.91","685.18","677.30","16.75K","-0.23%"
"22/12/2015","682.62","683.36","685.90","680.31","17.84K","0.00%"
"21/12/2015","682.59","686.10","687.58","681.66","16.67K","-0.66%"
"18/12/2015","687.15","688.45","689.14","685.46","17.44K","-0.19%"
"17/12/2015","688.45","685.14","689.10","684.74","16.37K","0.72%"
"16/12/2015","683.54","679.35","685.32","679.11","20.68K","0.33%"
"15/12/2015","681.30","679.55","681.30","678.57","17.43K","0.55%"
"14/12/2015","677.56","677.40","678.92","673.62","15.72K","0.02%"
"11/12/2015","677.41","675.10","680.24","674.82","17.15K","0.29%"
"10/12/2015","675.48","681.74","682.49","675.48","18.78K","-0.90%"
"09/12/2015","681.59","687.46","689.28","681.14","15.22K","-0.84%"
"08/12/2015","687.36","683.22","687.48","677.38","17.28K","0.62%"
"07/12/2015","683.11","686.07","688.99","683.11","14.67K","-0.01%"
"04/12/2015","683.21","684.97","686.83","679.03","19.34K","-0.22%"
"03/12/2015","684.75","684.73","687.47","683.37","15.55K","0.00%"
"02/12/2015","684.77","677.76","685.29","677.76","15.41K","1.08%"
"01/12/2015","677.43","677.00","681.19","677.00","16.75K","-0.17%"
"30/11/2015","678.61","684.81","685.34","676.50","21.46K","-1.19%"
"27/11/2015","686.78","692.33","694.91","685.62","24.08K","-0.91%"
"26/11/2015","693.10","698.92","701.43","693.10","32.26K","-0.80%"
"25/11/2015","698.71","694.93","699.09","691.67","30.91K","0.62%"
"24/11/2015","694.39","695.21","696.21","689.40","35.54K","-0.13%"
"23/11/2015","695.28","693.15","697.52","693.15","28.87K","0.40%"
"20/11/2015","692.48","686.84","694.11","686.84","31.26K","0.79%"
"19/11/2015","687.02","687.42","689.32","684.65","22.11K","0.04%"
"18/11/2015","686.77","684.97","686.96","683.53","19.21K","0.27%"
"17/11/2015","684.90","681.92","687.50","681.46","26.69K","0.53%"
"16/11/2015","681.31","683.18","685.11","678.96","22.25K","-0.30%"
"13/11/2015","683.35","679.29","683.35","678.99","24.54K","0.57%"
"12/11/2015","679.48","677.46","679.48","670.91","24.70K","0.31%"
"11/11/2015","677.36","679.97","682.59","677.36","21.96K","-0.52%"
"10/11/2015","680.87","682.19","684.24","679.01","25.15K","-0.23%"
"09/11/2015","682.46","680.77","685.12","680.77","26.77K","0.28%"
"06/11/2015","680.54","684.94","687.69","677.59","22.49K","-0.41%"
"05/11/2015","683.33","680.29","684.36","679.87","23.09K","0.49%"
"04/11/2015","680.01","684.38","687.59","679.07","21.27K","-0.52%"
"03/11/2015","683.59","678.05","684.30","673.87","18.39K","0.78%"
"02/11/2015","678.31","687.79","691.57","676.55","21.17K","-1.70%"
"30/10/2015","690.01","694.83","696.39","690.01","16.72K","-0.45%"
"29/10/2015","693.14","687.30","693.14","687.30","23.17K","1.01%"
"28/10/2015","686.21","683.12","689.92","683.12","28.10K","0.73%"
"27/10/2015","681.22","677.83","682.37","677.77","16.74K","0.53%"
"26/10/2015","677.60","680.17","681.94","677.60","20.24K","-0.34%"
"23/10/2015","679.90","681.55","684.54","679.90","21.28K","-0.01%"
"22/10/2015","679.98","673.41","679.98","671.93","19.84K","1.12%"
"21/10/2015","672.45","670.52","672.90","670.36","20.65K","0.41%"
"20/10/2015","669.69","672.46","673.41","666.02","21.46K","-0.22%"
"19/10/2015","671.20","668.99","671.81","668.99","19.70K","0.24%"
"16/10/2015","669.59","670.58","673.44","668.70","21.54K","0.12%"
"15/10/2015","668.79","666.58","668.79","665.60","21.58K","0.41%"
"14/10/2015","666.08","666.09","667.30","663.26","22.76K","0.02%"
"13/10/2015","665.96","661.29","665.96","658.96","22.49K","0.59%"
"12/10/2015","662.03","661.10","664.36","660.50","20.45K","0.18%"
"09/10/2015","660.87","662.24","663.56","659.96","24.29K","-0.07%"
"08/10/2015","661.32","653.80","662.20","653.62","23.35K","1.05%"
"07/10/2015","654.42","658.41","659.96","653.04","20.50K","-0.64%"
"06/10/2015","658.65","655.02","658.77","653.80","30.41K","1.47%"
"05/10/2015","649.10","646.34","649.10","644.30","17.54K","0.78%"
"02/10/2015","644.09","640.02","644.09","640.02","14.82K","0.59%"
"01/10/2015","640.30","642.03","643.91","638.80","11.00K","-0.43%"
"30/09/2015","643.07","641.44","643.39","638.65","12.67K","0.43%"
"29/09/2015","640.29","638.66","640.29","634.27","14.51K","-0.36%"
"28/09/2015","642.60","646.02","646.02","641.11","17.33K","-0.41%"
"25/09/2015","645.24","643.23","645.24","640.59","15.89K","0.31%"
"24/09/2015","643.26","642.14","645.84","641.88","23.08K","0.26%"
"23/09/2015","641.59","638.92","641.59","637.40","20.36K","0.22%"
"22/09/2015","640.20","642.87","645.08","639.81","23.76K","-0.28%"
"21/09/2015","641.99","638.42","641.99","637.71","21.96K","0.68%"
"18/09/2015","637.65","634.16","638.82","634.16","22.75K","0.75%"
"17/09/2015","632.89","632.26","636.23","631.85","18.79K","0.02%"
"16/09/2015","632.79","632.85","635.59","629.81","14.81K","0.12%"
"15/09/2015","632.05","632.73","635.00","630.38","14.72K","-0.23%"
"14/09/2015","633.52","636.85","640.29","632.82","14.87K","-0.80%"
"11/09/2015","638.62","641.59","642.96","638.62","18.25K","-0.40%"
"10/09/2015","641.18","638.94","641.18","636.32","16.73K","0.19%"
"09/09/2015","639.99","637.36","641.15","637.18","17.34K","0.39%"
"08/09/2015","637.48","629.76","637.48","629.76","13.97K","1.08%"
"07/09/2015","630.64","632.19","635.41","630.64","13.18K","-0.24%"
"04/09/2015","632.13","628.00","633.15","628.00","15.08K","0.57%"
"03/09/2015","628.54","627.66","629.53","623.90","15.34K","0.10%"
"01/09/2015","627.90","626.29","630.52","625.16","13.75K","0.31%"
"31/08/2015","625.97","630.33","630.86","624.95","13.04K","-0.72%"
"28/08/2015","630.50","631.35","633.99","629.21","18.44K","0.12%"
"27/08/2015","629.76","625.42","630.01","625.42","18.11K","1.33%"
"26/08/2015","621.47","609.00","622.23","609.00","15.75K","2.10%"
"25/08/2015","608.70","602.41","614.15","602.25","25.94K","-0.76%"
"24/08/2015","613.39","633.73","634.07","607.35","24.17K","-3.60%"
"21/08/2015","636.29","641.71","641.79","626.80","25.36K","-1.23%"
"20/08/2015","644.19","648.40","649.59","640.46","16.48K","-0.72%"
"19/08/2015","648.83","649.57","650.87","644.83","19.29K","-0.46%"
"18/08/2015","651.84","651.86","653.79","649.86","13.11K","0.00%"
"17/08/2015","651.82","660.01","662.16","650.98","15.88K","-1.13%"
"14/08/2015","659.30","656.75","660.84","654.66","15.76K","0.31%"
"13/08/2015","657.25","663.61","664.54","653.45","21.32K","-1.13%"
"12/08/2015","664.79","666.54","668.91","661.85","19.95K","-0.64%"
"11/08/2015","669.05","670.78","672.25","668.94","19.98K","-0.34%"
"10/08/2015","671.33","668.17","672.27","668.17","18.12K","0.51%"
"07/08/2015","667.91","669.71","670.58","666.95","17.16K","-0.10%"
"06/08/2015","668.55","671.56","674.86","668.55","26.38K","-0.30%"
"05/08/2015","670.59","660.12","670.59","660.12","22.11K","1.89%"
"04/08/2015","658.14","655.78","658.21","655.60","15.62K","0.19%"
"03/08/2015","656.87","659.51","659.51","651.98","17.01K","-0.92%"
"31/07/2015","662.95","661.73","666.86","661.73","19.97K","0.20%"
"30/07/2015","661.63","658.95","662.52","658.95","16.83K","0.26%"
"29/07/2015","659.90","660.13","663.02","659.76","18.86K","-0.23%"
"28/07/2015","661.43","665.00","665.96","659.67","25.00K","-0.35%"
"27/07/2015","663.75","659.85","664.95","659.85","18.63K","0.61%"
"24/07/2015","659.75","661.35","662.12","657.18","17.09K","-0.15%"
"23/07/2015","660.73","665.44","667.02","660.73","17.54K","-0.61%"
"22/07/2015","664.79","659.91","664.79","659.91","16.83K","0.55%"
"21/07/2015","661.13","662.99","666.58","660.76","17.59K","-0.16%"
"20/07/2015","662.17","665.02","665.04","658.39","17.10K","-0.46%"
"17/07/2015","665.24","661.64","666.24","661.43","17.99K","0.63%"
"16/07/2015","661.07","659.07","661.12","657.23","15.91K","-0.04%"
"15/07/2015","661.35","667.04","667.60","661.35","23.06K","-0.56%"
"14/07/2015","665.10","666.58","669.15","662.36","27.95K","-0.19%"
"13/07/2015","666.37","668.19","669.58","664.81","21.46K","0.04%"
"10/07/2015","666.08","666.51","669.58","664.28","27.77K","0.01%"
"09/07/2015","665.99","665.12","666.71","662.80","27.38K","0.06%"
"08/07/2015","665.60","668.14","668.87","661.01","32.46K","-0.27%"
"07/07/2015","667.38","664.78","667.38","663.32","29.85K","0.26%"
"06/07/2015","665.65","665.05","668.15","663.23","28.59K","0.33%"
"03/07/2015","663.46","662.46","664.88","660.91","30.61K","0.30%"
"02/07/2015","661.47","657.47","661.79","656.62","18.66K","0.60%"
"01/07/2015","657.50","661.41","663.01","654.92","29.40K","-0.56%"
"30/06/2015","661.18","660.88","663.83","659.14","27.14K","-0.32%"
"29/06/2015","663.31","663.58","664.09","659.49","18.92K","-0.08%"
"26/06/2015","663.85","665.07","667.29","663.46","22.00K","-0.25%"
"25/06/2015","665.50","667.15","668.59","664.28","20.33K","-0.44%"
"24/06/2015","668.41","667.88","669.46","665.62","23.94K","0.06%"
"23/06/2015","668.00","665.52","668.03","664.70","16.22K","0.19%"
"22/06/2015","666.75","668.03","669.68","665.27","19.08K","-0.10%"
"19/06/2015","667.45","668.53","671.29","664.97","24.01K","0.43%"
"18/06/2015","664.56","664.38","665.49","662.04","18.01K","0.12%"
"17/06/2015","663.75","667.90","668.57","663.14","23.91K","-0.72%"
"16/06/2015","668.57","673.86","675.16","668.57","28.55K","-0.88%"
"15/06/2015","674.49","674.42","677.96","673.70","23.22K","-0.04%"
"12/06/2015","674.76","673.52","675.33","670.11","30.14K","0.67%"
"11/06/2015","670.26","664.17","670.32","664.17","32.15K","1.16%"
"10/06/2015","662.60","662.54","663.93","659.05","26.45K","0.00%"
"09/06/2015","662.62","668.09","669.24","660.87","33.69K","-1.01%"
"08/06/2015","669.37","669.27","674.61","669.27","40.76K","0.04%"
"05/06/2015","669.09","664.92","669.20","663.82","30.66K","0.61%"
"04/06/2015","665.06","665.30","669.88","663.22","25.97K","0.40%"
"03/06/2015","662.40","655.03","662.40","654.65","23.36K","1.18%"
"02/06/2015","654.66","658.62","661.33","654.43","32.08K","-0.58%"
"01/06/2015","658.50","659.04","662.03","658.47","32.40K","0.10%"
"29/05/2015","657.84","661.58","664.34","653.86","28.15K","-0.51%"
"28/05/2015","661.22","652.58","664.46","652.58","31.70K","1.23%"
"27/05/2015","653.17","650.17","654.03","649.71","31.29K","0.22%"
"26/05/2015","651.72","651.38","655.85","650.96","28.92K","0.14%"
"25/05/2015","650.79","644.96","650.79","642.43","27.38K","1.01%"
"22/05/2015","644.30","639.16","644.30","637.62","24.91K","0.76%"
"21/05/2015","639.46","634.78","639.46","633.73","23.72K","0.91%"
"20/05/2015","633.71","620.74","634.98","620.74","26.65K","2.29%"
"19/05/2015","619.52","610.93","619.52","610.55","21.04K","1.13%"
"18/05/2015","612.58","622.54","623.02","609.72","23.22K","-1.89%"
"15/05/2015","624.37","631.97","633.64","624.37","17.38K","-1.18%"
"14/05/2015","631.83","633.45","635.56","631.70","17.49K","-0.22%"
"13/05/2015","633.22","632.86","635.72","627.73","15.52K","0.07%"
"12/05/2015","632.78","634.98","636.52","628.59","17.65K","-0.42%"
"11/05/2015","635.42","638.04","640.86","635.01","19.89K","-0.26%"
"08/05/2015","637.09","631.97","637.09","631.61","19.86K","1.15%"
"07/05/2015","629.84","622.23","630.62","621.89","18.27K","0.71%"
"06/05/2015","625.41","633.87","635.45","623.89","19.54K","-1.84%"
"05/05/2015","637.11","635.10","637.11","626.64","24.83K","-0.18%"
"04/05/2015","638.23","659.07","659.58","634.94","23.24K","-3.12%"
"27/04/2015","658.76","658.83","660.27","653.83","13.88K","0.09%"
"24/04/2015","658.15","657.15","659.43","656.58","12.24K","0.00%"
"23/04/2015","658.13","661.67","663.47","654.87","14.90K","-0.48%"
"22/04/2015","661.31","666.07","667.26","661.31","17.44K","-0.78%"
"21/04/2015","666.48","668.78","670.06","665.65","16.94K","-0.44%"
"20/04/2015","669.40","671.30","672.33","666.64","15.21K","-0.35%"
"17/04/2015","671.74","670.12","671.95","669.40","19.18K","0.31%"
"16/04/2015","669.68","671.74","672.88","667.86","15.66K","-0.03%"
"15/04/2015","669.90","669.15","671.61","667.08","16.00K","0.22%"
"14/04/2015","668.41","674.66","676.00","667.29","13.68K","-0.81%"
"13/04/2015","673.87","677.80","681.92","673.23","16.16K","-0.27%"
"10/04/2015","675.69","676.48","678.67","675.03","24.44K","0.19%"
"09/04/2015","674.39","668.54","675.64","668.18","19.41K","0.88%"
"08/04/2015","668.51","670.01","672.06","665.91","16.98K","-0.17%"
"07/04/2015","669.62","658.80","669.62","658.80","19.45K","1.50%"
"06/04/2015","659.72","663.07","663.91","659.72","12.45K","-0.38%"
"03/04/2015","662.26","660.58","663.06","660.26","14.20K","0.31%"
"02/04/2015","660.24","653.65","660.24","648.86","24.79K","0.92%"
"01/04/2015","654.24","667.60","669.97","652.41","30.53K","-2.28%"
"31/03/2015","669.49","666.02","671.17","666.02","17.72K","0.64%"
"30/03/2015","665.23","674.18","677.88","664.98","26.39K","-1.32%"
"27/03/2015","674.15","679.70","682.24","673.05","27.45K","-0.66%"
"26/03/2015","678.66","680.25","682.67","678.27","24.87K","-0.53%"
"25/03/2015","682.30","683.58","686.06","680.31","16.89K","0.10%"
"24/03/2015","681.62","684.96","685.15","675.94","21.29K","-0.59%"
"23/03/2015","685.67","693.53","694.55","685.34","21.09K","-1.06%"
"20/03/2015","693.01","690.47","693.03","687.68","18.80K","0.39%"
"19/03/2015","690.29","691.89","694.22","688.57","17.57K","-0.18%"
"18/03/2015","691.52","691.80","694.70","687.40","17.68K","0.08%"
"17/03/2015","691.00","689.06","691.48","688.69","18.77K","0.50%"
"16/03/2015","687.54","690.65","691.27","685.25","18.97K","-0.36%"
"13/03/2015","690.00","692.55","695.01","690.00","15.32K","-0.19%"
"12/03/2015","691.30","691.11","693.49","688.94","19.58K","-0.05%"
"11/03/2015","691.67","693.88","695.02","691.34","21.02K","-0.30%"
"10/03/2015","693.73","691.59","695.36","691.59","18.66K","-0.12%"
"09/03/2015","694.59","701.86","702.55","694.18","23.52K","-1.32%"
"06/03/2015","703.91","700.86","705.26","698.95","27.83K","0.27%"
"05/03/2015","702.00","702.79","704.04","698.40","38.52K","0.20%"
"04/03/2015","700.63","697.10","700.63","695.42","43.40K","0.84%"
"03/03/2015","694.81","690.21","695.41","690.17","31.53K","0.69%"
"02/03/2015","690.06","690.80","691.54","686.26","17.49K","-0.22%"
"27/02/2015","691.55","691.16","693.41","688.76","20.10K","0.27%"
"26/02/2015","689.67","685.91","690.62","684.37","15.39K","0.48%"
"25/02/2015","686.37","691.39","692.03","683.56","24.99K","-0.72%"
"24/02/2015","691.37","685.56","691.37","685.56","16.85K","0.87%"
"13/02/2015","685.44","681.55","685.44","680.88","19.74K","0.58%"
"12/02/2015","681.49","678.22","683.00","678.22","18.34K","0.71%"
"11/02/2015","676.69","667.83","676.69","667.83","15.20K","1.33%"
"10/02/2015","667.83","668.27","670.45","667.54","13.51K","-0.06%"
"09/02/2015","668.25","672.53","675.11","666.92","12.35K","-0.56%"
"06/02/2015","672.02","669.29","674.76","669.29","15.98K","0.51%"
"05/02/2015","668.61","664.08","670.70","663.91","19.88K","0.52%"
"04/02/2015","665.14","665.94","665.94","660.99","17.17K","-0.17%"
"03/02/2015","666.27","675.59","677.05","666.27","23.49K","-1.32%"
"02/02/2015","675.15","685.43","687.92","675.15","16.74K","-1.50%"
"30/01/2015","685.46","690.75","692.02","682.66","25.54K","-0.77%"
"29/01/2015","690.76","693.02","694.33","687.90","21.01K","-0.29%"
"28/01/2015","692.79","690.86","695.16","689.07","27.80K","0.12%"
"27/01/2015","691.98","701.81","703.48","688.02","37.10K","-1.46%"
"26/01/2015","702.26","704.21","706.58","701.06","30.08K","0.14%"
"23/01/2015","701.29","697.48","703.03","695.57","34.79K","0.64%"
"22/01/2015","696.80","695.98","696.80","691.61","18.92K","0.15%"
"21/01/2015","695.79","694.71","697.69","692.74","29.85K","0.22%"
"20/01/2015","694.28","693.35","695.02","689.56","22.02K","0.10%"
"19/01/2015","693.62","696.38","699.17","691.85","20.77K","-0.35%"
"16/01/2015","696.04","693.00","696.93","692.31","30.10K","0.52%"
"15/01/2015","692.45","689.21","693.61","686.43","29.05K","0.63%"
"14/01/2015","688.13","685.34","688.21","678.72","26.92K","0.33%"
"13/01/2015","685.89","680.99","686.68","680.83","19.52K","0.37%"
"12/01/2015","683.34","693.25","694.46","682.12","22.01K","-1.34%"
"09/01/2015","692.64","685.98","693.73","685.98","21.66K","0.92%"
"08/01/2015","686.31","689.13","690.42","683.53","18.41K","-0.30%"
"07/01/2015","688.39","685.80","691.10","685.72","27.57K","0.45%"
"06/01/2015","685.34","671.03","685.34","671.03","25.80K","0.90%"
"05/01/2015","679.26","676.79","682.34","675.63","21.66K","0.87%"
"31/12/2014","673.39","656.27","674.96","656.27","23.55K","2.87%"
"30/12/2014","654.59","641.67","654.59","635.92","19.91K","2.02%"
"29/12/2014","641.64","654.60","661.31","640.11","20.84K","-2.35%"
"26/12/2014","657.09","667.24","667.24","656.62","20.46K","-1.71%"
"25/12/2014","668.49","676.42","676.42","666.64","18.80K","-1.11%"
"24/12/2014","676.01","678.47","680.28","675.25","12.61K","0.03%"
"23/12/2014","675.78","679.01","682.53","674.65","16.40K","-0.51%"
"22/12/2014","679.26","673.54","679.51","673.54","15.55K","1.13%"
"19/12/2014","671.67","686.46","688.76","670.82","19.67K","-1.99%"
"18/12/2014","685.29","676.91","685.29","675.94","18.93K","2.25%"
"17/12/2014","670.18","695.74","697.19","662.55","36.80K","-3.30%"
"16/12/2014","693.06","704.34","704.99","691.19","26.92K","-1.85%"
"15/12/2014","706.11","705.21","712.28","705.21","21.44K","0.12%"
"12/12/2014","705.24","697.93","705.24","697.93","17.98K","0.92%"
"11/12/2014","698.83","702.54","706.18","698.45","17.86K","-1.08%"
"10/12/2014","706.49","694.01","707.51","689.86","26.66K","1.63%"
"09/12/2014","695.17","717.30","717.30","693.68","41.31K","-3.51%"
"08/12/2014","720.45","728.16","730.02","720.45","20.17K","-0.99%"
"05/12/2014","727.68","727.77","732.33","724.54","25.12K","-0.01%"
"04/12/2014","727.78","729.56","732.60","727.78","23.81K","-0.24%"
"03/12/2014","729.54","725.10","730.48","725.10","25.35K","0.64%"
"02/12/2014","724.88","724.05","725.73","722.21","22.01K","0.15%"
"01/12/2014","723.77","726.34","729.70","722.71","21.96K","-0.07%"
"28/11/2014","724.26","723.05","730.64","720.16","33.88K","0.32%"
"27/11/2014","721.95","715.23","721.95","706.74","25.73K","0.90%"
"26/11/2014","715.54","725.95","727.34","708.46","38.73K","-1.04%"
"25/11/2014","723.07","716.20","725.84","716.20","35.53K","0.71%"
"24/11/2014","717.98","726.34","726.34","717.02","33.07K","-1.87%"
"21/11/2014","731.69","745.45","745.81","730.80","49.20K","-1.75%"
"20/11/2014","744.71","738.85","744.71","737.88","31.68K","1.30%"
"19/11/2014","735.17","738.81","741.34","729.11","34.79K","-0.55%"
"18/11/2014","739.26","741.62","744.15","738.08","40.34K","0.06%"
"17/11/2014","738.81","731.18","740.61","731.18","37.67K","1.63%"
"14/11/2014","726.97","729.90","730.54","722.52","38.11K","-0.73%"
"13/11/2014","732.32","735.35","738.71","727.94","42.65K","-0.02%"
"12/11/2014","732.50","722.48","732.50","722.48","40.97K","1.40%"
"11/11/2014","722.37","726.45","727.51","722.32","32.35K","-0.53%"
"10/11/2014","726.21","727.24","729.57","725.93","33.24K","0.28%"
"07/11/2014","724.18","721.96","724.18","719.21","31.84K","0.47%"