"Ngày","Lần cuối","Mở","Cao","Thấp","KL","% Thay đổi"
"31/12/2025","2,217.21","2,230.45","2,236.86","2,205.54","204.78M","-0.59%"
"30/12/2025","2,230.45","2,223.27","2,233.27","2,203.41","178.11M","0.32%"
"29/12/2025","2,223.27","2,210.52","2,223.65","2,210.52","173.60M","0.58%"
"26/12/2025","2,210.52","2,220.68","2,220.68","2,159.17","317.38M","-0.46%"
"25/12/2025","2,220.68","2,252.07","2,264.43","2,220.68","243.36M","-1.39%"
"24/12/2025","2,252.07","2,244.64","2,252.82","2,227.46","229.70M","0.33%"
"23/12/2025","2,244.64","2,259.15","2,270.83","2,232.41","270.42M","-0.64%"
"22/12/2025","2,259.15","2,213.98","2,259.15","2,213.98","273.62M","2.04%"
"19/12/2025","2,213.98","2,197.15","2,217.76","2,193.23","241.30M","0.77%"
"18/12/2025","2,197.15","2,195.26","2,202.51","2,183.22","163.94M","0.09%"
"17/12/2025","2,195.26","2,204.00","2,207.47","2,185.46","190.35M","-0.40%"
"16/12/2025","2,204.00","2,133.47","2,211.17","2,102.73","313.41M","3.31%"
"15/12/2025","2,133.47","2,142.29","2,163.09","2,125.42","246.73M","-0.41%"
"12/12/2025","2,142.29","2,238.19","2,247.64","2,139.87","345.46M","-4.28%"
"11/12/2025","2,238.19","2,239.97","2,257.45","2,230.21","174.40M","-0.08%"
"10/12/2025","2,239.97","2,258.67","2,268.81","2,235.23","177.82M","-0.83%"
"09/12/2025","2,258.67","2,276.25","2,283.03","2,218.62","345.56M","-0.77%"
"08/12/2025","2,276.25","2,309.86","2,321.74","2,270.63","224.55M","-1.46%"
"05/12/2025","2,309.86","2,328.21","2,338.78","2,304.87","246.01M","-0.79%"
"04/12/2025","2,328.21","2,310.55","2,333.15","2,310.55","302.89M","0.76%"
"03/12/2025","2,310.55","2,285.96","2,310.57","2,275.55","226.49M","1.08%"
"02/12/2025","2,285.96","2,282.47","2,288.02","2,247.51","274.12M","0.15%"
"01/12/2025","2,282.47","2,295.67","2,306.20","2,275.78","201.95M","-0.57%"
"28/11/2025","2,295.67","2,310.75","2,320.76","2,281.37","309.03M","-0.65%"
"27/11/2025","2,310.75","2,305.23","2,329.35","2,305.23","274.56M","0.24%"
"26/11/2025","2,305.23","2,247.13","2,305.23","2,240.50","297.82M","2.59%"
"25/11/2025","2,247.13","2,272.46","2,277.64","2,239.09","349.22M","-1.11%"
"24/11/2025","2,272.46","2,280.74","2,294.44","2,266.29","185.12M","-0.36%"
"21/11/2025","2,280.74","2,296.26","2,300.40","2,259.35","287.75M","-0.68%"
"20/11/2025","2,296.26","2,305.95","2,309.67","2,274.19","234.37M","-0.42%"
"19/11/2025","2,305.95","2,339.17","2,343.25","2,290.47","353.00M","-1.42%"
"18/11/2025","2,339.17","2,335.81","2,345.71","2,318.75","310.89M","0.14%"
"17/11/2025","2,335.81","2,296.95","2,335.81","2,296.95","302.88M","1.69%"
"14/11/2025","2,296.95","2,280.26","2,309.05","2,268.02","306.04M","0.73%"
"13/11/2025","2,280.26","2,280.39","2,297.26","2,275.56","286.31M","-0.01%"
"12/11/2025","2,280.39","2,229.24","2,281.53","2,227.98","283.86M","2.29%"
"11/11/2025","2,229.24","2,200.08","2,229.24","2,187.34","232.70M","1.33%"
"10/11/2025","2,200.08","2,239.14","2,249.67","2,195.91","286.35M","-1.74%"
"07/11/2025","2,239.14","2,303.18","2,307.07","2,234.60","320.01M","-2.78%"
"06/11/2025","2,303.18","2,323.32","2,331.75","2,287.77","237.66M","-0.87%"
"05/11/2025","2,323.32","2,345.44","2,362.33","2,310.96","289.71M","-0.94%"
"04/11/2025","2,345.44","2,278.14","2,349.49","2,213.32","489.16M","2.95%"
"03/11/2025","2,278.14","2,346.31","2,358.33","2,275.37","433.13M","-2.91%"
"31/10/2025","2,346.31","2,380.39","2,385.98","2,333.99","352.66M","-1.43%"
"30/10/2025","2,380.39","2,400.97","2,414.24","2,370.97","327.13M","-0.86%"
"29/10/2025","2,400.97","2,375.43","2,411.44","2,375.43","317.03M","1.08%"
"28/10/2025","2,375.43","2,330.70","2,375.43","2,295.50","328.04M","1.92%"
"27/10/2025","2,330.70","2,363.85","2,389.82","2,329.64","365.86M","-1.40%"
"24/10/2025","2,363.85","2,379.30","2,388.11","2,327.98","357.58M","-0.65%"
"23/10/2025","2,379.30","2,397.18","2,426.27","2,376.95","265.00M","-0.75%"
"22/10/2025","2,397.18","2,374.35","2,409.82","2,324.26","369.24M","0.96%"
"21/10/2025","2,374.35","2,376.18","2,395.61","2,302.31","646.34M","-0.08%"
"20/10/2025","2,376.18","2,532.93","2,542.06","2,374.53","610.63M","-6.19%"
"17/10/2025","2,532.93","2,570.12","2,591.35","2,530.83","521.51M","-1.45%"
"16/10/2025","2,570.12","2,532.16","2,570.26","2,532.16","508.06M","1.50%"
"15/10/2025","2,532.16","2,511.92","2,540.48","2,508.67","445.70M","0.81%"
"14/10/2025","2,511.92","2,518.66","2,547.38","2,507.66","625.95M","-0.27%"
"13/10/2025","2,518.66","2,513.30","2,518.66","2,453.63","475.40M","0.21%"
"10/10/2025","2,513.30","2,491.55","2,523.93","2,491.55","387.62M","0.87%"
"09/10/2025","2,491.55","2,474.36","2,505.05","2,471.90","344.26M","0.69%"
"08/10/2025","2,474.36","2,454.81","2,541.68","2,441.49","410.15M","0.80%"
"07/10/2025","2,454.81","2,488.17","2,526.80","2,447.10","314.66M","-1.34%"
"06/10/2025","2,488.17","2,394.74","2,488.17","2,394.74","350.41M","3.90%"
"03/10/2025","2,394.74","2,430.57","2,431.77","2,389.07","352.46M","-1.47%"
"02/10/2025","2,430.57","2,476.47","2,493.95","2,428.18","293.12M","-1.85%"
"01/10/2025","2,476.47","2,463.63","2,486.07","2,463.63","306.02M","0.52%"
"30/09/2025","2,463.63","2,488.01","2,495.20","2,426.13","489.51M","-0.98%"
"29/09/2025","2,488.01","2,494.26","2,506.53","2,480.23","360.61M","-0.25%"
"26/09/2025","2,494.26","2,521.96","2,537.68","2,490.69","414.69M","-1.10%"
"25/09/2025","2,521.96","2,504.97","2,533.34","2,504.97","430.47M","0.68%"
"24/09/2025","2,504.97","2,462.60","2,504.97","2,442.02","339.22M","1.72%"
"23/09/2025","2,462.60","2,469.77","2,487.07","2,455.47","212.44M","-0.29%"
"22/09/2025","2,469.77","2,496.20","2,517.74","2,432.94","481.58M","-1.06%"
"19/09/2025","2,496.20","2,517.88","2,545.21","2,470.92","341.12M","-0.86%"
"18/09/2025","2,517.88","2,520.11","2,537.72","2,494.92","334.90M","-0.09%"
"17/09/2025","2,520.11","2,564.36","2,580.64","2,516.06","334.78M","-1.73%"
"16/09/2025","2,564.36","2,586.54","2,626.53","2,554.30","477.14M","-0.86%"
"15/09/2025","2,586.54","2,535.73","2,586.54","2,535.73","440.15M","2.00%"
"12/09/2025","2,535.73","2,502.42","2,539.88","2,502.42","435.41M","1.33%"
"11/09/2025","2,502.42","2,496.50","2,514.00","2,415.05","491.86M","0.24%"
"10/09/2025","2,496.50","2,501.13","2,540.55","2,476.36","327.95M","-0.19%"
"09/09/2025","2,501.13","2,469.19","2,501.13","2,437.62","416.32M","1.29%"
"08/09/2025","2,469.19","2,572.78","2,576.72","2,469.19","762.02M","-4.03%"
"05/09/2025","2,572.78","2,632.59","2,660.78","2,572.78","707.42M","-2.27%"
"04/09/2025","2,632.59","2,608.57","2,643.32","2,608.57","548.05M","0.92%"
"03/09/2025","2,608.57","2,574.28","2,610.84","2,574.28","509.01M","1.33%"
"29/08/2025","2,574.28","2,568.85","2,607.20","2,567.13","588.29M","0.21%"
"28/08/2025","2,568.85","2,535.09","2,568.85","2,522.11","428.92M","1.33%"
"27/08/2025","2,535.09","2,519.49","2,565.85","2,519.49","639.27M","0.62%"
"26/08/2025","2,519.49","2,419.76","2,519.49","2,388.49","480.12M","4.12%"
"25/08/2025","2,419.76","2,495.40","2,531.37","2,414.05","526.64M","-3.03%"
"22/08/2025","2,495.40","2,553.27","2,564.96","2,455.84","856.81M","-2.27%"
"21/08/2025","2,553.27","2,565.04","2,592.81","2,548.34","602.77M","-0.46%"
"20/08/2025","2,565.04","2,594.04","2,613.34","2,483.93","928.29M","-1.12%"
"19/08/2025","2,594.04","2,581.88","2,621.72","2,581.88","721.52M","0.47%"
"18/08/2025","2,581.88","2,546.14","2,586.66","2,545.60","669.39M","1.40%"
"15/08/2025","2,546.14","2,553.01","2,585.02","2,523.96","804.62M","-0.27%"
"14/08/2025","2,553.01","2,520.88","2,559.06","2,520.88","660.96M","1.27%"
"13/08/2025","2,520.88","2,494.86","2,523.12","2,468.64","795.21M","1.04%"
"12/08/2025","2,494.86","2,473.25","2,494.97","2,450.82","698.63M","0.87%"
"11/08/2025","2,473.25","2,443.02","2,482.63","2,443.02","639.12M","1.24%"
"08/08/2025","2,443.02","2,417.69","2,448.69","2,402.79","769.49M","1.05%"
"07/08/2025","2,417.69","2,392.14","2,424.48","2,391.99","629.65M","1.07%"
"06/08/2025","2,392.14","2,348.06","2,392.27","2,348.06","524.58M","1.88%"
"05/08/2025","2,348.06","2,354.31","2,414.34","2,286.64","1.07B","-0.27%"
"04/08/2025","2,354.31","2,315.64","2,354.39","2,293.76","489.00M","1.67%"
"01/08/2025","2,315.64","2,335.50","2,354.50","2,297.42","581.17M","-0.85%"
"31/07/2025","2,335.50","2,310.00","2,347.43","2,279.81","682.13M","1.10%"
"30/07/2025","2,310.00","2,270.71","2,312.70","2,242.95","708.61M","1.73%"
"29/07/2025","2,270.71","2,397.62","2,439.15","2,267.84","1.25B","-5.29%"
"28/07/2025","2,397.62","2,316.78","2,401.88","2,316.78","697.30M","3.49%"
"25/07/2025","2,316.78","2,265.41","2,316.81","2,265.41","672.61M","2.27%"
"24/07/2025","2,265.41","2,242.86","2,265.41","2,237.47","530.42M","1.01%"
"23/07/2025","2,242.86","2,211.89","2,257.19","2,211.89","676.89M","1.40%"
"22/07/2025","2,211.89","2,162.50","2,211.89","2,149.33","571.08M","2.28%"
"21/07/2025","2,162.50","2,166.29","2,190.88","2,159.26","601.19M","-0.17%"
"18/07/2025","2,166.29","2,151.78","2,179.50","2,149.16","616.93M","0.67%"
"17/07/2025","2,151.78","2,142.80","2,168.02","2,139.77","648.62M","0.42%"
"16/07/2025","2,142.80","2,123.02","2,142.85","2,116.06","567.69M","0.93%"
"15/07/2025","2,123.02","2,125.76","2,148.14","2,121.41","621.37M","-0.13%"
"14/07/2025","2,125.76","2,092.68","2,126.30","2,072.81","562.96M","1.58%"
"11/07/2025","2,092.68","2,086.38","2,099.37","2,071.57","534.84M","0.30%"
"10/07/2025","2,086.38","2,084.47","2,097.90","2,081.19","420.25M","0.09%"
"09/07/2025","2,084.47","2,071.91","2,090.80","2,071.91","567.11M","0.61%"
"08/07/2025","2,071.91","2,054.35","2,072.77","2,051.26","480.92M","0.85%"
"07/07/2025","2,054.35","2,037.52","2,054.73","2,037.52","470.04M","0.83%"
"04/07/2025","2,037.52","2,025.08","2,043.02","2,025.08","408.02M","0.61%"
"03/07/2025","2,025.08","2,017.45","2,043.65","2,009.73","656.94M","0.38%"
"02/07/2025","2,017.45","1,988.25","2,018.05","1,983.43","470.11M","1.47%"
"01/07/2025","1,988.25","1,995.40","2,003.86","1,979.25","335.21M","-0.36%"
"30/06/2025","1,995.40","1,973.64","1,996.19","1,973.64","292.75M","1.10%"
"27/06/2025","1,973.64","1,969.57","1,979.43","1,969.56","280.21M","0.21%"
"26/06/2025","1,969.57","1,968.12","1,972.92","1,954.89","257.02M","0.07%"
"25/06/2025","1,968.12","1,967.55","1,981.71","1,963.99","316.54M","0.03%"
"24/06/2025","1,967.55","1,951.18","1,974.23","1,948.11","415.22M","0.84%"
"23/06/2025","1,951.18","1,956.16","1,956.16","1,936.16","332.76M","-0.25%"
"20/06/2025","1,956.16","1,949.45","1,961.55","1,949.45","279.01M","0.34%"
"19/06/2025","1,949.45","1,948.51","1,952.39","1,933.43","244.39M","0.05%"
"18/06/2025","1,948.51","1,956.98","1,966.88","1,941.48","310.78M","-0.43%"
"17/06/2025","1,956.98","1,950.06","1,962.09","1,940.98","329.00M","0.35%"
"16/06/2025","1,950.06","1,907.08","1,950.06","1,900.93","284.71M","2.25%"
"13/06/2025","1,907.08","1,935.12","1,935.12","1,886.30","524.63M","-1.45%"
"12/06/2025","1,935.12","1,910.37","1,937.64","1,907.65","300.92M","1.30%"
"11/06/2025","1,910.37","1,912.31","1,925.32","1,900.17","239.72M","-0.10%"
"10/06/2025","1,912.31","1,899.76","1,923.15","1,892.86","305.22M","0.66%"
"09/06/2025","1,899.76","1,927.99","1,935.27","1,897.51","334.02M","-1.46%"
"06/06/2025","1,927.99","1,952.32","1,956.69","1,925.76","448.69M","-1.25%"
"05/06/2025","1,952.32","1,960.94","1,967.53","1,939.21","363.30M","-0.44%"
"04/06/2025","1,960.94","1,950.06","1,971.03","1,950.06","454.77M","0.56%"
"03/06/2025","1,950.06","1,933.48","1,957.77","1,931.28","494.87M","0.86%"
"02/06/2025","1,933.48","1,913.71","1,933.94","1,897.92","390.61M","1.03%"
"30/05/2025","1,913.71","1,935.34","1,943.79","1,905.09","387.15M","-1.12%"
"29/05/2025","1,935.34","1,925.02","1,949.14","1,923.11","411.58M","0.54%"
"28/05/2025","1,925.02","1,935.80","1,951.97","1,916.70","432.42M","-0.56%"
"27/05/2025","1,935.80","1,906.07","1,935.96","1,906.07","500.36M","1.56%"
"26/05/2025","1,906.07","1,867.59","1,906.07","1,839.06","420.37M","2.06%"
"23/05/2025","1,867.59","1,862.32","1,874.07","1,859.47","291.73M","0.28%"
"22/05/2025","1,862.32","1,870.69","1,888.09","1,858.60","566.20M","-0.45%"
"21/05/2025","1,870.69","1,864.67","1,876.91","1,849.89","390.27M","0.32%"
"20/05/2025","1,864.67","1,843.57","1,865.66","1,836.96","320.22M","1.14%"
"19/05/2025","1,843.57","1,855.67","1,858.64","1,840.35","341.24M","-0.65%"
"16/05/2025","1,855.67","1,870.63","1,877.26","1,853.62","360.67M","-0.80%"
"15/05/2025","1,870.63","1,869.70","1,881.93","1,853.93","344.48M","0.05%"
"14/05/2025","1,869.70","1,852.46","1,870.01","1,848.01","338.22M","0.93%"
"13/05/2025","1,852.46","1,830.41","1,855.79","1,830.41","351.74M","1.20%"
"12/05/2025","1,830.41","1,816.38","1,830.44","1,808.71","260.99M","0.77%"
"09/05/2025","1,816.38","1,818.39","1,831.15","1,811.40","281.02M","-0.11%"
"08/05/2025","1,818.39","1,799.87","1,818.86","1,798.04","292.24M","1.03%"
"07/05/2025","1,799.87","1,788.94","1,804.16","1,785.93","305.06M","0.61%"
"06/05/2025","1,788.94","1,792.43","1,808.92","1,786.22","294.37M","-0.19%"
"05/05/2025","1,792.43","1,755.42","1,792.43","1,755.42","259.73M","2.11%"
"29/04/2025","1,755.42","1,755.76","1,761.34","1,750.31","188.67M","0.12%"
"28/04/2025","1,753.27","1,753.40","1,757.21","1,744.70","211.73M","0.14%"
"25/04/2025","1,750.83","1,750.75","1,757.05","1,737.33","246.08M","0.02%"
"24/04/2025","1,750.56","1,740.18","1,759.80","1,727.29","279.75M","0.95%"
"23/04/2025","1,734.07","1,717.31","1,737.91","1,712.96","271.05M","2.18%"
"22/04/2025","1,697.03","1,717.83","1,726.03","1,624.97","685.91M","-1.96%"
"21/04/2025","1,730.99","1,747.12","1,756.14","1,718.68","325.61M","-0.92%"
"18/04/2025","1,746.99","1,738.24","1,773.38","1,736.62","430.72M","1.52%"
"17/04/2025","1,720.75","1,687.52","1,720.75","1,687.35","281.71M","0.79%"
"16/04/2025","1,707.27","1,726.72","1,738.09","1,701.72","299.22M","-1.35%"
"15/04/2025","1,730.56","1,747.03","1,762.65","1,710.37","405.76M","-1.79%"
"14/04/2025","1,762.11","1,746.99","1,763.08","1,728.87","387.14M","2.33%"
"11/04/2025","1,721.92","1,678.17","1,721.92","1,647.70","631.96M","4.38%"
"10/04/2025","1,649.70","1,649.91","1,650.17","1,648.40","103.63M","6.69%"
"09/04/2025","1,546.32","1,592.75","1,597.25","1,528.73","590.56M","-5.17%"
"08/04/2025","1,630.58","1,674.47","1,678.21","1,629.37","282.98M","-6.48%"
"04/04/2025","1,743.47","1,765.15","1,765.15","1,695.81","655.15M","-3.69%"
"03/04/2025","1,810.36","1,857.99","1,867.45","1,809.57","564.41M","-6.67%"
"02/04/2025","1,939.64","1,945.78","1,949.93","1,939.64","321.21M","0.02%"
"01/04/2025","1,939.20","1,936.92","1,939.57","1,925.75","211.23M","0.41%"
"31/03/2025","1,931.31","1,927.05","1,939.43","1,918.69","311.38M","-0.40%"
"28/03/2025","1,939.09","1,953.84","1,957.39","1,932.98","267.69M","-0.61%"
"27/03/2025","1,950.94","1,952.54","1,956.93","1,947.60","204.90M","-0.12%"
"26/03/2025","1,953.27","1,968.12","1,976.24","1,946.66","270.01M","-0.68%"
"25/03/2025","1,966.55","1,966.07","1,976.51","1,962.20","320.88M","0.11%"
"24/03/2025","1,964.45","1,964.26","1,965.10","1,944.02","269.39M","0.05%"
"21/03/2025","1,963.41","1,970.07","1,974.79","1,963.41","272.72M","-0.39%"
"20/03/2025","1,971.05","1,983.77","1,985.51","1,954.03","282.41M","-0.21%"
"19/03/2025","1,975.16","1,979.98","1,983.63","1,962.70","290.80M","-0.32%"
"18/03/2025","1,981.55","1,994.84","1,999.75","1,981.19","346.75M","-0.27%"
"17/03/2025","1,987.00","1,970.30","1,987.00","1,969.92","301.22M","1.32%"
"14/03/2025","1,961.03","1,968.76","1,977.61","1,957.26","329.47M","-0.46%"
"13/03/2025","1,970.15","1,996.89","2,000.16","1,967.59","407.91M","-1.24%"
"12/03/2025","1,994.82","2,007.74","2,009.13","1,988.87","389.52M","-0.42%"
"11/03/2025","2,003.25","1,978.35","2,003.25","1,973.10","370.02M","0.31%"
"10/03/2025","1,997.08","2,011.93","2,014.65","1,992.08","353.28M","-0.38%"
"07/03/2025","2,004.69","2,013.11","2,017.27","2,004.69","352.79M","-0.11%"
"06/03/2025","2,006.97","1,985.70","2,006.97","1,976.82","498.06M","1.47%"
"05/03/2025","1,977.97","2,002.75","2,009.92","1,977.97","308.41M","-1.18%"
"04/03/2025","2,001.68","1,998.25","2,009.46","1,975.27","406.50M","-0.03%"
"03/03/2025","2,002.31","1,994.30","2,007.93","1,992.29","326.64M","0.37%"
"28/02/2025","1,995.00","1,994.72","2,001.07","1,985.04","323.05M","0.04%"
"27/02/2025","1,994.24","1,983.53","1,994.24","1,968.32","408.84M","0.62%"
"26/02/2025","1,982.03","1,982.65","1,988.35","1,979.80","321.55M","0.10%"
"25/02/2025","1,980.01","1,986.19","1,989.56","1,971.66","334.86M","0.05%"
"24/02/2025","1,979.06","1,966.25","1,979.06","1,961.47","308.10M","0.55%"
"21/02/2025","1,968.25","1,971.45","1,976.46","1,957.74","245.62M","-0.23%"
"20/02/2025","1,972.81","1,978.25","1,982.78","1,970.49","294.45M","0.10%"
"19/02/2025","1,970.77","1,943.16","1,970.77","1,943.16","341.18M","1.53%"
"18/02/2025","1,941.04","1,935.88","1,947.82","1,935.19","263.21M","0.41%"
"17/02/2025","1,933.18","1,928.10","1,940.76","1,926.09","373.93M","0.38%"
"14/02/2025","1,925.78","1,919.84","1,935.37","1,919.84","268.09M","0.41%"
"13/02/2025","1,918.01","1,913.52","1,918.01","1,907.50","182.01M","0.30%"
"12/02/2025","1,912.35","1,915.38","1,923.79","1,912.34","196.00M","0.13%"
"11/02/2025","1,909.93","1,900.04","1,910.88","1,900.04","187.50M","0.57%"
"10/02/2025","1,899.03","1,920.34","1,920.34","1,899.03","252.16M","-1.41%"
"07/02/2025","1,926.28","1,930.86","1,932.55","1,924.47","195.84M","-0.14%"
"06/02/2025","1,929.00","1,936.06","1,937.51","1,921.77","204.70M","-0.13%"
"05/02/2025","1,931.54","1,928.30","1,934.35","1,925.47","230.73M","0.53%"
"04/02/2025","1,921.32","1,901.47","1,921.82","1,901.30","238.50M","1.30%"
"03/02/2025","1,896.72","1,899.35","1,903.16","1,889.17","188.88M","-0.58%"
"24/01/2025","1,907.77","1,893.06","1,907.77","1,891.00","213.86M","0.87%"
"23/01/2025","1,891.25","1,855.57","1,891.32","1,855.57","168.90M","1.95%"
"22/01/2025","1,855.15","1,856.06","1,864.60","1,854.61","164.18M","0.12%"
"21/01/2025","1,852.98","1,858.52","1,861.87","1,848.85","138.81M","-0.14%"
"20/01/2025","1,855.49","1,862.28","1,865.81","1,853.04","131.98M","-0.14%"
"17/01/2025","1,858.03","1,849.11","1,858.03","1,844.50","127.24M","0.61%"
"16/01/2025","1,846.69","1,842.13","1,857.70","1,840.39","154.77M","0.67%"
"15/01/2025","1,834.41","1,820.90","1,834.67","1,820.88","167.22M","0.94%"
"14/01/2025","1,817.29","1,830.79","1,834.81","1,815.13","117.07M","-0.59%"
"13/01/2025","1,828.13","1,807.39","1,828.13","1,797.76","175.92M","0.85%"
"10/01/2025","1,812.67","1,843.02","1,846.20","1,812.67","180.37M","-1.62%"
"09/01/2025","1,842.46","1,851.65","1,855.72","1,839.09","93.58K","-0.45%"
"08/01/2025","1,850.80","1,834.76","1,851.44","1,828.11","134.32K","0.79%"
"07/01/2025","1,836.21","1,848.13","1,854.17","1,829.60","190.53K","-0.54%"
"06/01/2025","1,846.13","1,874.89","1,877.83","1,839.19","194.02K","-1.38%"
"03/01/2025","1,871.89","1,900.80","1,900.80","1,871.89","200.48K","-1.48%"
"02/01/2025","1,900.09","1,901.56","1,904.53","1,889.50","121.10K","-0.03%"
"31/12/2024","1,900.74","1,904.83","1,907.10","1,894.75","148.29K","-0.30%"
"30/12/2024","1,906.45","1,909.71","1,914.20","1,900.58","180.28K","-0.08%"
"27/12/2024","1,907.90","1,899.86","1,910.61","1,899.86","216.10K","0.46%"
"26/12/2024","1,899.16","1,911.67","1,912.15","1,899.16","154.93K","-0.53%"
"25/12/2024","1,909.35","1,891.26","1,915.33","1,891.26","265.06K","0.99%"
"24/12/2024","1,890.58","1,893.55","1,894.36","1,875.41","241.48K","-0.21%"
"23/12/2024","1,894.56","1,891.63","1,897.59","1,890.72","142.70K","0.59%"
"20/12/2024","1,883.39","1,887.62","1,890.84","1,882.12","175.89K","-0.23%"
"19/12/2024","1,887.70","1,902.30","1,902.30","1,872.98","251.30K","-0.83%"
"18/12/2024","1,903.51","1,892.46","1,903.51","1,890.66","165.70K","0.62%"
"17/12/2024","1,891.87","1,895.17","1,897.45","1,887.67","138.39K","-0.08%"
"16/12/2024","1,893.29","1,889.07","1,898.19","1,883.30","161.22K","0.29%"
"13/12/2024","1,887.77","1,897.99","1,897.99","1,885.73","149.78K","-0.61%"
"12/12/2024","1,899.38","1,902.84","1,908.91","1,896.29","177.76K","-0.12%"
"11/12/2024","1,901.63","1,907.30","1,914.33","1,895.15","174.67K","-0.28%"
"10/12/2024","1,906.92","1,910.45","1,915.84","1,901.47","193.15K","-0.15%"
"09/12/2024","1,909.84","1,904.07","1,912.66","1,901.58","255.02K","0.52%"
"06/12/2024","1,899.98","1,896.41","1,909.36","1,896.41","255.36K","0.25%"
"05/12/2024","1,895.16","1,849.61","1,895.56","1,838.53","374.14K","2.51%"
"04/12/2024","1,848.82","1,867.19","1,867.89","1,845.20","226.01K","-0.94%"
"03/12/2024","1,866.42","1,864.86","1,873.25","1,862.58","180.41K","0.07%"
"02/12/2024","1,865.14","1,864.95","1,874.00","1,859.25","161.42K","0.37%"
"29/11/2024","1,858.33","1,850.20","1,862.89","1,848.05","177.30K","0.45%"
"28/11/2024","1,849.97","1,857.47","1,864.09","1,845.58","145.39K","0.01%"
"27/11/2024","1,849.74","1,851.35","1,853.89","1,842.14","147.68K","-0.02%"
"26/11/2024","1,850.20","1,838.89","1,857.98","1,837.70","223.08K","0.69%"
"25/11/2024","1,837.57","1,827.65","1,837.57","1,825.60","167.48K","0.61%"
"22/11/2024","1,826.35","1,834.75","1,835.91","1,824.22","187.66K","-0.45%"
"21/11/2024","1,834.63","1,817.74","1,834.63","1,811.59","128.18K","0.94%"
"20/11/2024","1,817.57","1,793.47","1,829.98","1,777.65","278.76K","1.32%"
"19/11/2024","1,793.94","1,823.30","1,825.02","1,793.02","164.17K","-1.60%"
"18/11/2024","1,823.03","1,823.42","1,835.50","1,797.24","196.90K","-0.01%"
"15/11/2024","1,823.29","1,839.36","1,841.46","1,813.03","272.85K","-1.28%"
"14/11/2024","1,846.95","1,874.56","1,876.29","1,844.53","233.82K","-1.50%"
"13/11/2024","1,875.06","1,869.05","1,876.05","1,851.90","259.57K","0.07%"
"12/11/2024","1,873.73","1,880.47","1,889.86","1,868.47","212.91K","-0.16%"
"11/11/2024","1,876.80","1,881.15","1,881.69","1,862.43","247.77K","-0.22%"
"08/11/2024","1,880.95","1,891.90","1,892.85","1,874.38","194.92K","-0.36%"
"07/11/2024","1,887.67","1,895.86","1,899.33","1,886.44","213.42K","0.05%"
"06/11/2024","1,886.80","1,858.90","1,886.80","1,858.90","212.33K","1.53%"
"05/11/2024","1,858.44","1,855.40","1,865.34","1,854.82","139.79K","0.21%"
"04/11/2024","1,854.46","1,869.89","1,874.53","1,847.45","223.55K","-0.82%"
"01/11/2024","1,869.70","1,883.35","1,888.98","1,869.28","213.41K","-1.00%"
"31/10/2024","1,888.57","1,888.18","1,891.09","1,879.53","142.28K","0.19%"
"30/10/2024","1,885.01","1,891.50","1,894.15","1,877.86","164.69K","-0.11%"
"29/10/2024","1,887.10","1,874.86","1,889.56","1,874.86","193.57K","0.65%"
"28/10/2024","1,874.86","1,874.85","1,879.28","1,867.01","166.00K","0.25%"
"25/10/2024","1,870.11","1,881.25","1,883.70","1,869.33","202.85K","-0.33%"
"24/10/2024","1,876.30","1,896.60","1,903.52","1,876.30","211.27K","-0.94%"
"23/10/2024","1,894.09","1,887.70","1,895.07","1,877.26","198.85K","0.51%"
"22/10/2024","1,884.50","1,894.30","1,903.14","1,874.56","276.99K","-0.49%"
"21/10/2024","1,893.87","1,898.78","1,907.53","1,893.87","253.90K","-0.36%"
"18/10/2024","1,900.75","1,912.42","1,914.62","1,900.75","204.90K","-0.27%"
"17/10/2024","1,905.87","1,890.30","1,905.87","1,871.10","266.35K","1.11%"
"16/10/2024","1,884.93","1,893.42","1,899.99","1,880.85","191.50K","-0.50%"
"15/10/2024","1,894.31","1,915.69","1,923.73","1,893.42","279.08K","-1.02%"
"14/10/2024","1,913.89","1,931.74","1,938.76","1,913.55","301.40K","-0.77%"
"11/10/2024","1,928.80","1,927.28","1,930.66","1,922.06","154.16K","0.22%"
"10/10/2024","1,924.62","1,937.28","1,948.15","1,924.62","225.29K","-0.43%"
"09/10/2024","1,932.93","1,923.36","1,933.08","1,920.75","196.09K","0.77%"
"08/10/2024","1,918.22","1,912.68","1,928.51","1,909.41","254.24K","0.41%"
"07/10/2024","1,910.42","1,911.95","1,918.16","1,899.07","171.92K","0.45%"
"04/10/2024","1,901.93","1,910.95","1,915.64","1,901.69","206.87K","-0.41%"
"03/10/2024","1,909.79","1,934.30","1,943.49","1,905.56","390.30K","-1.10%"
"02/10/2024","1,930.96","1,938.20","1,946.23","1,928.98","263.03K","-0.76%"
"01/10/2024","1,945.80","1,948.07","1,961.43","1,942.91","354.38K","0.13%"
"30/09/2024","1,943.23","1,940.42","1,947.00","1,931.12","280.30K","0.14%"
"27/09/2024","1,940.45","1,947.65","1,952.23","1,931.97","305.96K","0.04%"
"26/09/2024","1,939.71","1,936.80","1,947.73","1,934.17","303.02K","0.44%"
"25/09/2024","1,931.30","1,920.66","1,932.69","1,917.43","366.00K","1.12%"
"24/09/2024","1,909.99","1,894.14","1,909.99","1,891.88","162.93K","0.81%"
"23/09/2024","1,894.60","1,901.13","1,905.43","1,890.59","153.00K","-0.30%"
"20/09/2024","1,900.31","1,909.66","1,914.09","1,899.22","280.52K","0.25%"
"19/09/2024","1,895.63","1,893.03","1,895.63","1,884.43","189.23K","0.48%"
"18/09/2024","1,886.64","1,885.88","1,896.10","1,881.35","211.16K","0.32%"
"17/09/2024","1,880.68","1,852.21","1,880.68","1,849.72","197.52K","1.56%"
"16/09/2024","1,851.85","1,872.84","1,880.24","1,851.85","173.59K","-1.02%"
"13/09/2024","1,871.01","1,869.82","1,875.48","1,862.72","162.91K","0.21%"
"12/09/2024","1,867.10","1,879.95","1,881.56","1,866.04","139.41K","-0.07%"
"11/09/2024","1,868.36","1,872.63","1,875.84","1,855.28","247.36K","-0.40%"
"10/09/2024","1,875.83","1,898.11","1,899.54","1,868.88","239.42K","-0.90%"
"09/09/2024","1,892.79","1,893.95","1,900.47","1,883.82","170.37K","-0.28%"
"06/09/2024","1,898.09","1,891.89","1,898.50","1,878.29","199.53K","0.09%"
"05/09/2024","1,896.45","1,913.81","1,922.34","1,885.24","229.05K","-0.77%"
"04/09/2024","1,911.23","1,907.51","1,914.42","1,894.08","239.35K","-0.56%"
"30/08/2024","1,921.90","1,919.63","1,926.41","1,917.07","231.76K","0.22%"
"29/08/2024","1,917.62","1,927.48","1,932.50","1,916.70","231.26K","-0.41%"
"28/08/2024","1,925.53","1,929.47","1,930.45","1,908.94","333.70K","0.06%"
"27/08/2024","1,924.37","1,928.93","1,933.06","1,915.48","247.89K","-0.38%"
"26/08/2024","1,931.77","1,948.60","1,954.75","1,929.95","298.63K","-0.60%"
"23/08/2024","1,943.49","1,940.51","1,945.57","1,924.95","288.89K","0.09%"
"22/08/2024","1,941.72","1,945.70","1,945.70","1,934.11","236.03K","-0.09%"
"21/08/2024","1,943.53","1,936.64","1,944.74","1,926.21","271.38K","0.49%"
"20/08/2024","1,933.98","1,917.37","1,939.07","1,906.16","353.38K","1.13%"
"19/08/2024","1,912.39","1,904.03","1,917.33","1,901.94","263.22K","1.22%"
"16/08/2024","1,889.36","1,824.04","1,889.36","1,824.04","410.18K","3.84%"
"15/08/2024","1,819.46","1,827.75","1,830.16","1,807.27","169.88K","-0.46%"
"14/08/2024","1,827.87","1,847.20","1,847.20","1,821.60","172.18K","-0.51%"
"13/08/2024","1,837.28","1,844.80","1,850.90","1,822.37","183.25K","-0.29%"
"12/08/2024","1,842.57","1,827.24","1,842.57","1,824.08","192.40K","0.94%"
"09/08/2024","1,825.49","1,813.20","1,826.02","1,802.84","223.84K","1.53%"
"08/08/2024","1,798.06","1,799.50","1,817.93","1,785.10","255.40K","-0.65%"
"07/08/2024","1,809.80","1,809.03","1,810.05","1,786.66","154.12K","0.41%"
"06/08/2024","1,802.46","1,773.68","1,804.68","1,750.99","215.68K","2.69%"
"05/08/2024","1,755.24","1,818.38","1,826.54","1,751.66","347.53K","-5.04%"
"02/08/2024","1,848.40","1,817.47","1,848.40","1,795.59","225.47K","1.06%"
"01/08/2024","1,829.10","1,880.39","1,886.18","1,815.23","307.92K","-2.73%"
"31/07/2024","1,880.39","1,889.32","1,893.83","1,872.15","223.65K","-0.25%"
"30/07/2024","1,885.03","1,901.48","1,901.82","1,870.80","211.02K","-0.85%"
"29/07/2024","1,901.12","1,900.06","1,908.20","1,894.02","167.75K","0.33%"
"26/07/2024","1,894.87","1,888.89","1,894.87","1,875.60","149.94K","0.53%"
"25/07/2024","1,884.95","1,882.05","1,890.41","1,869.14","123.91K","-0.49%"
"24/07/2024","1,894.25","1,861.61","1,900.64","1,841.19","236.13K","1.14%"
"23/07/2024","1,872.83","1,915.33","1,923.63","1,867.42","229.61K","-2.01%"
"22/07/2024","1,911.28","1,932.58","1,938.63","1,886.80","311.28K","-1.54%"
"19/07/2024","1,941.19","1,958.18","1,966.09","1,932.88","261.66K","-0.87%"
"18/07/2024","1,958.18","1,946.65","1,958.18","1,919.48","223.44K","0.80%"
"17/07/2024","1,942.59","1,992.40","1,993.11","1,912.30","380.26K","-2.07%"
"16/07/2024","1,983.57","1,990.12","2,004.23","1,978.00","223.96K","-0.28%"
"15/07/2024","1,989.18","1,991.70","2,000.12","1,979.13","166.57K","-0.09%"
"12/07/2024","1,991.01","1,998.54","2,004.87","1,981.18","212.26K","-0.39%"
"11/07/2024","1,998.71","2,005.23","2,016.19","1,995.25","261.47K","0.09%"
"10/07/2024","1,996.82","2,014.31","2,016.80","1,996.82","255.09K","-0.65%"
"09/07/2024","2,009.87","1,994.67","2,009.87","1,992.61","285.46K","0.97%"
"08/07/2024","1,990.47","1,998.69","1,998.69","1,982.05","266.40K","0.09%"
"05/07/2024","1,988.60","1,987.33","1,992.94","1,974.18","224.18K","0.32%"
"04/07/2024","1,982.23","1,976.82","1,983.34","1,965.35","171.85K","0.49%"
"03/07/2024","1,972.58","1,962.00","1,973.63","1,962.00","158.15K","0.56%"
"02/07/2024","1,961.52","1,939.64","1,961.52","1,935.26","155.90K","1.68%"
"01/07/2024","1,929.04","1,920.12","1,931.38","1,908.06","134.63K","0.40%"
"28/06/2024","1,921.44","1,950.63","1,950.63","1,903.62","231.77K","-1.40%"
"27/06/2024","1,948.63","1,949.08","1,953.94","1,933.74","158.19K","-0.14%"
"26/06/2024","1,951.31","1,946.82","1,954.24","1,924.53","205.70K","0.25%"
"25/06/2024","1,946.38","1,934.10","1,947.96","1,926.39","181.55K","0.71%"
"24/06/2024","1,932.67","1,984.66","1,993.09","1,924.48","413.67K","-2.56%"
"21/06/2024","1,983.46","1,983.58","1,990.31","1,976.43","275.46K","0.35%"
"20/06/2024","1,976.55","1,982.14","1,992.78","1,962.66","292.95K","-0.18%"
"19/06/2024","1,980.16","1,988.03","1,990.44","1,967.89","305.04K","-0.17%"
"18/06/2024","1,983.57","1,983.65","1,991.67","1,974.94","231.68K","0.42%"
"17/06/2024","1,975.26","1,982.86","1,988.62","1,966.37","315.46K","-0.23%"
"14/06/2024","1,979.73","2,024.05","2,031.02","1,979.73","414.25K","-1.96%"
"13/06/2024","2,019.23","2,013.46","2,022.68","2,012.04","276.59K","0.37%"
"12/06/2024","2,011.85","1,991.14","2,013.95","1,985.62","269.06K","1.14%"
"11/06/2024","1,989.17","2,010.29","2,011.82","1,979.94","319.18K","-0.65%"
"10/06/2024","2,002.18","2,002.55","2,010.65","1,995.00","286.18K","0.33%"
"07/06/2024","1,995.55","1,991.53","2,004.08","1,985.63","223.25K","0.31%"
"06/06/2024","1,989.43","2,001.56","2,008.86","1,979.69","283.97K","-0.18%"
"05/06/2024","1,992.96","2,002.43","2,011.94","1,992.96","327.41K","-0.42%"
"04/06/2024","2,001.27","2,011.86","2,014.67","1,999.29","327.98K","-0.11%"
"03/06/2024","2,003.41","1,993.92","2,007.04","1,987.73","382.01K","1.40%"
"31/05/2024","1,975.75","1,980.55","1,985.90","1,969.14","234.73K","0.12%"
"30/05/2024","1,973.41","1,966.17","1,975.44","1,939.48","374.41K","-0.18%"
"29/05/2024","1,977.06","1,984.03","1,995.37","1,968.66","422.91K","0.09%"
"28/05/2024","1,975.35","1,953.88","1,975.35","1,948.78","313.45K","1.69%"
"27/05/2024","1,942.49","1,930.04","1,942.49","1,917.54","241.76K","0.61%"
"24/05/2024","1,930.72","1,973.03","1,980.40","1,901.44","514.47K","-2.27%"
"23/05/2024","1,975.63","1,954.07","1,975.63","1,941.55","366.61K","1.01%"
"22/05/2024","1,955.85","1,969.26","1,975.55","1,946.52","419.09K","-0.19%"
"21/05/2024","1,959.51","1,954.50","1,960.46","1,939.60","347.24K","0.32%"
"20/05/2024","1,953.17","1,968.57","1,971.89","1,951.29","417.81K","0.25%"
"17/05/2024","1,948.33","1,927.03","1,948.33","1,922.88","351.39K","1.42%"
"16/05/2024","1,921.05","1,913.24","1,923.88","1,905.87","306.27K","1.41%"
"15/05/2024","1,894.37","1,880.25","1,900.50","1,876.71","287.78K","1.15%"
"14/05/2024","1,872.77","1,874.21","1,882.79","1,862.38","177.61K","0.22%"
"13/05/2024","1,868.58","1,880.83","1,881.49","1,855.37","246.96K","-0.23%"
"10/05/2024","1,872.85","1,876.32","1,879.27","1,854.61","243.74K","0.23%"
"09/05/2024","1,868.55","1,885.29","1,892.83","1,864.93","249.95K","-0.39%"
"08/05/2024","1,875.88","1,857.43","1,877.95","1,848.16","309.86K","0.37%"
"07/05/2024","1,868.95","1,867.24","1,872.67","1,854.36","240.56K","0.51%"
"06/05/2024","1,859.44","1,834.35","1,860.37","1,828.73","282.13K","2.00%"
"03/05/2024","1,823.02","1,827.99","1,834.50","1,813.04","206.72K","0.19%"
"02/05/2024","1,819.54","1,814.56","1,819.54","1,801.21","205.80K","0.46%"
"26/04/2024","1,811.13","1,790.46","1,819.45","1,788.84","211.77K","0.27%"
"25/04/2024","1,806.27","1,812.03","1,812.03","1,788.97","191.18K","-0.40%"
"24/04/2024","1,813.49","1,766.53","1,816.80","1,765.23","276.05K","3.55%"
"23/04/2024","1,751.24","1,775.18","1,777.25","1,742.28","252.16K","-1.24%"
"22/04/2024","1,773.22","1,749.58","1,776.22","1,747.44","251.15K","2.42%"
"19/04/2024","1,731.28","1,760.19","1,766.09","1,709.22","440.10K","-2.33%"
"17/04/2024","1,772.50","1,805.25","1,818.01","1,772.50","311.39K","-1.79%"
"16/04/2024","1,804.73","1,810.08","1,817.12","1,756.26","532.49K","-0.59%"
"15/04/2024","1,815.40","1,928.96","1,938.80","1,815.40","502.85K","-5.93%"
"12/04/2024","1,929.86","1,900.79","1,929.86","1,900.79","249.46K","1.68%"
"11/04/2024","1,898.06","1,891.47","1,907.49","1,876.90","276.01K","-0.01%"
"10/04/2024","1,898.16","1,913.26","1,917.62","1,897.24","244.47K","-0.40%"
"09/04/2024","1,905.70","1,875.37","1,905.70","1,867.14","258.15K","1.83%"
"08/04/2024","1,871.53","1,889.41","1,894.16","1,871.53","309.55K","-0.86%"
"05/04/2024","1,887.81","1,900.77","1,915.07","1,887.81","415.58K","-1.56%"
"04/04/2024","1,917.81","1,931.43","1,935.97","1,908.75","385.66K","-0.63%"
"03/04/2024","1,930.05","1,956.46","1,967.67","1,930.05","459.10K","-1.28%"
"02/04/2024","1,954.98","1,931.36","1,954.98","1,918.51","398.54K","1.00%"
"01/04/2024","1,935.70","1,936.66","1,946.36","1,922.19","368.38K","-0.30%"
"29/03/2024","1,941.62","1,948.81","1,950.49","1,934.61","324.82K","-0.31%"
"28/03/2024","1,947.60","1,949.01","1,954.68","1,938.91","358.94K","0.42%"
"27/03/2024","1,939.39","1,939.00","1,945.94","1,927.49","356.13K","0.26%"
"26/03/2024","1,934.36","1,903.19","1,934.36","1,893.50","405.78K","1.39%"
"25/03/2024","1,907.75","1,931.51","1,941.50","1,898.05","505.45K","-1.19%"
"22/03/2024","1,930.70","1,930.92","1,935.72","1,916.95","555.60K","0.50%"
"21/03/2024","1,921.00","1,916.79","1,921.00","1,905.52","584.38K","1.12%"
"20/03/2024","1,899.69","1,871.23","1,899.69","1,855.82","354.54K","1.69%"
"19/03/2024","1,868.05","1,873.91","1,881.97","1,862.11","401.43K","-0.18%"
"18/03/2024","1,871.36","1,906.92","1,917.68","1,819.74","778.91K","-1.79%"
"15/03/2024","1,905.53","1,906.40","1,916.65","1,889.35","494.90K","-0.03%"
"14/03/2024","1,906.03","1,911.16","1,925.47","1,895.44","481.10K","-0.15%"
"13/03/2024","1,908.92","1,860.56","1,908.92","1,860.56","399.52K","2.68%"
"12/03/2024","1,859.16","1,849.22","1,869.49","1,842.67","341.36K","0.49%"
"11/03/2024","1,850.02","1,864.58","1,875.42","1,841.77","382.78K","-0.72%"
"08/03/2024","1,863.38","1,894.86","1,904.13","1,860.77","551.60K","-1.47%"
"07/03/2024","1,891.20","1,870.84","1,893.17","1,865.23","419.37K","1.06%"
"06/03/2024","1,871.44","1,892.87","1,900.08","1,859.66","383.68K","-1.14%"
"05/03/2024","1,893.10","1,881.13","1,893.10","1,875.33","375.02K","0.73%"
"04/03/2024","1,879.47","1,882.79","1,888.23","1,873.73","493.00K","0.60%"
"01/03/2024","1,868.17","1,846.50","1,868.65","1,846.18","382.93K","1.43%"
"29/02/2024","1,841.92","1,837.44","1,846.73","1,826.93","407.15K","0.53%"
"28/02/2024","1,832.14","1,835.42","1,838.71","1,820.69","349.74K","0.30%"
"27/02/2024","1,826.61","1,817.56","1,826.61","1,811.19","319.84K","1.15%"
"26/02/2024","1,805.84","1,779.32","1,805.84","1,772.75","341.04K","1.59%"
"23/02/2024","1,777.62","1,816.29","1,824.76","1,777.62","522.39K","-2.05%"
"22/02/2024","1,814.86","1,819.90","1,826.08","1,812.68","294.01K","-0.25%"
"21/02/2024","1,819.38","1,818.44","1,826.56","1,807.40","343.43K","0.27%"
"20/02/2024","1,814.46","1,817.43","1,819.59","1,806.87","349.35K","0.14%"
"19/02/2024","1,811.93","1,810.82","1,812.85","1,797.26","399.06K","0.18%"
"16/02/2024","1,808.60","1,813.36","1,815.01","1,805.47","348.63K","0.03%"
"15/02/2024","1,808.02","1,796.58","1,813.70","1,796.58","357.88K","0.84%"
"07/02/2024","1,792.96","1,786.75","1,794.39","1,785.61","283.04K","0.58%"
"06/02/2024","1,782.56","1,777.72","1,784.99","1,777.72","228.33K","0.41%"
"05/02/2024","1,775.21","1,770.04","1,775.65","1,766.90","266.27K","0.48%"
"02/02/2024","1,766.72","1,769.32","1,780.04","1,766.72","324.53K","0.02%"
"01/02/2024","1,766.45","1,753.84","1,769.68","1,752.91","227.71K","0.74%"
"31/01/2024","1,753.54","1,778.52","1,778.75","1,752.10","364.94K","-1.10%"
"30/01/2024","1,773.08","1,759.21","1,773.08","1,759.21","229.96K","0.89%"
"29/01/2024","1,757.43","1,760.49","1,764.45","1,755.07","232.58K","0.07%"
"26/01/2024","1,756.22","1,753.24","1,758.93","1,752.19","210.06K","0.41%"
"25/01/2024","1,749.08","1,749.89","1,749.95","1,742.69","178.05K","0.13%"
"24/01/2024","1,746.85","1,751.94","1,758.60","1,744.35","227.53K","-0.29%"
"23/01/2024","1,751.93","1,759.70","1,760.47","1,747.35","223.00K","-0.15%"
"22/01/2024","1,754.52","1,754.63","1,760.50","1,738.84","286.06K","0.16%"
"19/01/2024","1,751.63","1,758.13","1,762.98","1,748.12","238.03K","0.10%"
"18/01/2024","1,749.91","1,744.39","1,752.05","1,741.30","232.90K","0.60%"
"17/01/2024","1,739.54","1,738.56","1,751.44","1,734.01","290.02K","0.24%"
"16/01/2024","1,735.43","1,708.52","1,735.43","1,703.31","217.73K","1.45%"
"15/01/2024","1,710.66","1,733.54","1,740.90","1,710.66","206.38K","-0.88%"
"12/01/2024","1,725.78","1,736.51","1,739.61","1,714.11","403.09K","-1.10%"
"11/01/2024","1,745.05","1,737.80","1,753.74","1,732.57","329.83K","0.64%"
"10/01/2024","1,734.03","1,745.39","1,750.34","1,725.97","340.56K","-0.62%"
"09/01/2024","1,744.78","1,750.75","1,755.17","1,741.08","363.81K","-0.17%"
"08/01/2024","1,747.76","1,746.69","1,758.88","1,744.77","331.15K","0.37%"
"05/01/2024","1,741.27","1,740.75","1,748.62","1,733.64","302.59K","0.13%"
"04/01/2024","1,739.09","1,740.50","1,758.93","1,739.09","417.95K","0.06%"
"03/01/2024","1,738.12","1,721.28","1,738.12","1,718.42","246.64K","0.94%"
"02/01/2024","1,721.91","1,740.94","1,743.83","1,718.88","382.96K","-0.44%"
"29/12/2023","1,729.44","1,723.90","1,729.44","1,721.14","248.57K","0.43%"
"28/12/2023","1,722.06","1,719.95","1,726.98","1,714.58","271.10K","0.19%"
"27/12/2023","1,718.71","1,725.15","1,728.42","1,718.71","270.01K","0.01%"
"26/12/2023","1,718.56","1,713.28","1,721.30","1,710.94","262.20K","0.46%"
"25/12/2023","1,710.75","1,693.38","1,714.26","1,691.24","247.94K","1.31%"
"22/12/2023","1,688.62","1,689.42","1,699.35","1,684.40","223.54K","-0.03%"
"21/12/2023","1,689.20","1,676.03","1,689.20","1,673.81","206.95K","0.40%"
"20/12/2023","1,682.40","1,674.50","1,685.69","1,672.18","195.07K","0.48%"
"19/12/2023","1,674.44","1,665.02","1,674.44","1,648.91","221.30K","0.58%"
"18/12/2023","1,664.83","1,677.25","1,678.89","1,660.75","205.26K","-0.48%"
"15/12/2023","1,672.85","1,678.52","1,691.37","1,667.20","292.96K","-0.28%"
"14/12/2023","1,677.62","1,705.39","1,709.55","1,676.13","262.28K","-1.04%"
"13/12/2023","1,695.22","1,729.20","1,733.78","1,693.21","358.20K","-1.48%"
"12/12/2023","1,720.72","1,724.65","1,727.51","1,715.89","229.83K","0.09%"
"11/12/2023","1,719.18","1,727.48","1,728.42","1,707.63","284.32K","-0.25%"
"08/12/2023","1,723.51","1,725.04","1,734.55","1,711.09","320.41K","-0.02%"
"07/12/2023","1,723.93","1,746.63","1,753.16","1,696.30","619.16K","-1.12%"
"06/12/2023","1,743.52","1,721.62","1,744.10","1,717.83","388.14K","1.45%"
"05/12/2023","1,718.67","1,727.98","1,733.18","1,714.23","345.22K","-0.31%"
"04/12/2023","1,724.05","1,696.91","1,734.34","1,694.87","508.65K","2.71%"
"01/12/2023","1,678.60","1,676.68","1,679.73","1,653.87","275.33K","0.78%"
"30/11/2023","1,665.57","1,673.73","1,686.57","1,665.57","307.70K","-0.29%"
"29/11/2023","1,670.40","1,656.42","1,673.15","1,656.42","272.41K","1.28%"
"28/11/2023","1,649.21","1,639.00","1,649.76","1,612.93","290.69K","0.59%"
"27/11/2023","1,639.47","1,668.95","1,674.20","1,639.47","227.43K","-1.66%"
"24/11/2023","1,667.18","1,656.48","1,667.18","1,614.20","444.73K","1.25%"
"23/11/2023","1,646.65","1,713.55","1,718.33","1,646.65","501.67K","-3.60%"
"22/11/2023","1,708.19","1,691.02","1,708.19","1,689.23","407.47K","1.06%"
"21/11/2023","1,690.21","1,672.92","1,692.40","1,672.92","292.24K","1.11%"
"20/11/2023","1,671.59","1,641.76","1,679.52","1,631.48","363.67K","0.53%"
"17/11/2023","1,662.82","1,692.70","1,700.66","1,650.47","530.39K","-1.55%"
"16/11/2023","1,688.98","1,669.72","1,688.98","1,662.51","274.89K","0.91%"
"15/11/2023","1,673.71","1,690.58","1,702.65","1,668.21","370.74K","0.32%"
"14/11/2023","1,668.39","1,663.55","1,685.46","1,657.93","339.20K","1.23%"
"13/11/2023","1,648.15","1,639.53","1,661.07","1,626.04","337.49K","0.67%"
"10/11/2023","1,637.26","1,631.24","1,672.28","1,630.11","490.01K","-0.45%"
"09/11/2023","1,644.59","1,644.79","1,666.58","1,633.89","462.61K","0.73%"
"08/11/2023","1,632.73","1,562.07","1,632.73","1,561.37","385.44K","4.45%"
"07/11/2023","1,563.12","1,569.63","1,588.97","1,558.82","252.24K","-0.86%"
"06/11/2023","1,576.73","1,567.66","1,576.73","1,558.43","230.65K","1.29%"
"03/11/2023","1,556.58","1,554.35","1,563.46","1,539.13","326.01K","0.46%"
"02/11/2023","1,549.41","1,481.34","1,549.76","1,481.34","307.75K","4.60%"
"01/11/2023","1,481.21","1,447.01","1,481.21","1,428.97","261.82K","2.56%"
"31/10/2023","1,444.30","1,489.12","1,496.82","1,444.29","325.32K","-2.75%"
"30/10/2023","1,485.14","1,530.92","1,540.29","1,485.14","189.37K","-3.49%"
"27/10/2023","1,538.78","1,522.97","1,542.49","1,490.69","283.11K","1.94%"
"26/10/2023","1,509.55","1,555.77","1,556.12","1,495.04","510.44K","-4.80%"
"25/10/2023","1,585.71","1,597.31","1,612.42","1,585.19","231.17K","-0.59%"
"24/10/2023","1,595.09","1,572.43","1,595.25","1,561.97","205.20K","1.64%"
"23/10/2023","1,569.33","1,586.60","1,594.17","1,562.48","235.99K","-1.18%"
"20/10/2023","1,588.02","1,539.13","1,588.02","1,519.08","264.14K","3.15%"
"19/10/2023","1,539.49","1,563.99","1,574.11","1,534.82","274.14K","-1.55%"
"18/10/2023","1,563.78","1,599.98","1,608.12","1,530.51","435.14K","-1.74%"
"17/10/2023","1,591.53","1,664.18","1,670.83","1,591.53","261.40K","-3.92%"
"16/10/2023","1,656.52","1,684.40","1,688.34","1,656.52","269.10K","-1.59%"
"13/10/2023","1,683.31","1,655.46","1,686.19","1,647.49","270.13K","0.70%"
"12/10/2023","1,671.56","1,671.51","1,687.72","1,665.34","284.50K","0.16%"
"11/10/2023","1,668.86","1,649.32","1,668.86","1,638.33","242.87K","1.44%"
"10/10/2023","1,645.23","1,656.61","1,668.27","1,645.23","292.45K","-0.14%"
"09/10/2023","1,647.60","1,625.06","1,647.60","1,622.81","247.95K","1.58%"
"06/10/2023","1,621.98","1,591.05","1,621.98","1,580.19","291.49K","2.05%"
"05/10/2023","1,589.46","1,623.10","1,629.90","1,589.46","264.61K","-1.40%"
"04/10/2023","1,611.97","1,564.83","1,629.24","1,550.39","319.90K","2.03%"
"03/10/2023","1,579.95","1,637.26","1,637.41","1,578.62","413.20K","-4.36%"
"02/10/2023","1,652.05","1,647.59","1,666.71","1,645.24","195.49K","0.48%"
"29/09/2023","1,644.08","1,652.93","1,660.51","1,638.78","230.15K","0.26%"
"28/09/2023","1,639.87","1,642.23","1,647.57","1,612.23","276.78K","-0.15%"
"27/09/2023","1,642.41","1,599.97","1,642.41","1,563.57","338.98K","3.14%"
"26/09/2023","1,592.41","1,606.58","1,649.48","1,592.41","434.08K","-1.75%"
"25/09/2023","1,620.78","1,710.68","1,721.23","1,620.78","435.60K","-5.59%"
"22/09/2023","1,716.81","1,761.41","1,761.41","1,696.32","603.20K","-3.60%"
"21/09/2023","1,780.84","1,808.20","1,812.58","1,779.92","404.01K","-1.53%"
"20/09/2023","1,808.51","1,776.99","1,808.51","1,769.30","335.13K","2.48%"
"19/09/2023","1,764.76","1,764.23","1,770.77","1,733.83","396.23K","0.43%"
"18/09/2023","1,757.15","1,773.00","1,780.12","1,747.55","340.79K","-1.02%"
"15/09/2023","1,775.22","1,780.98","1,795.71","1,765.66","347.49K","0.03%"
"14/09/2023","1,774.72","1,803.45","1,809.87","1,771.93","451.12K","-1.57%"
"13/09/2023","1,802.97","1,823.63","1,830.29","1,791.37","510.12K","-0.43%"
"12/09/2023","1,810.77","1,769.09","1,810.77","1,759.11","389.05K","2.35%"
"11/09/2023","1,769.15","1,813.44","1,821.48","1,769.15","566.18K","-1.96%"
"08/09/2023","1,804.48","1,791.02","1,810.02","1,788.95","404.82K","0.77%"
"07/09/2023","1,790.64","1,794.90","1,810.21","1,787.36","459.41K","0.20%"
"06/09/2023","1,787.07","1,771.36","1,787.30","1,755.50","480.42K","1.10%"
"05/09/2023","1,767.57","1,768.58","1,770.52","1,756.91","407.98K","0.66%"
"31/08/2023","1,755.97","1,731.50","1,755.97","1,731.50","415.62K","1.66%"
"30/08/2023","1,727.37","1,706.20","1,727.37","1,701.46","364.15K","1.59%"
"29/08/2023","1,700.41","1,700.81","1,712.77","1,688.66","417.69K","0.49%"
"28/08/2023","1,692.13","1,668.00","1,692.13","1,666.56","340.56K","2.14%"
"25/08/2023","1,656.71","1,645.52","1,666.29","1,645.19","404.89K","0.66%"
"24/08/2023","1,645.81","1,609.58","1,645.81","1,605.51","358.79K","2.52%"
"23/08/2023","1,605.40","1,630.53","1,630.53","1,604.06","247.36K","-0.56%"
"22/08/2023","1,614.46","1,600.40","1,614.46","1,541.93","409.36K","1.22%"
"21/08/2023","1,595.01","1,586.27","1,612.05","1,564.33","414.97K","0.30%"
"18/08/2023","1,590.31","1,673.84","1,678.15","1,587.42","710.91K","-5.66%"
"17/08/2023","1,685.81","1,699.21","1,705.75","1,685.81","435.16K","-0.62%"
"16/08/2023","1,696.37","1,690.69","1,696.37","1,678.99","333.23K","0.32%"
"15/08/2023","1,690.92","1,702.47","1,703.09","1,686.84","336.30K","-0.29%"
"14/08/2023","1,695.84","1,678.95","1,701.39","1,678.30","474.00K","1.58%"
"11/08/2023","1,669.43","1,660.45","1,669.43","1,638.53","396.51K","0.79%"
"10/08/2023","1,656.27","1,678.55","1,680.38","1,654.20","361.78K","-1.13%"
"09/08/2023","1,675.17","1,679.75","1,686.88","1,669.41","367.34K","-0.45%"
"08/08/2023","1,682.66","1,691.70","1,697.78","1,680.63","454.25K","-0.30%"
"07/08/2023","1,687.79","1,676.85","1,692.76","1,676.30","413.28K","0.87%"
"04/08/2023","1,673.31","1,652.89","1,681.28","1,652.68","438.41K","1.37%"
"03/08/2023","1,650.66","1,655.54","1,663.57","1,644.58","437.68K","-0.25%"
"02/08/2023","1,654.82","1,636.35","1,654.82","1,630.04","373.32K","1.09%"
"01/08/2023","1,636.92","1,654.55","1,655.48","1,636.73","502.14K","-0.79%"
"31/07/2023","1,649.92","1,653.34","1,657.60","1,640.59","450.50K","0.37%"
"28/07/2023","1,643.78","1,629.04","1,645.20","1,627.11","486.38K","1.06%"
"27/07/2023","1,626.46","1,623.62","1,629.56","1,605.57","499.58K","0.39%"
"26/07/2023","1,620.17","1,613.45","1,621.37","1,606.81","366.98K","0.42%"
"25/07/2023","1,613.35","1,615.47","1,619.82","1,606.25","411.46K","0.09%"
"24/07/2023","1,611.91","1,610.50","1,614.19","1,601.24","412.36K","0.88%"
"21/07/2023","1,597.77","1,580.85","1,598.02","1,580.33","444.54K","1.47%"
"20/07/2023","1,574.67","1,568.12","1,575.89","1,562.66","326.07K","0.49%"
"19/07/2023","1,567.00","1,579.48","1,581.21","1,567.00","368.61K","-0.42%"
"18/07/2023","1,573.58","1,569.40","1,575.07","1,565.18","318.84K","0.27%"
"17/07/2023","1,569.33","1,566.41","1,575.02","1,562.42","356.12K","0.71%"
"14/07/2023","1,558.26","1,560.80","1,562.59","1,541.18","426.19K","0.46%"
"13/07/2023","1,551.19","1,534.46","1,551.19","1,534.35","360.20K","1.60%"
"12/07/2023","1,526.74","1,532.26","1,535.99","1,521.69","277.95K","-0.10%"
"11/07/2023","1,528.20","1,524.21","1,537.55","1,524.21","346.45K","0.27%"
"10/07/2023","1,524.15","1,517.86","1,526.20","1,515.94","345.66K","0.96%"
"07/07/2023","1,509.66","1,490.38","1,509.66","1,480.77","362.98K","1.09%"
"06/07/2023","1,493.35","1,500.14","1,504.30","1,477.23","429.84K","-0.40%"
"05/07/2023","1,499.40","1,506.18","1,509.82","1,499.40","325.97K","0.06%"
"04/07/2023","1,498.56","1,482.90","1,498.56","1,481.13","293.59K","1.25%"
"03/07/2023","1,480.02","1,481.23","1,484.28","1,473.65","214.53K","0.39%"
"30/06/2023","1,474.22","1,471.41","1,475.27","1,465.10","217.61K","0.26%"
"29/06/2023","1,470.40","1,499.22","1,500.06","1,470.40","358.98K","-1.80%"
"28/06/2023","1,497.40","1,498.63","1,505.09","1,493.56","318.27K","0.01%"
"27/06/2023","1,497.27","1,503.12","1,504.00","1,491.31","274.76K","-0.08%"
"26/06/2023","1,498.48","1,500.79","1,503.17","1,472.97","464.67K","-0.07%"
"23/06/2023","1,499.51","1,499.42","1,505.40","1,489.65","376.81K","0.31%"
"22/06/2023","1,494.86","1,488.81","1,497.57","1,484.55","403.88K","1.00%"
"21/06/2023","1,480.07","1,465.86","1,480.07","1,465.86","389.18K","1.06%"
"20/06/2023","1,464.57","1,449.33","1,464.57","1,446.88","287.05K","1.28%"
"19/06/2023","1,446.10","1,450.81","1,454.00","1,441.22","291.28K","-0.07%"
"16/06/2023","1,447.08","1,446.98","1,471.10","1,445.05","465.71K","0.04%"
"15/06/2023","1,446.48","1,444.44","1,448.85","1,437.31","297.88K","0.01%"
"14/06/2023","1,446.40","1,461.92","1,466.55","1,446.40","342.77K","-0.67%"
"13/06/2023","1,456.20","1,461.94","1,463.87","1,452.98","346.18K","-0.04%"
"12/06/2023","1,456.71","1,455.52","1,456.94","1,435.84","313.41K","0.59%"
"09/06/2023","1,448.10","1,433.79","1,448.10","1,422.93","391.57K","1.28%"
"08/06/2023","1,429.82","1,460.44","1,463.30","1,429.82","540.44K","-1.94%"
"07/06/2023","1,458.07","1,452.22","1,458.69","1,446.51","384.11K","0.61%"
"06/06/2023","1,449.22","1,433.35","1,449.22","1,427.08","364.02K","1.18%"
"05/06/2023","1,432.36","1,443.21","1,443.28","1,427.01","426.93K","0.20%"
"02/06/2023","1,429.54","1,424.01","1,431.08","1,420.84","423.99K","1.27%"
"01/06/2023","1,411.65","1,397.01","1,411.65","1,394.12","343.55K","1.15%"
"31/05/2023","1,395.63","1,395.19","1,401.16","1,389.37","378.45K","0.11%"
"30/05/2023","1,394.04","1,391.97","1,394.83","1,382.93","369.26K","0.62%"
"29/05/2023","1,385.39","1,371.98","1,386.82","1,371.98","314.10K","1.48%"
"26/05/2023","1,365.19","1,361.08","1,367.85","1,359.71","284.74K","0.55%"
"25/05/2023","1,357.78","1,357.93","1,362.91","1,351.26","296.53K","-0.17%"
"24/05/2023","1,360.12","1,373.84","1,373.84","1,359.22","312.98K","-0.54%"
"23/05/2023","1,367.55","1,370.30","1,376.13","1,362.02","312.54K","-0.11%"
"22/05/2023","1,369.01","1,358.03","1,369.01","1,356.28","303.84K","1.15%"
"19/05/2023","1,353.47","1,351.26","1,353.51","1,339.45","331.29K","0.54%"
"18/05/2023","1,346.19","1,348.18","1,354.14","1,342.42","258.68K","0.13%"
"17/05/2023","1,344.39","1,358.40","1,362.26","1,343.46","320.27K","-1.03%"
"16/05/2023","1,358.34","1,360.81","1,362.95","1,352.80","259.06K","0.06%"
"15/05/2023","1,357.57","1,372.16","1,379.59","1,357.57","306.50K","-0.88%"
"12/05/2023","1,369.63","1,363.92","1,369.63","1,357.83","277.91K","0.51%"
"11/05/2023","1,362.64","1,366.80","1,369.27","1,359.76","335.40K","0.13%"
"10/05/2023","1,360.83","1,351.10","1,362.37","1,350.64","289.33K","1.02%"
"09/05/2023","1,347.15","1,343.56","1,350.16","1,340.70","236.36K","0.27%"
"08/05/2023","1,343.47","1,340.22","1,345.14","1,337.33","251.29K","0.81%"
"05/05/2023","1,332.64","1,334.59","1,340.01","1,327.56","208.40K","-0.11%"
"04/05/2023","1,334.09","1,337.43","1,344.99","1,331.53","270.06K","-0.26%"
"28/04/2023","1,337.60","1,329.59","1,337.60","1,326.64","257.80K","1.26%"
"27/04/2023","1,320.90","1,319.79","1,328.46","1,315.33","229.88K","0.57%"
"26/04/2023","1,313.43","1,303.72","1,313.43","1,293.67","187.04K","0.74%"
"25/04/2023","1,303.75","1,315.22","1,324.83","1,300.28","200.68K","-0.79%"
"24/04/2023","1,314.14","1,319.04","1,325.73","1,310.95","187.65K","-0.46%"
"21/04/2023","1,320.15","1,330.25","1,336.99","1,314.98","223.55K","-0.52%"
"20/04/2023","1,327.05","1,329.46","1,332.66","1,321.66","142.51K","0.04%"
"19/04/2023","1,326.52","1,343.88","1,344.79","1,324.88","220.58K","-0.92%"
"18/04/2023","1,338.90","1,336.53","1,340.70","1,327.80","236.13K","0.27%"
"17/04/2023","1,335.34","1,332.17","1,337.37","1,327.07","183.13K","0.21%"
"14/04/2023","1,332.54","1,358.28","1,364.68","1,332.54","364.91K","-1.47%"
"13/04/2023","1,352.44","1,359.64","1,361.78","1,348.50","266.58K","-0.37%"
"12/04/2023","1,357.47","1,358.23","1,364.64","1,353.98","289.32K","0.42%"
"11/04/2023","1,351.85","1,340.81","1,351.85","1,331.03","279.61K","0.65%"
"10/04/2023","1,343.06","1,349.40","1,357.78","1,336.15","366.10K","0.22%"
"07/04/2023","1,340.05","1,338.47","1,341.40","1,326.87","279.47K","0.27%"
"06/04/2023","1,336.47","1,361.77","1,364.48","1,336.47","417.69K","-1.45%"
"05/04/2023","1,356.19","1,347.84","1,356.83","1,342.32","293.92K","0.58%"
"04/04/2023","1,348.41","1,337.02","1,349.39","1,333.08","328.21K","1.02%"
"03/04/2023","1,334.86","1,316.70","1,334.86","1,316.70","349.21K","2.19%"
"31/03/2023","1,306.25","1,297.34","1,307.75","1,293.07","249.08K","0.72%"
"30/03/2023","1,296.88","1,309.77","1,311.19","1,295.33","231.54K","-0.19%"
"29/03/2023","1,299.41","1,299.93","1,301.13","1,291.08","174.83K","0.09%"
"28/03/2023","1,298.19","1,306.09","1,309.42","1,295.35","228.71K","-0.10%"
"27/03/2023","1,299.44","1,291.67","1,299.67","1,287.67","216.91K","0.74%"
"24/03/2023","1,289.84","1,288.66","1,294.13","1,285.24","216.34K","0.49%"
"23/03/2023","1,283.58","1,266.18","1,283.58","1,262.85","169.88K","0.85%"
"22/03/2023","1,272.73","1,272.25","1,280.19","1,271.23","151.59K","0.06%"
"21/03/2023","1,271.97","1,266.15","1,271.97","1,249.17","154.82K","0.98%"
"20/03/2023","1,259.62","1,283.05","1,285.12","1,258.99","203.20K","-2.03%"
"17/03/2023","1,285.74","1,293.35","1,296.20","1,280.07","216.91K","0.24%"
"16/03/2023","1,282.65","1,291.16","1,291.16","1,278.45","199.45K","-1.23%"
"15/03/2023","1,298.68","1,270.50","1,299.11","1,270.50","214.04K","2.79%"
"14/03/2023","1,263.40","1,286.20","1,288.12","1,257.57","239.94K","-1.75%"
"13/03/2023","1,285.90","1,282.57","1,295.04","1,282.45","188.74K","-0.69%"
"10/03/2023","1,294.81","1,296.65","1,298.57","1,286.13","200.16K","-0.55%"
"09/03/2023","1,302.02","1,297.37","1,307.70","1,294.73","229.72K","0.65%"
"08/03/2023","1,293.55","1,264.84","1,293.55","1,259.57","197.22K","1.53%"
"07/03/2023","1,274.07","1,270.22","1,275.12","1,263.74","168.58K","0.88%"
"06/03/2023","1,262.98","1,268.69","1,278.15","1,259.43","158.56K","0.86%"
"03/03/2023","1,252.15","1,273.75","1,279.46","1,252.15","179.76K","-1.57%"
"02/03/2023","1,272.13","1,275.16","1,281.97","1,267.84","128.74K","0.13%"
"01/03/2023","1,270.54","1,244.77","1,270.54","1,236.85","208.89K","1.86%"
"28/02/2023","1,247.31","1,251.61","1,259.45","1,239.45","133.09K","0.39%"
"27/02/2023","1,242.52","1,276.91","1,276.91","1,242.52","195.64K","-2.89%"
"24/02/2023","1,279.50","1,305.64","1,306.95","1,275.81","140.00K","-1.81%"
"23/02/2023","1,303.08","1,302.90","1,306.11","1,268.29","245.48K","-0.07%"
"22/02/2023","1,304.04","1,338.78","1,338.78","1,304.04","314.25K","-2.96%"
"21/02/2023","1,343.80","1,358.01","1,364.23","1,343.80","261.35K","-0.48%"
"20/02/2023","1,350.28","1,315.06","1,350.28","1,315.06","258.86K","2.90%"
"17/02/2023","1,312.23","1,310.34","1,320.51","1,303.72","173.50K","0.39%"
"16/02/2023","1,307.14","1,295.89","1,307.14","1,289.78","170.96K","1.39%"
"15/02/2023","1,289.28","1,277.00","1,298.05","1,275.03","168.41K","1.01%"
"14/02/2023","1,276.36","1,276.69","1,284.85","1,268.99","132.69K","0.56%"
"13/02/2023","1,269.30","1,298.51","1,302.11","1,259.04","248.36K","-2.89%"
"10/02/2023","1,307.05","1,323.64","1,327.37","1,307.05","169.90K","-1.30%"
"09/02/2023","1,324.23","1,324.47","1,332.64","1,322.25","123.18K","0.04%"
"08/02/2023","1,323.73","1,328.75","1,334.98","1,301.25","180.42K","0.17%"
"07/02/2023","1,321.54","1,354.37","1,358.59","1,320.26","234.99K","-2.13%"
"06/02/2023","1,350.29","1,337.45","1,350.29","1,329.29","147.16K","0.96%"
"03/02/2023","1,337.47","1,351.33","1,357.16","1,334.34","180.96K","-0.71%"
"02/02/2023","1,347.06","1,365.18","1,368.57","1,337.19","247.29K","-1.09%"
"01/02/2023","1,361.86","1,417.79","1,425.15","1,361.86","437.29K","-3.64%"
"31/01/2023","1,413.31","1,398.08","1,413.31","1,388.14","263.90K","0.92%"
"30/01/2023","1,400.45","1,411.58","1,417.77","1,400.40","316.08K","-0.68%"
"27/01/2023","1,409.97","1,406.31","1,416.89","1,402.33","247.78K","1.09%"
"19/01/2023","1,394.75","1,380.61","1,394.75","1,377.84","226.19K","0.81%"
"18/01/2023","1,383.59","1,379.09","1,386.11","1,370.46","237.73K","0.90%"
"17/01/2023","1,371.27","1,347.82","1,371.27","1,347.82","241.35K","2.01%"
"16/01/2023","1,344.31","1,344.59","1,349.92","1,336.59","161.32K","0.21%"
"13/01/2023","1,341.55","1,346.00","1,354.40","1,335.28","205.54K","0.24%"
"12/01/2023","1,338.34","1,347.86","1,347.94","1,330.99","163.58K","-0.22%"
"11/01/2023","1,341.31","1,349.20","1,358.58","1,341.31","215.99K","0.07%"
"10/01/2023","1,340.42","1,343.35","1,346.27","1,323.55","173.12K","0.02%"
"09/01/2023","1,340.09","1,353.08","1,359.06","1,339.15","152.09K","-0.26%"
"06/01/2023","1,343.61","1,352.65","1,366.84","1,339.20","275.15K","-0.59%"
"05/01/2023","1,351.52","1,349.17","1,355.50","1,337.73","195.87K","0.58%"
"04/01/2023","1,343.66","1,347.25","1,359.48","1,338.92","212.07K","0.09%"
"03/01/2023","1,342.50","1,309.91","1,342.50","1,309.06","208.62K","2.60%"
"30/12/2022","1,308.53","1,298.68","1,308.53","1,293.07","146.13K","0.97%"
"29/12/2022","1,296.02","1,305.21","1,309.44","1,293.14","143.69K","-0.72%"
"28/12/2022","1,305.45","1,292.60","1,305.82","1,277.46","167.20K","1.54%"
"27/12/2022","1,285.70","1,240.89","1,285.70","1,237.92","220.45K","3.14%"
"26/12/2022","1,246.56","1,299.91","1,300.67","1,245.95","234.33K","-4.28%"
"23/12/2022","1,302.36","1,306.27","1,307.50","1,290.47","183.92K","-0.62%"
"22/12/2022","1,310.45","1,307.94","1,320.29","1,287.34","211.08K","0.49%"
"21/12/2022","1,304.12","1,326.98","1,329.13","1,277.10","294.49K","-1.12%"
"20/12/2022","1,318.90","1,340.51","1,349.66","1,291.30","410.33K","-1.98%"
"19/12/2022","1,345.48","1,365.76","1,382.97","1,345.48","367.35K","-1.44%"
"16/12/2022","1,365.11","1,343.44","1,375.11","1,341.89","347.21K","0.38%"
"15/12/2022","1,359.91","1,344.97","1,363.71","1,344.69","252.42K","0.55%"
"14/12/2022","1,352.46","1,346.47","1,367.18","1,346.47","289.92K","0.54%"
"13/12/2022","1,345.16","1,324.75","1,345.16","1,304.52","308.62K","2.02%"
"12/12/2022","1,318.57","1,340.77","1,360.63","1,315.07","382.84K","-1.20%"
"09/12/2022","1,334.57","1,330.45","1,335.05","1,315.33","316.16K","0.75%"
"08/12/2022","1,324.65","1,298.77","1,335.79","1,298.77","343.64K","3.04%"
"07/12/2022","1,285.57","1,299.31","1,311.10","1,275.73","326.04K","-1.65%"
"06/12/2022","1,307.10","1,338.70","1,352.63","1,307.10","595.65K","-2.89%"
"05/12/2022","1,345.97","1,331.72","1,354.32","1,331.39","439.64K","1.95%"
"02/12/2022","1,320.27","1,266.71","1,320.27","1,254.84","447.92K","3.75%"
"01/12/2022","1,272.57","1,295.40","1,310.30","1,264.82","498.96K","-0.25%"
"30/11/2022","1,275.74","1,256.14","1,275.74","1,242.71","481.95K","2.31%"
"29/11/2022","1,246.89","1,225.30","1,246.89","1,206.37","454.59K","2.65%"
"28/11/2022","1,214.74","1,190.33","1,214.74","1,186.83","263.43K","4.12%"
"25/11/2022","1,166.72","1,145.38","1,166.72","1,143.47","231.46K","2.87%"
"24/11/2022","1,134.19","1,126.43","1,138.46","1,108.77","210.16K","0.18%"
"23/11/2022","1,132.17","1,142.34","1,154.94","1,128.74","199.87K","-0.99%"
"22/11/2022","1,143.50","1,135.78","1,171.86","1,127.98","382.65K","0.72%"
"21/11/2022","1,135.35","1,144.44","1,152.44","1,130.87","239.75K","0.16%"
"18/11/2022","1,133.58","1,123.42","1,140.44","1,090.95","355.88K","1.07%"
"17/11/2022","1,121.59","1,094.64","1,125.66","1,094.64","261.47K","2.45%"
"16/11/2022","1,094.80","1,022.28","1,094.80","1,000.22","426.38K","3.77%"
"15/11/2022","1,055.04","1,069.82","1,078.73","1,042.21","206.61K","-4.59%"
"14/11/2022","1,105.74","1,127.39","1,127.39","1,090.77","225.46K","-3.37%"
"11/11/2022","1,144.33","1,165.78","1,171.33","1,140.72","264.93K","-1.21%"
"10/11/2022","1,158.30","1,201.48","1,202.44","1,150.32","233.30K","-5.12%"
"09/11/2022","1,220.79","1,233.28","1,247.00","1,214.89","204.61K","-0.89%"
"08/11/2022","1,231.74","1,197.10","1,231.74","1,194.52","207.94K","0.50%"
"07/11/2022","1,225.63","1,269.61","1,275.92","1,224.98","203.60K","-4.01%"
"04/11/2022","1,276.89","1,309.91","1,310.17","1,261.40","266.08K","-3.13%"
"03/11/2022","1,318.10","1,297.86","1,323.81","1,297.86","170.60K","-0.09%"
"02/11/2022","1,319.23","1,334.42","1,340.21","1,316.58","192.73K","-1.03%"
"01/11/2022","1,332.96","1,332.67","1,349.31","1,330.64","198.40K","0.18%"
"31/10/2022","1,330.54","1,334.84","1,343.68","1,301.40","248.75K","-0.69%"
"28/10/2022","1,339.80","1,359.18","1,368.05","1,339.80","217.69K","-0.51%"
"27/10/2022","1,346.68","1,281.92","1,346.68","1,278.76","256.68K","4.74%"
"26/10/2022","1,285.71","1,301.18","1,311.91","1,268.72","165.55K","-0.79%"
"25/10/2022","1,295.97","1,277.91","1,316.82","1,239.04","309.38K","0.91%"
"24/10/2022","1,284.22","1,333.72","1,336.87","1,270.78","205.13K","-3.72%"
"21/10/2022","1,333.89","1,396.62","1,396.97","1,322.60","262.76K","-4.49%"
"20/10/2022","1,396.58","1,409.50","1,413.29","1,392.49","135.38K","-1.17%"
"19/10/2022","1,413.10","1,417.26","1,424.05","1,404.18","133.05K","-0.23%"
"18/10/2022","1,416.36","1,432.33","1,434.29","1,411.51","201.88K","0.39%"
"17/10/2022","1,410.89","1,394.84","1,410.89","1,374.53","172.19K","0.62%"
"14/10/2022","1,402.18","1,398.88","1,414.23","1,396.19","211.51K","1.85%"
"13/10/2022","1,376.72","1,366.48","1,376.72","1,354.88","142.12K","0.90%"
"12/10/2022","1,364.48","1,307.85","1,368.53","1,301.64","224.31K","3.61%"
"11/10/2022","1,316.89","1,367.38","1,369.53","1,307.38","216.99K","-4.04%"
"10/10/2022","1,372.27","1,332.20","1,377.98","1,324.96","209.54K","1.25%"
"07/10/2022","1,355.38","1,373.99","1,380.81","1,333.47","306.08K","-3.86%"
"06/10/2022","1,409.79","1,461.88","1,465.78","1,399.82","193.61K","-3.25%"
"05/10/2022","1,457.12","1,427.31","1,460.57","1,427.31","151.77K","3.74%"
"04/10/2022","1,404.54","1,456.61","1,460.11","1,404.54","206.64K","-2.04%"
"03/10/2022","1,433.80","1,502.74","1,502.88","1,433.80","178.23K","-5.10%"
"30/09/2022","1,510.82","1,498.13","1,514.56","1,449.92","256.81K","0.15%"
"29/09/2022","1,508.52","1,544.01","1,558.12","1,508.52","176.53K","-1.65%"
"28/09/2022","1,533.81","1,551.73","1,560.87","1,526.45","216.65K","-1.50%"
"27/09/2022","1,557.09","1,569.93","1,577.36","1,555.79","181.74K","-0.53%"
"26/09/2022","1,565.39","1,591.48","1,601.10","1,549.39","301.10K","-3.77%"
"23/09/2022","1,626.68","1,643.01","1,649.45","1,623.85","184.36K","-0.99%"
"22/09/2022","1,643.01","1,612.08","1,643.01","1,609.52","186.66K","1.11%"
"21/09/2022","1,624.91","1,624.06","1,637.64","1,618.56","136.52K","-0.58%"
"20/09/2022","1,634.41","1,618.39","1,634.65","1,593.23","178.35K","1.75%"
"19/09/2022","1,606.34","1,659.35","1,661.85","1,604.40","278.55K","-3.21%"
"16/09/2022","1,659.64","1,690.99","1,693.88","1,657.22","250.39K","-2.02%"
"15/09/2022","1,693.90","1,702.37","1,705.18","1,692.80","163.05K","0.20%"
"14/09/2022","1,690.47","1,652.42","1,690.47","1,652.42","265.12K","0.58%"
"13/09/2022","1,680.73","1,678.49","1,681.24","1,663.78","198.07K","0.37%"
"12/09/2022","1,674.54","1,692.01","1,692.20","1,674.54","167.68K","-0.38%"
"09/09/2022","1,680.87","1,664.01","1,680.87","1,631.52","220.70K","1.74%"
"08/09/2022","1,652.20","1,685.00","1,686.83","1,652.20","229.41K","-1.21%"
"07/09/2022","1,672.36","1,728.61","1,728.85","1,672.36","359.78K","-3.46%"
"06/09/2022","1,732.22","1,735.31","1,747.36","1,732.22","240.83K","0.08%"
"05/09/2022","1,730.78","1,731.26","1,736.83","1,726.30","204.02K","0.06%"
"31/08/2022","1,729.69","1,713.45","1,731.85","1,708.50","203.53K","0.43%"
"30/08/2022","1,722.36","1,733.15","1,746.43","1,720.91","209.88K","-0.60%"
"29/08/2022","1,732.79","1,730.25","1,732.79","1,687.44","364.26K","-1.05%"
"26/08/2022","1,751.24","1,766.57","1,768.37","1,745.95","248.68K","-0.59%"
"25/08/2022","1,761.60","1,751.39","1,763.28","1,749.15","237.86K","0.85%"
"24/08/2022","1,746.75","1,741.62","1,752.15","1,739.32","220.00K","0.50%"
"23/08/2022","1,738.05","1,700.60","1,738.05","1,700.00","211.05K","1.43%"
"22/08/2022","1,713.58","1,716.38","1,724.37","1,695.51","222.32K","-0.30%"
"19/08/2022","1,718.67","1,730.26","1,735.91","1,709.23","221.43K","-0.54%"
"18/08/2022","1,727.93","1,730.67","1,737.00","1,720.64","206.55K","-0.46%"
"17/08/2022","1,735.97","1,747.14","1,753.35","1,730.50","272.91K","-0.44%"
"16/08/2022","1,743.69","1,741.30","1,747.33","1,736.54","237.76K","0.21%"
"15/08/2022","1,739.99","1,727.30","1,741.74","1,727.02","260.74K","1.36%"
"12/08/2022","1,716.69","1,694.84","1,716.88","1,692.55","221.50K","1.18%"
"11/08/2022","1,696.68","1,727.75","1,737.18","1,688.54","319.06K","-1.22%"
"10/08/2022","1,717.59","1,714.77","1,724.66","1,712.22","257.15K","-0.04%"
"09/08/2022","1,718.33","1,718.97","1,724.04","1,708.90","249.56K","0.28%"
"08/08/2022","1,713.49","1,710.62","1,717.44","1,704.42","244.40K","0.42%"
"05/08/2022","1,706.30","1,691.71","1,708.12","1,687.60","232.66K","0.60%"
"04/08/2022","1,696.04","1,708.61","1,715.10","1,690.04","273.65K","-0.36%"
"03/08/2022","1,702.12","1,673.12","1,702.12","1,670.48","287.34K","1.10%"
"02/08/2022","1,683.56","1,678.03","1,690.77","1,671.33","293.58K","0.28%"
"01/08/2022","1,678.88","1,640.17","1,678.88","1,640.17","301.83K","2.37%"
"29/07/2022","1,639.99","1,651.41","1,654.81","1,636.69","209.46K","-0.41%"
"28/07/2022","1,646.71","1,622.04","1,658.31","1,622.04","235.09K","1.53%"
"27/07/2022","1,621.87","1,603.53","1,621.87","1,591.65","156.86K","1.08%"
"26/07/2022","1,604.52","1,618.10","1,623.79","1,602.62","155.42K","-0.70%"
"25/07/2022","1,615.89","1,624.86","1,624.87","1,606.96","160.34K","-0.86%"
"22/07/2022","1,629.91","1,636.76","1,647.17","1,629.91","175.14K","-0.20%"
"21/07/2022","1,633.12","1,635.43","1,647.06","1,632.59","188.53K","0.10%"
"20/07/2022","1,631.47","1,617.99","1,641.22","1,616.84","238.74K","1.76%"
"19/07/2022","1,603.28","1,598.68","1,608.62","1,582.06","190.74K","0.27%"
"18/07/2022","1,599.04","1,606.36","1,610.40","1,592.73","194.07K","0.19%"
"15/07/2022","1,595.98","1,600.44","1,617.76","1,595.98","220.21K","-0.07%"
"14/07/2022","1,597.02","1,570.16","1,597.02","1,570.16","208.33K","0.96%"
"13/07/2022","1,581.79","1,587.45","1,598.08","1,576.71","190.59K","-0.16%"
"12/07/2022","1,584.34","1,539.02","1,584.34","1,537.41","211.97K","3.04%"
"11/07/2022","1,537.55","1,548.35","1,559.01","1,526.09","186.00K","-1.18%"
"08/07/2022","1,555.90","1,544.98","1,565.50","1,541.58","183.36K","1.73%"
"07/07/2022","1,529.46","1,510.45","1,529.46","1,496.06","132.95K","1.08%"
"06/07/2022","1,513.08","1,549.72","1,550.59","1,509.86","200.58K","-2.74%"
"05/07/2022","1,555.68","1,589.80","1,593.82","1,554.43","191.75K","-2.06%"
"04/07/2022","1,588.37","1,590.91","1,606.57","1,579.22","155.89K","0.41%"
"01/07/2022","1,581.94","1,559.48","1,590.78","1,521.38","193.62K","0.76%"
"30/06/2022","1,569.94","1,614.91","1,617.32","1,569.94","192.62K","-2.43%"
"29/06/2022","1,609.07","1,593.87","1,617.46","1,592.02","218.20K","0.11%"
"28/06/2022","1,607.29","1,584.39","1,608.46","1,575.69","197.56K","1.62%"
"27/06/2022","1,581.59","1,565.54","1,590.60","1,557.56","174.82K","1.42%"
"24/06/2022","1,559.52","1,565.60","1,576.60","1,558.51","167.08K","0.21%"
"23/06/2022","1,556.26","1,505.50","1,556.26","1,501.88","144.13K","3.44%"
"22/06/2022","1,504.57","1,499.57","1,510.64","1,479.39","202.29K","1.30%"
"21/06/2022","1,485.25","1,497.15","1,529.36","1,474.14","244.76K","-2.53%"
"20/06/2022","1,523.86","1,589.16","1,600.08","1,521.02","239.26K","-4.11%"
"17/06/2022","1,589.15","1,586.55","1,600.40","1,560.69","277.87K","-2.48%"
"16/06/2022","1,629.56","1,639.50","1,647.65","1,619.95","200.33K","1.23%"
"15/06/2022","1,609.77","1,652.69","1,657.30","1,572.26","252.06K","-2.28%"
"14/06/2022","1,647.37","1,630.40","1,674.60","1,617.58","196.72K","-0.31%"
"13/06/2022","1,652.51","1,683.69","1,714.53","1,652.51","248.69K","-5.28%"
"10/06/2022","1,744.63","1,772.35","1,801.54","1,744.63","234.11K","-2.50%"
"09/06/2022","1,789.33","1,792.91","1,798.08","1,770.27","167.19K","0.18%"
"08/06/2022","1,786.04","1,758.30","1,793.94","1,749.82","201.93K","2.65%"
"07/06/2022","1,739.95","1,729.57","1,739.95","1,682.61","231.89K","-0.01%"
"06/06/2022","1,740.20","1,757.91","1,778.05","1,740.20","199.35K","-0.60%"
"03/06/2022","1,750.71","1,751.50","1,762.85","1,726.87","160.02K","0.17%"
"02/06/2022","1,747.80","1,771.41","1,779.76","1,737.78","194.06K","-1.27%"
"01/06/2022","1,770.28","1,763.06","1,777.84","1,739.47","185.27K","0.18%"
"31/05/2022","1,767.16","1,773.06","1,784.63","1,753.78","193.04K","-0.35%"
"30/05/2022","1,773.28","1,764.44","1,778.19","1,753.62","162.58K","0.88%"
"27/05/2022","1,757.82","1,736.02","1,767.71","1,729.82","191.59K","1.32%"
"26/05/2022","1,734.95","1,735.34","1,749.57","1,724.57","178.62K","0.16%"
"25/05/2022","1,732.24","1,679.50","1,732.24","1,674.61","217.62K","3.91%"
"24/05/2022","1,667.10","1,646.73","1,667.10","1,606.69","167.37K","1.30%"
"23/05/2022","1,645.77","1,689.43","1,689.91","1,628.19","167.30K","-1.88%"
"20/05/2022","1,677.28","1,669.80","1,696.14","1,661.20","170.43K","0.69%"
"19/05/2022","1,665.79","1,611.42","1,675.08","1,611.42","166.10K","0.41%"
"18/05/2022","1,659.00","1,653.59","1,680.04","1,638.05","173.71K","2.03%"
"17/05/2022","1,626.05","1,525.53","1,626.05","1,511.45","188.89K","5.01%"
"16/05/2022","1,548.45","1,595.40","1,623.48","1,542.44","190.02K","-1.26%"
"13/05/2022","1,568.14","1,641.84","1,656.69","1,559.34","238.55K","-5.46%"
"12/05/2022","1,658.73","1,734.31","1,743.74","1,658.73","163.30K","-5.31%"
"11/05/2022","1,751.77","1,738.09","1,751.77","1,712.86","136.50K","1.58%"
"10/05/2022","1,724.55","1,692.07","1,724.55","1,629.31","229.69K","0.97%"
"09/05/2022","1,708.03","1,767.53","1,778.82","1,696.16","212.43K","-5.45%"
"06/05/2022","1,806.44","1,844.69","1,844.69","1,806.44","208.12K","-3.04%"
"05/05/2022","1,863.17","1,892.92","1,895.64","1,825.60","204.63K","-0.49%"
"04/05/2022","1,872.42","1,900.48","1,905.74","1,872.42","179.34K","-1.92%"
"29/04/2022","1,909.15","1,868.50","1,916.90","1,861.79","201.09K","2.08%"
"28/04/2022","1,870.17","1,877.44","1,895.26","1,867.44","175.63K","-0.19%"
"27/04/2022","1,873.75","1,840.46","1,873.75","1,816.10","171.98K","1.59%"
"26/04/2022","1,844.36","1,749.33","1,844.36","1,701.54","247.22K","3.08%"
"25/04/2022","1,789.27","1,898.25","1,903.04","1,786.58","237.17K","-5.85%"
"22/04/2022","1,900.51","1,922.28","1,941.66","1,841.49","296.29K","-0.72%"
"21/04/2022","1,914.24","1,907.37","1,947.58","1,854.69","301.49K","-0.72%"
"20/04/2022","1,928.06","1,978.97","1,990.76","1,928.06","255.23K","-2.83%"
"19/04/2022","1,984.18","2,046.23","2,062.84","1,984.18","248.16K","-2.64%"
"18/04/2022","2,038.08","2,079.26","2,079.26","2,008.35","288.63K","-2.60%"
"15/04/2022","2,092.57","2,115.34","2,130.71","2,087.30","225.01K","-1.38%"
"14/04/2022","2,121.77","2,134.90","2,139.45","2,119.49","174.18K","-0.03%"
"13/04/2022","2,122.50","2,074.56","2,122.50","2,037.80","234.57K","2.65%"
"12/04/2022","2,067.70","2,134.54","2,143.24","2,067.70","233.69K","-2.60%"
"08/04/2022","2,122.92","2,169.56","2,180.85","2,122.92","266.42K","-2.25%"
"07/04/2022","2,171.77","2,210.98","2,212.42","2,171.77","269.98K","-1.76%"
"06/04/2022","2,210.63","2,209.89","2,232.39","2,196.52","335.03K","-0.74%"
"05/04/2022","2,227.02","2,230.54","2,247.48","2,226.34","256.75K","-0.25%"
"04/04/2022","2,232.49","2,251.31","2,252.25","2,232.49","298.40K","0.04%"
"01/04/2022","2,231.61","2,186.90","2,231.61","2,179.59","306.32K","1.53%"
"31/03/2022","2,197.95","2,215.45","2,222.67","2,191.82","215.35K","-0.49%"
"30/03/2022","2,208.79","2,218.88","2,235.39","2,184.84","306.73K","-1.02%"
"29/03/2022","2,231.51","2,216.41","2,238.47","2,216.41","237.64K","0.93%"
"28/03/2022","2,210.93","2,235.25","2,235.25","2,181.31","369.76K","-1.12%"
"25/03/2022","2,235.99","2,231.95","2,243.42","2,229.07","272.82K","0.19%"
"24/03/2022","2,231.82","2,230.75","2,244.60","2,221.18","294.92K","0.13%"
"23/03/2022","2,228.98","2,221.73","2,240.53","2,218.23","306.68K","0.63%"
"22/03/2022","2,214.95","2,206.63","2,226.02","2,206.63","334.45K","0.90%"
"21/03/2022","2,195.14","2,163.81","2,195.14","2,163.81","261.83K","1.68%"
"18/03/2022","2,158.97","2,158.13","2,170.70","2,152.78","254.94K","0.31%"
"17/03/2022","2,152.32","2,162.42","2,163.67","2,142.45","261.60K","0.14%"
"16/03/2022","2,149.38","2,146.71","2,152.68","2,140.35","192.40K","0.90%"
"15/03/2022","2,130.26","2,108.74","2,132.03","2,095.42","239.61K","0.99%"
"14/03/2022","2,109.33","2,131.53","2,136.87","2,101.84","298.76K","-1.65%"
"11/03/2022","2,144.64","2,157.61","2,166.74","2,130.27","318.56K","-0.54%"
"10/03/2022","2,156.32","2,153.52","2,173.21","2,153.52","208.47K","0.62%"
"09/03/2022","2,143.05","2,136.59","2,149.07","2,090.59","341.07K","0.70%"
"08/03/2022","2,128.08","2,157.28","2,175.79","2,128.08","369.20K","-2.36%"
"07/03/2022","2,179.54","2,174.06","2,190.37","2,164.13","308.21K","0.07%"
"04/03/2022","2,177.96","2,178.02","2,194.05","2,175.27","289.08K","0.28%"
"03/03/2022","2,171.90","2,146.62","2,171.90","2,139.01","311.33K","1.56%"
"02/03/2022","2,138.63","2,160.66","2,164.20","2,124.32","293.80K","-1.05%"
"01/03/2022","2,161.32","2,144.67","2,165.70","2,142.13","291.68K","1.07%"
"28/02/2022","2,138.44","2,152.29","2,159.18","2,133.61","241.03K","-0.46%"
"25/02/2022","2,148.31","2,142.42","2,167.28","2,140.17","263.39K","1.14%"
"24/02/2022","2,124.13","2,146.82","2,159.61","2,065.17","402.89K","-0.90%"
"23/02/2022","2,143.48","2,133.04","2,160.04","2,131.84","245.65K","1.01%"
"22/02/2022","2,122.04","2,148.00","2,148.00","2,092.12","311.50K","-1.29%"
"21/02/2022","2,149.87","2,135.33","2,166.91","2,132.51","259.78K","0.82%"
"18/02/2022","2,132.39","2,098.69","2,132.39","2,093.88","255.59K","0.89%"
"17/02/2022","2,113.62","2,105.31","2,116.26","2,100.34","216.73K","0.51%"
"16/02/2022","2,102.87","2,099.05","2,105.85","2,093.06","248.09K","0.99%"
"15/02/2022","2,082.21","2,054.13","2,082.32","2,040.85","185.15K","1.61%"
"14/02/2022","2,049.21","2,064.32","2,090.16","2,049.21","252.52K","-2.16%"
"11/02/2022","2,094.46","2,080.37","2,106.73","2,079.22","207.45K","0.36%"
"10/02/2022","2,086.94","2,095.85","2,098.92","2,074.80","186.84K","0.18%"
"09/02/2022","2,083.20","2,062.19","2,088.54","2,062.19","265.53K","0.96%"
"08/02/2022","2,063.36","2,045.69","2,070.79","2,037.45","245.73K","0.52%"
"07/02/2022","2,052.59","2,052.62","2,065.88","2,042.06","176.39K","1.35%"
"28/01/2022","2,025.16","2,005.60","2,029.37","1,991.21","212.89K","0.75%"
"27/01/2022","2,009.99","2,023.76","2,041.30","1,998.77","168.26K","-0.98%"
"26/01/2022","2,029.86","2,043.42","2,057.85","2,027.52","249.43K","-0.09%"
"25/01/2022","2,031.65","1,949.12","2,031.65","1,949.12","233.51K","2.62%"
"24/01/2022","1,979.69","2,053.65","2,057.68","1,975.01","249.72K","-4.21%"
"21/01/2022","2,066.77","2,070.86","2,080.17","2,055.66","259.27K","0.54%"
"20/01/2022","2,055.62","2,001.51","2,061.64","1,994.02","259.37K","2.71%"
"19/01/2022","2,001.46","1,968.76","2,001.68","1,964.52","182.81K","1.05%"
"18/01/2022","1,980.64","1,987.61","2,016.31","1,965.41","223.41K","-2.88%"
"17/01/2022","2,039.28","2,156.63","2,158.32","2,038.35","281.33K","-4.90%"
"14/01/2022","2,144.44","2,119.93","2,170.34","2,101.66","269.41K","-0.75%"
"13/01/2022","2,160.55","2,227.93","2,243.52","2,157.87","275.19K","-2.89%"
"12/01/2022","2,224.82","2,212.20","2,236.62","2,152.27","390.99K","-0.36%"
"11/01/2022","2,232.83","2,245.17","2,286.74","2,221.25","485.91K","-0.55%"
"10/01/2022","2,245.22","2,317.90","2,338.70","2,245.22","534.33K","-3.11%"
"07/01/2022","2,317.19","2,306.53","2,324.64","2,302.06","313.61K","0.76%"
"06/01/2022","2,299.82","2,277.79","2,313.38","2,269.83","377.16K","0.71%"
"05/01/2022","2,283.66","2,283.02","2,305.41","2,277.53","357.07K","0.71%"
"04/01/2022","2,267.66","2,232.77","2,277.48","2,232.77","269.70K","1.56%"
"31/12/2021","2,232.77","2,220.49","2,233.81","2,208.05","276.21K","0.89%"
"30/12/2021","2,212.97","2,215.21","2,230.82","2,206.55","233.04K","-0.08%"
"29/12/2021","2,214.82","2,250.68","2,252.91","2,214.82","269.31K","-0.74%"
"28/12/2021","2,231.35","2,223.12","2,249.38","2,213.46","319.73K","1.31%"
"27/12/2021","2,202.45","2,176.53","2,204.99","2,150.61","256.28K","1.60%"
"24/12/2021","2,167.78","2,150.44","2,170.55","2,123.55","261.32K","1.47%"
"23/12/2021","2,136.33","2,163.42","2,165.34","2,088.91","434.65K","-1.13%"
"22/12/2021","2,160.64","2,169.22","2,181.58","2,148.70","345.65K","0.62%"
"21/12/2021","2,147.33","2,120.62","2,150.14","2,113.56","310.39K","1.08%"
"20/12/2021","2,124.40","2,130.41","2,134.99","2,097.70","311.66K","-0.40%"
"17/12/2021","2,132.90","2,145.16","2,145.33","2,128.80","351.92K","0.22%"
"16/12/2021","2,128.23","2,109.39","2,128.62","2,101.71","302.37K","1.39%"
"15/12/2021","2,099.00","2,108.19","2,118.66","2,085.12","326.24K","-0.15%"
"14/12/2021","2,102.24","2,092.39","2,110.57","2,078.90","306.84K","0.88%"
"13/12/2021","2,083.91","2,060.00","2,085.85","2,056.67","288.77K","2.02%"
"10/12/2021","2,042.73","2,038.08","2,054.93","2,032.82","264.19K","0.44%"
"09/12/2021","2,033.87","1,994.53","2,033.87","1,994.53","204.15K","1.71%"
"08/12/2021","1,999.74","1,994.85","2,022.75","1,980.84","232.83K","0.98%"
"07/12/2021","1,980.30","1,953.94","1,983.94","1,926.53","217.34K","2.68%"
"06/12/2021","1,928.66","2,005.61","2,014.60","1,902.95","324.70K","-3.92%"
"03/12/2021","2,007.45","2,086.12","2,095.76","2,007.45","322.01K","-3.51%"
"02/12/2021","2,080.54","2,095.34","2,104.15","2,080.54","250.46K","-0.40%"
"01/12/2021","2,088.88","2,080.53","2,096.85","2,065.69","272.35K","0.48%"
"30/11/2021","2,078.98","2,093.19","2,119.57","2,058.94","358.91K","0.40%"
"29/11/2021","2,070.75","2,024.49","2,082.66","2,024.44","299.08K","0.02%"
"26/11/2021","2,070.35","2,101.28","2,105.26","2,053.51","300.71K","-0.77%"
"25/11/2021","2,086.48","2,058.79","2,088.77","2,045.41","313.50K","1.93%"
"24/11/2021","2,046.89","2,026.02","2,048.30","2,020.42","310.28K","2.06%"
"23/11/2021","2,005.52","1,969.35","2,005.52","1,956.85","279.17K","0.67%"
"22/11/2021","1,992.15","2,047.47","2,056.06","1,992.15","408.34K","-2.44%"
"19/11/2021","2,041.89","2,084.29","2,099.96","1,985.34","492.93K","-1.16%"
"18/11/2021","2,065.81","2,052.15","2,077.68","2,047.92","336.85K","1.18%"
"17/11/2021","2,041.81","2,028.16","2,043.89","2,022.22","255.12K","0.65%"
"16/11/2021","2,028.69","2,031.01","2,053.55","2,007.20","387.90K","-0.95%"
"15/11/2021","2,048.17","2,061.28","2,068.75","2,022.04","402.44K","0.60%"
"12/11/2021","2,036.01","2,004.84","2,036.01","1,993.18","303.87K","2.06%"
"11/11/2021","1,994.94","1,993.81","2,015.50","1,963.67","406.93K","0.58%"
"10/11/2021","1,983.48","1,967.25","1,987.09","1,957.97","310.57K","1.10%"
"09/11/2021","1,961.87","1,960.81","1,971.69","1,947.91","330.06K","0.77%"
"08/11/2021","1,946.92","1,918.97","1,952.76","1,918.97","356.64K","1.77%"
"05/11/2021","1,913.00","1,901.14","1,917.14","1,888.93","268.54K","1.18%"
"04/11/2021","1,890.75","1,868.22","1,896.48","1,853.82","260.92K","1.15%"
"03/11/2021","1,869.26","1,917.84","1,926.26","1,869.26","467.82K","-1.64%"
"02/11/2021","1,900.49","1,861.38","1,900.49","1,860.87","314.98K","2.44%"
"01/11/2021","1,855.24","1,846.55","1,865.84","1,843.12","353.50K","1.29%"
"29/10/2021","1,831.69","1,838.49","1,846.25","1,826.96","308.74K","-0.10%"
"28/10/2021","1,833.48","1,822.74","1,834.52","1,818.76","260.64K","0.99%"
"27/10/2021","1,815.45","1,796.33","1,815.45","1,791.96","280.17K","1.65%"
"26/10/2021","1,785.93","1,759.69","1,785.93","1,747.54","226.59K","1.08%"
"25/10/2021","1,766.80","1,781.83","1,786.50","1,766.80","253.59K","-0.57%"
"22/10/2021","1,776.85","1,767.71","1,778.18","1,764.27","252.15K","0.87%"
"21/10/2021","1,761.49","1,756.27","1,761.49","1,749.87","207.72K","0.72%"
"20/10/2021","1,748.96","1,751.39","1,757.42","1,727.91","218.42K","0.20%"
"19/10/2021","1,745.52","1,745.89","1,751.18","1,734.79","193.84K","-0.06%"
"18/10/2021","1,746.50","1,756.97","1,759.70","1,744.48","270.55K","-0.22%"
"15/10/2021","1,750.27","1,752.23","1,756.68","1,739.38","238.88K","0.23%"
"14/10/2021","1,746.33","1,738.08","1,753.25","1,738.08","237.38K","0.72%"
"13/10/2021","1,733.81","1,734.30","1,740.32","1,727.96","202.45K","0.14%"
"12/10/2021","1,731.46","1,729.04","1,733.34","1,716.69","232.71K","0.49%"
"11/10/2021","1,722.97","1,711.51","1,724.24","1,707.50","212.84K","1.18%"
"08/10/2021","1,702.89","1,706.63","1,711.45","1,698.16","198.38K","0.19%"
"07/10/2021","1,699.71","1,691.48","1,705.07","1,688.65","233.21K","0.89%"
"06/10/2021","1,684.76","1,682.26","1,689.02","1,678.35","204.00K","0.50%"
"05/10/2021","1,676.32","1,665.21","1,676.40","1,663.58","214.68K","1.05%"
"04/10/2021","1,658.82","1,658.25","1,675.47","1,644.29","235.76K","0.06%"
"01/10/2021","1,657.85","1,666.90","1,678.66","1,654.13","205.72K","-0.90%"
"30/09/2021","1,672.89","1,667.97","1,679.28","1,669.43","155.45K","0.29%"
"29/09/2021","1,667.97","1,665.64","1,672.57","1,647.99","182.96K","-0.37%"
"28/09/2021","1,674.22","1,638.96","1,674.22","1,623.54","196.46K","1.75%"
"27/09/2021","1,645.41","1,705.74","1,709.23","1,645.41","262.26K","-3.37%"
"24/09/2021","1,702.85","1,716.80","1,721.70","1,694.73","220.27K","-0.69%"
"23/09/2021","1,714.71","1,744.25","1,751.53","1,714.71","307.44K","-0.74%"
"22/09/2021","1,727.53","1,718.22","1,727.59","1,707.38","251.14K","1.02%"
"21/09/2021","1,710.05","1,683.20","1,714.77","1,677.82","303.59K","0.08%"
"20/09/2021","1,708.73","1,727.59","1,730.16","1,705.16","302.87K","-0.02%"
"17/09/2021","1,709.11","1,690.43","1,712.53","1,689.33","278.81K","1.44%"
"16/09/2021","1,684.90","1,686.07","1,695.21","1,678.30","169.39K","0.16%"
"15/09/2021","1,682.17","1,660.90","1,683.90","1,656.97","192.60K","0.95%"
"14/09/2021","1,666.30","1,679.13","1,681.72","1,660.01","214.80K","-0.80%"
"13/09/2021","1,679.74","1,699.02","1,700.02","1,673.05","278.14K","-1.10%"
"10/09/2021","1,698.35","1,704.59","1,707.68","1,697.66","181.97K","-0.07%"
"09/09/2021","1,699.60","1,686.79","1,699.76","1,682.39","202.81K","0.89%"
"08/09/2021","1,684.67","1,690.05","1,699.86","1,670.45","221.85K","-0.33%"
"07/09/2021","1,690.32","1,710.61","1,711.54","1,685.81","317.42K","-1.03%"
"06/09/2021","1,707.91","1,694.98","1,713.48","1,692.34","340.74K","1.38%"
"01/09/2021","1,684.65","1,671.48","1,686.76","1,670.98","252.97K","0.24%"
"31/08/2021","1,680.55","1,679.64","1,690.19","1,672.31","305.59K","0.53%"
"30/08/2021","1,671.72","1,652.69","1,671.72","1,646.35","249.35K","2.35%"
"27/08/2021","1,633.39","1,598.49","1,633.71","1,589.75","246.63K","1.51%"
"26/08/2021","1,609.11","1,608.51","1,626.48","1,599.41","188.46K","0.35%"
"25/08/2021","1,603.45","1,587.51","1,603.45","1,573.15","167.05K","1.21%"
"24/08/2021","1,584.34","1,594.52","1,610.90","1,569.81","229.64K","-0.72%"
"23/08/2021","1,595.78","1,627.49","1,639.09","1,595.78","278.98K","-2.64%"
"20/08/2021","1,639.12","1,689.47","1,698.76","1,615.04","455.22K","-3.00%"
"19/08/2021","1,689.85","1,686.10","1,697.45","1,679.37","232.16K","0.19%"
"18/08/2021","1,686.66","1,680.21","1,696.02","1,678.83","250.83K","-0.03%"
"17/08/2021","1,687.24","1,690.01","1,697.51","1,678.16","276.53K","-0.01%"
"16/08/2021","1,687.47","1,672.76","1,690.29","1,669.51","311.29K","1.79%"
"13/08/2021","1,657.87","1,647.49","1,657.87","1,617.49","285.40K","0.47%"
"12/08/2021","1,650.19","1,648.70","1,668.77","1,644.59","278.53K","-0.20%"
"11/08/2021","1,653.50","1,665.66","1,671.15","1,653.50","291.44K","-0.59%"
"10/08/2021","1,663.31","1,664.09","1,667.69","1,651.41","273.46K","0.63%"
"09/08/2021","1,652.91","1,617.23","1,652.91","1,616.25","234.43K","1.75%"
"06/08/2021","1,624.43","1,632.70","1,638.85","1,621.98","250.85K","-0.32%"
"05/08/2021","1,629.68","1,603.18","1,629.68","1,597.10","200.34K","1.33%"
"04/08/2021","1,608.29","1,602.11","1,613.02","1,595.58","222.90K","0.66%"
"03/08/2021","1,597.69","1,588.93","1,599.21","1,576.14","221.15K","0.71%"
"02/08/2021","1,586.36","1,584.78","1,599.50","1,574.91","216.09K","-0.18%"
"30/07/2021","1,589.25","1,570.80","1,589.90","1,569.97","184.02K","1.42%"
"29/07/2021","1,566.97","1,550.69","1,566.97","1,548.01","140.35K","1.45%"
"28/07/2021","1,544.58","1,541.84","1,556.96","1,539.85","123.66K","-0.18%"
"27/07/2021","1,547.36","1,554.45","1,559.53","1,542.93","192.58K","0.39%"
"26/07/2021","1,541.41","1,510.60","1,541.99","1,506.36","175.05K","1.04%"
"23/07/2021","1,525.48","1,547.72","1,559.84","1,525.48","160.04K","-1.89%"
"22/07/2021","1,554.89","1,517.26","1,554.89","1,513.88","182.26K","2.45%"
"21/07/2021","1,517.67","1,521.77","1,531.54","1,510.86","127.20K","0.08%"
"20/07/2021","1,516.43","1,486.11","1,516.43","1,461.84","160.19K","2.21%"
"19/07/2021","1,483.69","1,505.55","1,521.06","1,476.02","226.07K","-3.84%"
"16/07/2021","1,542.86","1,551.04","1,554.10","1,533.93","128.88K","-0.21%"
"15/07/2021","1,546.06","1,519.08","1,546.06","1,508.90","117.09K","1.78%"
"14/07/2021","1,519.08","1,533.03","1,551.14","1,495.90","173.25K","-0.91%"
"13/07/2021","1,533.03","1,512.14","1,533.03","1,502.07","159.99K","1.38%"
"12/07/2021","1,512.14","1,567.33","1,567.33","1,479.79","252.83K","-3.52%"
"09/07/2021","1,567.33","1,599.36","1,602.45","1,550.42","235.64K","-2.00%"
"08/07/2021","1,599.36","1,612.48","1,624.91","1,589.92","163.96K","-0.81%"
"07/07/2021","1,612.48","1,613.93","1,620.10","1,572.66","216.39K","-0.09%"
"06/07/2021","1,613.93","1,685.02","1,688.48","1,613.93","234.39K","-4.22%"
"05/07/2021","1,685.02","1,704.68","1,704.68","1,668.26","237.26K","-1.15%"
"02/07/2021","1,704.68","1,700.93","1,711.10","1,700.33","199.17K","0.22%"
"01/07/2021","1,700.93","1,683.89","1,701.63","1,673.18","224.01K","1.01%"
"30/06/2021","1,683.89","1,691.90","1,694.31","1,682.67","167.72K","-0.47%"
"29/06/2021","1,691.90","1,694.70","1,704.25","1,686.58","189.06K","-0.17%"
"28/06/2021","1,694.77","1,675.33","1,696.02","1,675.33","208.53K","1.19%"
"25/06/2021","1,674.89","1,665.37","1,674.94","1,649.67","183.66K","0.56%"
"24/06/2021","1,665.64","1,673.97","1,678.53","1,660.52","185.38K","-0.50%"
"23/06/2021","1,673.97","1,693.95","1,694.40","1,668.41","233.70K","-1.18%"
"22/06/2021","1,693.88","1,695.27","1,704.99","1,691.07","243.94K","-0.06%"
"21/06/2021","1,694.92","1,707.54","1,711.58","1,687.61","278.13K","-0.60%"
"18/06/2021","1,705.13","1,686.41","1,708.87","1,686.41","314.30K","1.14%"
"17/06/2021","1,685.98","1,661.63","1,686.76","1,641.25","285.29K","1.47%"
"16/06/2021","1,661.63","1,668.07","1,676.91","1,651.42","260.18K","-0.40%"
"15/06/2021","1,668.28","1,646.07","1,671.84","1,646.07","249.27K","1.35%"
"14/06/2021","1,646.12","1,625.99","1,656.94","1,625.99","248.88K","1.21%"
"11/06/2021","1,626.36","1,603.83","1,635.39","1,603.83","202.37K","1.42%"
"10/06/2021","1,603.59","1,603.55","1,611.99","1,592.39","228.59K","-0.03%"
"09/06/2021","1,604.12","1,594.40","1,615.96","1,563.37","251.06K","0.55%"
"08/06/2021","1,595.28","1,647.97","1,657.15","1,593.67","275.21K","-3.26%"
"07/06/2021","1,649.12","1,665.05","1,675.44","1,627.88","270.89K","-0.95%"
"04/06/2021","1,664.93","1,639.84","1,665.32","1,639.84","276.52K","1.53%"
"03/06/2021","1,639.84","1,599.51","1,644.17","1,599.51","251.20K","2.62%"
"02/06/2021","1,597.94","1,589.81","1,597.94","1,577.10","252.08K","0.51%"
"01/06/2021","1,589.81","1,591.14","1,607.89","1,589.17","151.69K","-0.08%"
"31/05/2021","1,591.03","1,574.67","1,591.03","1,553.73","181.01K","1.04%"
"28/05/2021","1,574.70","1,550.33","1,575.00","1,546.14","190.31K","1.61%"
"27/05/2021","1,549.69","1,548.52","1,568.39","1,542.65","198.50K","0.06%"
"26/05/2021","1,548.69","1,537.70","1,551.37","1,533.29","200.16K","0.69%"
"25/05/2021","1,538.01","1,525.05","1,544.80","1,525.05","197.47K","0.86%"
"24/05/2021","1,524.87","1,497.47","1,528.38","1,497.47","215.08K","1.87%"
"21/05/2021","1,496.83","1,476.62","1,505.58","1,472.58","168.07K","1.37%"
"20/05/2021","1,476.66","1,485.72","1,487.16","1,473.65","184.19K","-0.62%"
"19/05/2021","1,485.85","1,481.82","1,488.88","1,476.87","170.72K","0.27%"
"18/05/2021","1,481.82","1,496.77","1,498.02","1,478.01","186.79K","-1.02%"
"17/05/2021","1,497.09","1,511.92","1,519.88","1,491.50","194.33K","-0.98%"
"14/05/2021","1,511.91","1,509.70","1,517.42","1,504.99","190.33K","0.19%"
"13/05/2021","1,509.11","1,511.17","1,524.14","1,505.77","181.13K","-0.14%"
"12/05/2021","1,511.22","1,490.53","1,511.48","1,487.71","186.35K","1.39%"
"11/05/2021","1,490.47","1,475.69","1,507.83","1,475.69","205.31K","1.02%"
"10/05/2021","1,475.43","1,469.56","1,479.19","1,455.32","168.76K","0.38%"
"07/05/2021","1,469.85","1,485.00","1,489.27","1,459.60","203.00K","-1.05%"
"06/05/2021","1,485.43","1,488.96","1,507.00","1,485.38","206.47K","-0.23%"
"05/05/2021","1,488.86","1,467.95","1,498.83","1,467.95","156.42K","1.42%"
"04/05/2021","1,467.95","1,482.27","1,482.27","1,443.53","216.14K","-1.05%"
"29/04/2021","1,483.59","1,479.58","1,485.78","1,474.02","150.88K","0.28%"
"28/04/2021","1,479.48","1,458.46","1,479.48","1,453.23","157.14K","1.44%"
"27/04/2021","1,458.46","1,460.10","1,464.25","1,441.96","173.26K","-0.10%"
"26/04/2021","1,459.96","1,491.78","1,499.49","1,453.40","239.77K","-2.13%"
"23/04/2021","1,491.74","1,455.82","1,492.00","1,438.27","200.66K","2.47%"
"22/04/2021","1,455.83","1,519.88","1,519.88","1,455.74","245.14K","-4.25%"
"20/04/2021","1,520.51","1,532.45","1,539.94","1,510.15","232.43K","-0.78%"
"19/04/2021","1,532.45","1,515.20","1,532.75","1,505.05","273.60K","1.14%"
"16/04/2021","1,515.25","1,530.99","1,539.98","1,497.52","365.32K","-1.16%"
"15/04/2021","1,533.11","1,539.45","1,553.55","1,532.35","242.15K","-0.40%"
"14/04/2021","1,539.27","1,517.45","1,539.27","1,494.99","300.94K","1.36%"
"13/04/2021","1,518.55","1,543.04","1,556.58","1,517.92","342.92K","-1.59%"
"12/04/2021","1,543.04","1,521.55","1,543.08","1,521.55","280.48K","1.49%"
"09/04/2021","1,520.32","1,516.40","1,522.98","1,514.19","238.35K","0.21%"
"08/04/2021","1,517.09","1,512.79","1,521.21","1,505.66","228.44K","0.29%"
"07/04/2021","1,512.75","1,499.94","1,512.75","1,495.57","204.60K","0.85%"
"06/04/2021","1,500.01","1,495.78","1,502.53","1,490.87","192.82K","0.28%"
"05/04/2021","1,495.87","1,491.61","1,508.94","1,487.61","180.19K","0.55%"
"02/04/2021","1,487.64","1,482.72","1,496.11","1,478.83","192.56K","0.33%"
"01/04/2021","1,482.72","1,462.87","1,482.72","1,462.73","197.48K","1.36%"
"31/03/2021","1,462.87","1,458.82","1,472.25","1,452.72","244.99K","0.28%"
"30/03/2021","1,458.74","1,437.87","1,458.74","1,437.87","227.17K","1.44%"
"29/03/2021","1,437.98","1,414.48","1,437.98","1,414.48","208.37K","1.67%"
"26/03/2021","1,414.33","1,417.62","1,418.68","1,367.05","243.48K","-0.30%"
"25/03/2021","1,418.62","1,419.09","1,426.68","1,403.82","216.47K","-0.03%"
"24/03/2021","1,419.09","1,451.57","1,451.57","1,406.69","224.15K","-2.36%"
"23/03/2021","1,453.42","1,470.82","1,470.82","1,438.57","234.18K","-1.19%"
"22/03/2021","1,470.90","1,475.68","1,485.14","1,462.16","227.35K","-0.32%"
"19/03/2021","1,475.68","1,460.15","1,475.68","1,456.99","219.75K","1.04%"
"18/03/2021","1,460.46","1,446.21","1,462.06","1,446.21","197.23K","0.99%"
"17/03/2021","1,446.13","1,446.57","1,448.47","1,440.68","221.20K","-0.02%"
"16/03/2021","1,446.41","1,443.54","1,450.13","1,431.18","226.25K","0.20%"
"15/03/2021","1,443.46","1,438.24","1,448.44","1,436.43","218.04K","0.36%"
"12/03/2021","1,438.22","1,439.00","1,445.84","1,433.17","195.44K","-0.05%"
"11/03/2021","1,439.00","1,427.58","1,441.23","1,427.58","193.99K","0.83%"
"10/03/2021","1,427.20","1,416.47","1,427.20","1,408.06","195.74K","0.78%"
"09/03/2021","1,416.15","1,411.53","1,421.36","1,392.15","191.78K","0.33%"
"08/03/2021","1,411.53","1,399.48","1,418.30","1,399.48","196.98K","1.01%"
"05/03/2021","1,397.41","1,395.38","1,397.41","1,367.94","168.68K","0.15%"
"04/03/2021","1,395.31","1,415.69","1,425.94","1,376.72","221.20K","-1.44%"
"03/03/2021","1,415.69","1,409.90","1,417.49","1,402.52","194.54K","0.41%"
"02/03/2021","1,409.90","1,416.54","1,427.14","1,406.76","175.03K","-0.37%"
"01/03/2021","1,415.12","1,384.64","1,415.25","1,384.64","186.44K","2.20%"
"26/02/2021","1,384.59","1,376.67","1,385.64","1,353.64","163.91K","0.57%"
"25/02/2021","1,376.75","1,375.89","1,385.56","1,362.80","152.91K","0.10%"
"24/02/2021","1,375.34","1,393.16","1,402.66","1,365.43","183.96K","-1.27%"
"23/02/2021","1,392.97","1,400.98","1,403.10","1,388.16","173.82K","-0.57%"
"22/02/2021","1,401.01","1,402.39","1,411.33","1,387.02","185.79K","-0.10%"
"19/02/2021","1,402.45","1,401.84","1,411.75","1,384.34","172.68K","0.03%"
"18/02/2021","1,401.99","1,379.69","1,403.09","1,375.33","225.63K","1.62%"
"17/02/2021","1,379.59","1,321.65","1,379.59","1,321.65","178.19K","4.39%"
"09/02/2021","1,321.59","1,291.63","1,321.59","1,276.70","164.66K","2.31%"
"08/02/2021","1,291.73","1,334.54","1,338.17","1,275.43","220.04K","-3.21%"
"05/02/2021","1,334.54","1,318.64","1,335.46","1,314.66","171.81K","1.21%"
"04/02/2021","1,318.64","1,308.46","1,328.83","1,300.48","169.24K","0.77%"
"03/02/2021","1,308.59","1,261.51","1,312.26","1,261.51","254.86K","3.76%"
"02/02/2021","1,261.19","1,238.04","1,261.76","1,207.06","215.95K","1.84%"
"01/02/2021","1,238.38","1,279.09","1,289.42","1,231.10","213.42K","-3.22%"
"29/01/2021","1,279.60","1,244.92","1,292.42","1,183.54","270.65K","2.58%"
"28/01/2021","1,247.41","1,331.35","1,331.35","1,243.64","198.57K","-6.37%"
"27/01/2021","1,332.28","1,381.84","1,383.48","1,320.71","255.19K","-3.65%"
"26/01/2021","1,382.81","1,421.78","1,430.03","1,364.28","253.21K","-2.74%"
"25/01/2021","1,421.80","1,403.24","1,430.15","1,396.91","219.75K","1.63%"
"22/01/2021","1,398.97","1,383.33","1,413.19","1,383.33","248.89K","1.11%"
"21/01/2021","1,383.57","1,340.04","1,383.98","1,337.26","205.92K","3.26%"
"20/01/2021","1,339.86","1,345.25","1,354.46","1,279.90","234.95K","-0.40%"
"19/01/2021","1,345.25","1,406.82","1,414.99","1,319.06","247.93K","-4.38%"
"18/01/2021","1,406.88","1,392.73","1,418.47","1,392.73","232.24K","1.03%"
"15/01/2021","1,392.58","1,382.45","1,395.76","1,382.45","253.02K","1.08%"
"14/01/2021","1,377.66","1,361.67","1,377.99","1,352.65","222.48K","1.17%"
"13/01/2021","1,361.67","1,369.56","1,376.65","1,357.27","231.10K","-0.60%"
"12/01/2021","1,369.84","1,349.81","1,369.84","1,341.59","210.23K","1.48%"
"11/01/2021","1,349.91","1,337.64","1,350.75","1,329.31","238.16K","0.96%"
"08/01/2021","1,337.14","1,330.51","1,349.73","1,326.06","231.62K","0.52%"
"07/01/2021","1,330.23","1,307.23","1,330.23","1,303.63","218.14K","1.76%"
"06/01/2021","1,307.23","1,308.37","1,321.59","1,302.54","214.91K","-0.06%"
"05/01/2021","1,308.05","1,294.87","1,314.91","1,291.47","206.59K","1.02%"
"04/01/2021","1,294.87","1,270.72","1,299.59","1,270.72","201.57K","2.31%"
"31/12/2020","1,265.67","1,252.53","1,266.02","1,249.73","165.30K","1.06%"
"30/12/2020","1,252.37","1,256.77","1,263.87","1,248.06","195.62K","-0.40%"
"29/12/2020","1,257.41","1,243.91","1,263.11","1,237.93","217.54K","0.96%"
"28/12/2020","1,245.40","1,233.76","1,252.02","1,233.33","237.01K","1.06%"
"25/12/2020","1,232.34","1,207.89","1,232.99","1,199.91","192.67K","2.05%"
"24/12/2020","1,207.64","1,220.66","1,226.58","1,166.14","230.80K","-1.03%"
"23/12/2020","1,220.21","1,228.63","1,241.91","1,215.99","231.48K","-0.71%"
"22/12/2020","1,228.90","1,202.71","1,229.15","1,199.95","235.00K","2.18%"
"21/12/2020","1,202.68","1,177.77","1,203.79","1,177.77","225.05K","2.13%"
"18/12/2020","1,177.56","1,156.70","1,179.20","1,156.04","181.03K","1.81%"
"17/12/2020","1,156.59","1,159.18","1,169.02","1,151.65","195.41K","-0.32%"
"16/12/2020","1,160.29","1,152.52","1,164.11","1,152.52","188.54K","0.68%"
"15/12/2020","1,152.50","1,147.34","1,158.39","1,141.46","232.77K","0.46%"
"14/12/2020","1,147.25","1,131.00","1,148.91","1,131.00","159.94K","1.44%"
"11/12/2020","1,130.92","1,118.97","1,131.05","1,114.15","145.51K","1.07%"
"10/12/2020","1,118.97","1,133.42","1,138.97","1,118.97","187.45K","-1.26%"
"09/12/2020","1,133.24","1,128.50","1,136.71","1,128.50","161.39K","0.42%"
"08/12/2020","1,128.50","1,123.25","1,130.66","1,120.08","189.54K","0.41%"
"07/12/2020","1,123.87","1,117.75","1,127.13","1,115.23","159.98K","0.55%"
"04/12/2020","1,117.70","1,113.82","1,121.48","1,111.00","186.90K","0.36%"
"03/12/2020","1,113.72","1,098.45","1,113.72","1,098.43","161.22K","1.38%"
"02/12/2020","1,098.51","1,093.72","1,102.88","1,093.72","145.93K","0.44%"
"01/12/2020","1,093.72","1,087.39","1,095.10","1,074.04","173.41K","0.52%"
"30/11/2020","1,088.10","1,087.17","1,097.07","1,087.01","148.41K","0.10%"
"27/11/2020","1,086.98","1,076.77","1,087.23","1,076.77","116.58K","0.95%"
"26/11/2020","1,076.79","1,074.28","1,078.09","1,068.69","128.46K","0.24%"
"25/11/2020","1,074.21","1,079.04","1,085.16","1,073.84","134.43K","-0.45%"
"24/11/2020","1,079.02","1,074.84","1,082.58","1,067.15","172.41K","0.40%"
"23/11/2020","1,074.75","1,071.56","1,076.75","1,065.04","141.22K","0.30%"
"20/11/2020","1,071.56","1,059.25","1,071.92","1,055.01","184.84K","1.17%"
"19/11/2020","1,059.21","1,060.36","1,064.25","1,054.35","164.10K","-0.09%"
"18/11/2020","1,060.15","1,052.54","1,060.16","1,051.63","145.59K","0.77%"
"17/11/2020","1,052.03","1,035.36","1,052.35","1,035.36","125.94K","1.62%"
"16/11/2020","1,035.28","1,044.21","1,050.63","1,034.54","170.94K","-0.82%"
"13/11/2020","1,043.86","1,036.83","1,046.55","1,036.54","164.74K","0.67%"
"12/11/2020","1,036.88","1,026.97","1,036.88","1,026.97","126.04K","0.99%"
"11/11/2020","1,026.69","1,023.93","1,031.02","1,022.68","138.20K","0.32%"
"10/11/2020","1,023.44","1,024.50","1,036.82","1,023.44","161.39K","-0.04%"
"09/11/2020","1,023.88","1,004.58","1,023.88","1,004.58","150.12K","1.93%"
"06/11/2020","1,004.54","1,000.04","1,004.54","997.23","99.68K","0.45%"
"05/11/2020","1,000.04","1,007.66","1,010.60","999.04","89.24K","-0.76%"
"04/11/2020","1,007.66","992.89","1,009.55","992.89","128.04K","1.49%"
"03/11/2020","992.89","984.36","993.33","984.36","95.15K","0.90%"
"02/11/2020","984.03","971.09","984.03","970.93","107.18K","1.30%"
"30/10/2020","971.39","968.17","974.51","962.23","87.12K","0.33%"
"29/10/2020","968.17","963.08","972.77","955.30","95.99K","0.52%"
"28/10/2020","963.20","980.44","982.25","963.20","130.02K","-2.28%"
"27/10/2020","985.69","994.96","995.16","983.90","118.88K","-0.96%"
"26/10/2020","995.27","1,009.77","1,013.36","995.27","122.53K","-1.44%"
"23/10/2020","1,009.77","1,007.83","1,013.08","1,006.41","107.74K","0.18%"
"22/10/2020","1,007.93","1,004.04","1,007.93","993.46","93.61K","0.39%"
"21/10/2020","1,004.04","1,016.81","1,020.43","1,003.86","117.65K","-1.24%"
"20/10/2020","1,016.64","1,011.00","1,016.64","1,007.39","106.91K","0.56%"
"19/10/2020","1,011.00","1,007.32","1,014.05","1,007.32","118.38K","0.37%"
"16/10/2020","1,007.25","1,007.83","1,012.21","999.87","133.97K","-0.04%"
"15/10/2020","1,007.70","1,009.19","1,015.11","1,006.48","163.07K","-0.17%"
"14/10/2020","1,009.40","1,008.13","1,012.53","1,007.34","108.94K","0.12%"
"13/10/2020","1,008.21","1,008.42","1,010.37","1,001.51","124.95K","-0.01%"
"12/10/2020","1,008.27","1,016.90","1,023.26","1,007.55","152.33K","-0.79%"
"09/10/2020","1,016.27","1,013.21","1,020.26","1,012.03","118.54K","0.30%"
"08/10/2020","1,013.22","1,020.15","1,023.09","1,007.37","166.47K","-0.63%"
"07/10/2020","1,019.68","1,024.61","1,027.87","1,017.72","172.65K","-0.49%"
"06/10/2020","1,024.66","1,020.19","1,026.16","1,017.18","174.84K","0.42%"
"05/10/2020","1,020.34","1,004.17","1,020.34","1,004.17","177.09K","1.65%"
"02/10/2020","1,003.78","1,004.32","1,008.06","982.08","190.22K","-0.06%"
"01/10/2020","1,004.34","989.02","1,004.34","989.02","119.92K","1.56%"
"30/09/2020","988.92","980.42","989.35","975.67","112.06K","0.87%"
"29/09/2020","980.39","991.52","996.65","980.26","169.63K","-1.12%"
"28/09/2020","991.46","983.25","991.46","983.25","141.97K","0.79%"
"25/09/2020","983.72","990.32","993.03","980.55","114.37K","-0.66%"
"24/09/2020","990.22","989.75","993.18","986.37","128.63K","0.00%"
"23/09/2020","990.18","985.59","992.45","985.59","120.64K","0.48%"
"22/09/2020","985.44","983.21","988.65","976.78","129.22K","0.20%"
"21/09/2020","983.52","982.53","989.02","982.53","127.96K","0.11%"
"18/09/2020","982.43","972.96","982.80","972.72","112.53K","0.97%"
"17/09/2020","973.01","973.13","976.77","966.32","147.77K","-0.01%"
"16/09/2020","973.13","968.75","973.23","967.62","122.02K","0.44%"
"15/09/2020","968.91","967.53","975.49","967.53","122.68K","0.17%"
"14/09/2020","967.30","959.10","967.76","959.03","141.82K","0.87%"
"11/09/2020","958.93","954.98","958.96","951.46","91.84K","0.40%"
"10/09/2020","955.08","949.67","958.50","949.67","96.97K","0.58%"
"09/09/2020","949.60","942.73","949.99","935.24","99.20K","0.68%"
"08/09/2020","943.23","935.88","943.35","934.87","78.98K","0.79%"
"07/09/2020","935.84","940.35","951.58","935.84","140.43K","-0.48%"
"04/09/2020","940.35","939.76","940.64","926.12","104.50K","-0.01%"
"03/09/2020","940.48","933.88","940.54","933.14","107.38K","0.70%"
"01/09/2020","933.98","919.66","933.98","919.35","104.30K","1.55%"
"31/08/2020","919.69","927.76","932.28","919.20","110.28K","-0.83%"
"28/08/2020","927.42","931.08","934.89","927.42","105.57K","-0.38%"
"27/08/2020","931.00","924.61","931.00","923.51","104.27K","0.69%"
"26/08/2020","924.59","919.75","926.35","916.86","117.62K","0.54%"
"25/08/2020","919.61","916.57","923.06","914.58","111.32K","0.36%"
"24/08/2020","916.35","907.26","918.34","907.26","115.00K","1.07%"
"21/08/2020","906.66","893.51","906.66","893.36","92.91K","1.47%"
"20/08/2020","893.53","894.51","897.52","889.76","82.70K","-0.10%"
"19/08/2020","894.45","886.48","895.01","885.56","85.47K","0.88%"
"18/08/2020","886.61","882.22","889.79","882.22","76.93K","0.50%"
"17/08/2020","882.16","877.66","882.16","869.31","73.21K","0.50%"
"14/08/2020","877.74","883.97","887.43","874.11","97.78K","-0.71%"
"13/08/2020","884.01","877.29","885.45","877.29","81.64K","0.78%"
"12/08/2020","877.16","876.10","879.80","872.49","80.89K","0.12%"
"11/08/2020","876.10","874.29","878.20","871.56","81.73K","0.21%"
"10/08/2020","874.26","866.79","879.37","866.79","101.20K","0.86%"
"07/08/2020","866.79","863.03","866.79","858.48","83.36K","0.42%"
"06/08/2020","863.16","864.41","867.99","856.76","80.55K","-0.14%"
"05/08/2020","864.41","852.32","865.28","847.10","85.80K","1.42%"
"04/08/2020","852.31","837.43","854.72","837.43","80.61K","1.78%"
"03/08/2020","837.39","817.11","837.39","817.11","80.96K","2.48%"
"31/07/2020","817.11","824.97","824.97","812.71","87.29K","-0.95%"
"30/07/2020","824.98","819.02","827.66","818.51","52.67K","0.76%"
"29/07/2020","818.72","839.14","839.14","798.39","113.04K","-2.44%"
"28/07/2020","839.22","809.18","839.25","807.58","104.82K","3.70%"
"27/07/2020","809.24","853.65","853.65","805.43","135.26K","-5.20%"
"24/07/2020","853.65","885.98","885.98","839.69","157.62K","-3.65%"
"23/07/2020","885.98","891.26","891.26","879.03","69.58K","-0.61%"
"22/07/2020","891.42","896.54","900.40","887.08","72.48K","-0.56%"
"21/07/2020","896.47","896.10","899.32","888.58","86.67K","0.04%"
"20/07/2020","896.14","906.23","907.70","896.14","100.15K","-1.11%"
"17/07/2020","906.23","906.83","908.63","904.24","85.78K","-0.06%"
"16/07/2020","906.73","906.82","909.44","904.59","78.24K","0.00%"
"15/07/2020","906.70","907.39","913.18","906.70","79.83K","-0.07%"
"14/07/2020","907.38","902.74","907.38","898.01","66.26K","0.50%"
"13/07/2020","902.88","902.41","911.36","899.88","69.38K","0.05%"
"10/07/2020","902.42","900.91","905.60","897.63","84.77K","0.17%"
"09/07/2020","900.90","886.65","900.96","886.65","87.15K","1.60%"
"08/07/2020","886.70","882.01","887.26","880.97","66.24K","0.53%"
"07/07/2020","882.01","885.85","890.02","881.67","113.85K","-0.41%"
"06/07/2020","885.65","880.89","887.06","880.40","56.53K","0.66%"
"03/07/2020","879.82","876.22","881.68","876.22","63.28K","0.42%"
"02/07/2020","876.12","875.04","878.81","871.23","78.30K","0.14%"
"01/07/2020","874.92","860.13","876.09","855.25","99.12K","1.71%"
"30/06/2020","860.21","866.13","874.14","848.17","117.58K","-0.69%"
"29/06/2020","866.21","890.64","890.64","857.41","122.71K","-2.74%"
"26/06/2020","890.64","894.13","901.07","883.64","112.53K","-0.39%"
"25/06/2020","894.10","895.15","895.15","879.33","113.19K","-0.14%"
"24/06/2020","895.36","909.60","910.05","891.70","136.17K","-1.50%"
"23/06/2020","908.95","906.79","914.80","900.93","148.98K","0.26%"
"22/06/2020","906.60","898.73","908.57","898.73","131.14K","0.88%"
"19/06/2020","898.70","879.19","898.70","878.70","133.15K","2.23%"
"18/06/2020","879.08","878.20","879.29","868.30","68.99K","0.11%"
"17/06/2020","878.12","882.45","884.92","873.14","94.20K","-0.41%"
"16/06/2020","881.74","864.02","881.74","864.02","110.90K","2.06%"
"15/06/2020","863.93","892.78","897.68","862.02","162.33K","-3.00%"
"12/06/2020","890.69","886.27","890.69","851.72","182.89K","0.20%"
"11/06/2020","888.92","928.22","938.80","888.56","234.91K","-4.19%"
"10/06/2020","927.83","919.23","929.90","908.69","198.82K","1.03%"
"09/06/2020","918.37","919.09","923.89","914.24","145.54K","-0.08%"
"08/06/2020","919.06","901.52","923.60","901.52","169.09K","1.98%"
"05/06/2020","901.22","885.98","901.22","879.79","143.66K","1.72%"
"04/06/2020","885.98","879.48","890.40","879.48","137.53K","0.74%"
"03/06/2020","879.51","868.72","879.84","868.26","103.78K","1.22%"
"02/06/2020","868.94","877.19","884.00","868.34","179.13K","-0.86%"
"01/06/2020","876.48","862.50","877.12","862.50","108.82K","1.62%"
"29/05/2020","862.52","857.44","863.12","854.00","97.39K","0.66%"
"28/05/2020","856.87","855.95","861.00","851.29","90.91K","0.11%"
"27/05/2020","855.96","870.67","877.91","855.96","134.08K","-1.69%"
"26/05/2020","870.64","854.73","870.78","854.73","121.91K","1.86%"
"25/05/2020","854.73","839.60","854.73","839.60","92.51K","1.81%"
"22/05/2020","839.56","844.37","850.07","839.56","94.29K","-0.57%"
"21/05/2020","844.37","845.06","850.89","843.89","83.20K","-0.06%"
"20/05/2020","844.91","844.27","846.74","840.86","77.38K","0.08%"
"19/05/2020","844.27","835.29","847.65","835.29","99.83K","1.08%"
"18/05/2020","835.25","831.14","836.03","823.70","74.63K","0.45%"
"15/05/2020","831.52","838.48","845.35","826.57","93.40K","-1.09%"
"14/05/2020","840.70","840.75","846.51","832.50","99.05K","0.36%"
"13/05/2020","837.65","827.74","843.11","818.50","110.55K","1.20%"
"12/05/2020","827.70","808.35","827.77","804.17","105.09K","2.39%"
"11/05/2020","808.35","795.01","808.35","795.01","87.45K","1.68%"
"08/05/2020","794.98","793.13","803.25","793.13","104.71K","0.25%"
"07/05/2020","792.98","785.70","793.25","785.70","70.36K","0.93%"
"06/05/2020","785.70","775.93","785.73","775.93","64.61K","1.30%"
"05/05/2020","775.63","769.59","775.64","766.20","55.28K","0.78%"
"04/05/2020","769.63","781.04","781.04","768.45","106.89K","-1.59%"
"29/04/2020","782.04","776.65","782.96","776.65","71.25K","0.67%"
"28/04/2020","776.86","774.06","780.03","770.89","71.38K","0.35%"
"27/04/2020","774.12","769.46","776.90","769.46","95.04K","0.66%"
"24/04/2020","769.07","766.38","769.57","760.39","92.92K","0.35%"
"23/04/2020","766.38","763.68","777.47","763.68","63.50K","0.45%"
"22/04/2020","762.98","753.11","763.00","735.89","69.81K","1.28%"
"21/04/2020","753.35","782.11","782.11","747.75","130.86K","-3.88%"
"20/04/2020","783.73","776.26","787.23","773.15","121.41K","0.97%"
"17/04/2020","776.21","760.79","777.17","760.79","91.11K","2.07%"
"16/04/2020","760.50","753.11","761.60","745.70","79.56K","1.00%"
"15/04/2020","752.98","736.69","754.49","736.69","83.22K","2.23%"
"14/04/2020","736.56","735.61","739.60","726.31","70.74K","0.13%"
"13/04/2020","735.61","731.12","739.72","730.29","62.02K","0.66%"
"10/04/2020","730.78","732.76","734.77","724.67","72.50K","-0.30%"
"09/04/2020","733.00","723.93","736.66","723.93","82.72K","1.28%"
"08/04/2020","723.73","720.02","724.25","702.76","74.02K","0.72%"
"07/04/2020","718.53","710.93","723.53","706.50","88.77K","1.07%"
"06/04/2020","710.90","682.74","711.11","682.74","75.93K","4.19%"
"03/04/2020","682.34","669.60","683.57","669.38","51.96K","1.90%"
"01/04/2020","669.60","657.05","671.59","651.10","70.81K","1.71%"
"31/03/2020","658.37","669.57","675.61","644.88","69.26K","-1.62%"
"30/03/2020","669.23","692.71","692.71","662.06","52.84K","-3.49%"
"27/03/2020","693.45","700.83","702.39","689.58","55.32K","-1.05%"
"26/03/2020","700.83","714.10","714.10","700.83","48.09K","-1.93%"
"25/03/2020","714.60","697.35","715.31","697.35","52.88K","2.55%"
"24/03/2020","696.84","700.49","700.49","682.69","62.43K","-0.46%"
"23/03/2020","700.05","739.18","739.18","696.17","75.87K","-5.29%"
"20/03/2020","739.19","745.98","745.98","730.61","46.60K","-0.91%"
"19/03/2020","745.98","759.95","759.95","734.32","73.09K","-1.86%"
"18/03/2020","760.08","756.11","762.94","754.12","67.39K","0.52%"
"17/03/2020","756.13","743.72","756.13","722.90","59.89K","1.65%"
"16/03/2020","743.84","749.82","750.11","734.94","77.55K","-0.79%"
"13/03/2020","749.76","764.26","764.26","722.24","86.63K","-1.97%"
"12/03/2020","764.82","804.68","804.68","756.23","104.51K","-5.00%"
"11/03/2020","805.06","826.28","831.37","791.82","71.94K","-2.56%"
"10/03/2020","826.17","823.84","828.78","799.03","66.05K","0.00%"
"09/03/2020","826.13","876.93","876.93","823.24","78.59K","-5.83%"
"06/03/2020","877.30","877.65","877.65","869.38","51.80K","-0.04%"
"05/03/2020","877.69","877.64","883.96","876.46","70.01K","0.01%"
"04/03/2020","877.61","872.39","878.06","867.99","78.58K","0.58%"
"03/03/2020","872.51","863.31","872.84","863.31","55.57K","1.14%"
"02/03/2020","862.68","859.75","862.68","854.77","43.01K","0.36%"
"28/02/2020","859.57","872.27","872.27","851.52","56.54K","-1.57%"
"27/02/2020","873.28","869.76","873.57","864.70","34.66K","0.40%"
"26/02/2020","869.77","879.20","879.20","864.34","36.36K","-1.12%"
"25/02/2020","879.63","875.52","879.63","856.54","53.10K","0.45%"
"24/02/2020","875.69","907.99","907.99","872.94","89.31K","-3.58%"
"21/02/2020","908.18","911.57","913.65","905.69","49.54K","-0.37%"
"20/02/2020","911.57","906.28","911.69","906.28","55.53K","0.58%"
"19/02/2020","906.28","906.14","907.29","903.44","50.00K","0.02%"
"18/02/2020","906.14","904.87","907.39","901.16","48.18K","0.14%"
"17/02/2020","904.87","908.19","909.16","902.89","41.41K","-0.37%"
"14/02/2020","908.22","907.24","908.22","902.33","40.45K","0.12%"
"13/02/2020","907.10","906.06","907.77","901.72","42.13K","0.11%"
"12/02/2020","906.11","895.55","906.11","895.55","52.78K","1.17%"
"11/02/2020","895.63","890.90","895.63","890.59","40.27K","0.53%"
"10/02/2020","890.90","895.25","895.25","885.54","38.65K","-0.39%"
"07/02/2020","894.38","892.24","899.70","890.84","45.60K","0.24%"
"06/02/2020","892.24","875.18","892.24","874.53","57.39K","1.95%"
"05/02/2020","875.18","872.33","877.52","869.84","48.01K","0.35%"
"04/02/2020","872.09","876.65","880.96","864.32","55.66K","-0.51%"
"03/02/2020","876.59","896.47","896.47","852.39","88.90K","-2.22%"
"31/01/2020","896.47","922.46","922.46","896.32","63.64K","-2.85%"
"30/01/2020","922.78","942.70","942.70","917.35","52.71K","-2.11%"
"22/01/2020","942.66","935.47","942.66","934.47","38.31K","0.78%"
"21/01/2020","935.39","929.07","935.39","926.08","34.69K","0.68%"
"20/01/2020","929.07","932.37","934.06","927.92","32.21K","-0.36%"
"17/01/2020","932.44","934.75","937.33","932.35","34.43K","-0.25%"
"16/01/2020","934.75","933.09","935.27","931.96","39.43K","0.18%"
"15/01/2020","933.09","928.05","933.29","928.03","36.83K","0.46%"
"14/01/2020","928.83","920.11","928.84","919.05","40.09K","0.94%"
"13/01/2020","920.15","922.47","924.12","918.75","39.20K","-0.25%"
"10/01/2020","922.47","920.89","922.73","918.70","41.22K","0.18%"
"09/01/2020","920.83","913.99","921.50","913.96","43.57K","0.75%"
"08/01/2020","913.99","928.52","928.52","910.62","61.45K","-1.59%"
"07/01/2020","928.73","928.85","931.15","925.84","38.60K","-0.01%"
"06/01/2020","928.85","930.39","930.42","924.04","50.69K","-0.16%"
"03/01/2020","930.37","931.18","936.83","927.63","47.33K","-0.09%"
"02/01/2020","931.18","928.87","931.71","926.23","39.45K","0.25%"
"31/12/2019","928.87","929.30","929.30","924.29","41.46K","-0.07%"
"30/12/2019","929.53","929.61","932.21","925.98","48.42K","-0.01%"
"27/12/2019","929.61","927.69","929.61","923.81","42.10K","0.18%"
"26/12/2019","927.94","928.13","931.20","925.73","50.94K","-0.02%"
"25/12/2019","928.13","924.12","928.31","922.84","51.13K","0.43%"
"24/12/2019","924.12","923.89","925.22","919.85","45.85K","0.03%"
"23/12/2019","923.81","925.13","926.99","921.91","48.89K","0.13%"
"20/12/2019","922.58","924.73","927.71","921.92","46.64K","-0.24%"
"19/12/2019","924.84","929.28","930.71","923.17","36.94K","-0.50%"
"18/12/2019","929.53","936.36","936.36","927.45","40.98K","-0.73%"
"17/12/2019","936.36","942.81","944.23","932.60","74.77K","-0.68%"
"16/12/2019","942.81","941.49","943.40","938.76","55.82K","0.13%"
"13/12/2019","941.60","944.74","947.50","939.34","42.10K","-0.33%"
"12/12/2019","944.73","938.24","944.73","936.00","43.22K","0.69%"
"11/12/2019","938.24","939.59","941.16","934.20","40.54K","-0.19%"
"10/12/2019","940.02","945.34","946.57","935.86","43.14K","-0.57%"
"09/12/2019","945.38","945.11","947.84","941.33","42.59K","0.03%"
"06/12/2019","945.06","943.44","945.32","941.63","29.88K","0.17%"
"05/12/2019","943.48","945.32","948.32","941.01","44.03K","-0.18%"
"04/12/2019","945.22","939.29","945.22","936.39","37.32K","0.63%"
"03/12/2019","939.28","942.17","942.86","935.45","46.22K","-0.28%"
"02/12/2019","941.91","951.23","954.22","938.96","48.85K","-0.89%"
"29/11/2019","950.38","947.39","950.74","944.92","35.39K","0.32%"
"28/11/2019","947.36","952.21","953.89","944.60","39.95K","-0.50%"
"27/11/2019","952.10","949.88","952.10","948.49","46.20K","0.23%"
"26/11/2019","949.88","948.68","956.40","945.74","44.62K","0.13%"
"25/11/2019","948.68","954.74","956.43","946.99","50.23K","-0.65%"
"22/11/2019","954.84","966.92","968.37","952.07","68.61K","-1.25%"
"21/11/2019","966.92","969.82","970.64","964.51","47.40K","-0.30%"
"20/11/2019","969.82","966.82","969.82","966.82","62.02K","0.31%"
"19/11/2019","966.82","962.76","966.82","961.41","38.00K","0.42%"
"18/11/2019","962.76","966.85","969.62","960.53","48.91K","-0.36%"
"15/11/2019","966.22","969.00","971.17","966.22","52.43K","-0.29%"
"14/11/2019","969.07","970.09","972.04","965.58","48.93K","-0.11%"
"13/11/2019","970.09","972.40","975.31","968.61","48.15K","-0.22%"
"12/11/2019","972.22","971.20","974.49","970.39","53.41K","0.12%"
"11/11/2019","971.07","974.31","975.52","969.69","44.81K","-0.33%"
"08/11/2019","974.28","975.09","977.82","973.74","46.83K","-0.08%"
"07/11/2019","975.09","976.19","978.13","973.90","50.79K","-0.12%"
"06/11/2019","976.31","974.29","977.92","972.11","64.07K","0.21%"
"05/11/2019","974.29","971.03","974.29","971.03","57.28K","0.34%"
"04/11/2019","971.03","969.93","972.78","969.02","65.01K","0.12%"
"01/11/2019","969.88","968.49","969.88","965.05","67.07K","0.14%"
"31/10/2019","968.48","978.12","978.14","967.48","63.38K","-0.99%"
"30/10/2019","978.12","972.83","978.12","972.31","56.83K","0.53%"
"29/10/2019","972.95","976.70","978.57","970.85","70.92K","-0.38%"
"28/10/2019","976.69","974.63","979.94","974.49","48.04K","0.20%"
"25/10/2019","974.75","977.43","978.62","973.40","40.68K","-0.27%"
"24/10/2019","977.43","970.78","977.43","970.78","45.77K","0.68%"
"23/10/2019","970.82","973.54","974.73","969.88","56.97K","-0.28%"
"22/10/2019","973.54","975.94","976.82","971.37","88.02K","-0.24%"
"21/10/2019","975.84","980.76","981.93","973.92","51.50K","-0.38%"
"18/10/2019","979.60","981.10","984.73","978.10","53.17K","-0.15%"
"17/10/2019","981.06","978.77","981.06","976.55","59.63K","0.23%"
"16/10/2019","978.78","980.84","984.19","978.21","66.38K","-0.21%"
"15/10/2019","980.84","979.85","980.98","977.75","40.12K","0.10%"
"14/10/2019","979.85","978.88","984.22","977.69","44.66K","0.11%"
"11/10/2019","978.82","977.99","981.71","975.53","41.19K","0.09%"
"10/10/2019","977.96","977.75","980.16","976.12","44.72K","0.02%"
"09/10/2019","977.75","977.71","979.02","975.41","37.39K","0.01%"
"08/10/2019","977.67","976.33","977.78","972.11","43.54K","0.16%"
"07/10/2019","976.07","982.50","984.50","974.92","54.22K","-0.63%"
"04/10/2019","982.29","985.27","989.14","981.11","50.25K","-0.30%"
"03/10/2019","985.27","983.79","985.27","976.58","44.97K","0.14%"
"02/10/2019","983.87","987.03","989.19","982.38","49.69K","-0.32%"
"01/10/2019","987.03","983.26","987.03","981.72","49.06K","0.39%"
"30/09/2019","983.22","981.93","987.63","981.93","56.34K","0.09%"
"27/09/2019","982.33","980.81","984.00","980.29","48.77K","0.15%"
"26/09/2019","980.81","975.62","981.26","975.62","41.88K","0.53%"
"25/09/2019","975.63","974.24","977.01","971.99","39.21K","0.13%"
"24/09/2019","974.35","970.50","974.35","968.92","39.65K","0.40%"
"23/09/2019","970.50","975.45","979.22","968.92","41.43K","-0.51%"
"20/09/2019","975.45","980.77","982.68","975.45","57.94K","-0.55%"
"19/09/2019","980.87","979.68","981.07","976.92","44.38K","0.09%"
"18/09/2019","979.95","980.51","983.52","978.37","44.61K","-0.06%"
"17/09/2019","980.54","975.23","980.74","971.94","50.89K","0.54%"
"16/09/2019","975.23","970.00","975.23","969.63","46.57K","0.54%"
"13/09/2019","970.00","964.07","970.26","963.51","40.15K","0.60%"
"12/09/2019","964.19","957.38","965.19","957.38","43.78K","0.71%"
"11/09/2019","957.38","952.00","957.38","949.79","35.69K","0.52%"
"10/09/2019","952.47","954.88","958.75","944.63","47.35K","-0.33%"
"09/09/2019","955.67","958.04","958.94","954.06","38.76K","-0.24%"
"06/09/2019","957.97","958.19","960.32","955.71","34.96K","0.03%"
"05/09/2019","957.66","958.63","963.71","955.69","39.37K","-0.10%"
"04/09/2019","958.59","957.77","958.59","946.90","43.34K","-0.06%"
"03/09/2019","959.18","973.52","974.92","959.18","40.26K","-1.45%"
"30/08/2019","973.33","968.74","974.82","968.74","44.89K","0.47%"
"29/08/2019","968.74","963.49","968.77","962.70","42.52K","0.54%"
"28/08/2019","963.51","963.72","966.34","961.72","37.91K","-0.03%"
"27/08/2019","963.79","962.15","968.23","961.44","45.96K","0.20%"
"26/08/2019","961.91","966.54","966.54","957.36","47.95K","-0.48%"
"23/08/2019","966.57","968.61","969.61","963.68","36.46K","-0.29%"
"22/08/2019","969.36","968.91","973.27","967.49","45.24K","0.04%"
"21/08/2019","969.01","968.99","971.45","968.10","50.84K","0.00%"
"20/08/2019","968.99","964.09","968.99","964.07","44.52K","0.53%"
"19/08/2019","963.90","963.78","969.08","959.41","38.50K","0.02%"
"16/08/2019","963.73","956.58","966.86","956.39","46.43K","0.75%"
"15/08/2019","956.60","957.36","957.36","942.86","47.43K","-0.10%"
"14/08/2019","957.58","957.86","962.86","956.43","46.73K","-0.03%"
"13/08/2019","957.86","963.50","963.86","952.87","47.93K","-0.59%"
"12/08/2019","963.50","964.94","966.45","960.54","48.06K","-0.14%"
"09/08/2019","964.85","958.30","966.94","958.11","54.01K","0.68%"
"08/08/2019","958.32","949.90","958.32","948.00","59.54K","0.89%"
"07/08/2019","949.90","950.19","955.76","945.46","54.75K","-0.03%"
"06/08/2019","950.15","956.43","956.43","940.34","71.85K","-0.81%"
"05/08/2019","957.94","960.05","962.36","951.99","53.70K","-0.22%"
"02/08/2019","960.08","962.44","962.44","955.09","49.59K","-0.24%"
"01/08/2019","962.41","957.22","962.43","956.01","51.92K","0.55%"
"31/07/2019","957.15","955.65","957.15","949.79","48.30K","0.16%"
"30/07/2019","955.64","962.26","965.23","954.24","50.00K","-0.68%"
"29/07/2019","962.18","965.32","966.66","959.97","36.72K","-0.33%"
"26/07/2019","965.32","968.94","970.37","964.09","38.22K","-0.37%"
"25/07/2019","968.94","967.04","969.22","965.94","44.43K","0.14%"
"24/07/2019","967.56","969.32","971.15","964.50","44.05K","-0.18%"
"23/07/2019","969.32","968.94","971.55","967.95","44.13K","0.03%"
"22/07/2019","969.02","974.13","974.16","966.43","46.85K","-0.53%"
"19/07/2019","974.15","973.54","978.50","973.50","52.46K","0.06%"
"18/07/2019","973.54","974.76","975.67","970.27","38.83K","-0.13%"
"17/07/2019","974.84","969.27","974.84","968.29","47.49K","0.58%"
"16/07/2019","969.25","972.84","977.25","968.50","49.65K","-0.36%"
"15/07/2019","972.80","973.73","975.39","970.69","40.03K","-0.10%"
"12/07/2019","973.73","975.35","977.77","973.55","43.39K","-0.18%"
"11/07/2019","975.53","973.61","976.87","973.61","51.56K","0.19%"
"10/07/2019","973.69","973.78","975.88","971.11","40.14K","0.01%"
"09/07/2019","973.60","972.11","974.35","969.11","43.14K","0.16%"
"08/07/2019","972.04","972.83","974.90","968.30","42.58K","-0.08%"
"05/07/2019","972.83","971.87","975.20","971.72","42.57K","0.11%"
"04/07/2019","971.79","965.11","973.12","965.11","47.68K","0.69%"
"03/07/2019","965.11","965.48","966.98","963.58","35.14K","-0.05%"
"02/07/2019","965.55","969.49","970.47","963.70","32.33K","-0.31%"
"01/07/2019","968.52","964.01","970.04","964.01","40.13K","0.47%"
"28/06/2019","964.01","956.55","964.01","949.84","42.44K","0.77%"
"27/06/2019","956.60","962.37","964.49","955.06","43.47K","-0.67%"
"26/06/2019","963.04","966.13","966.80","962.72","41.20K","-0.32%"
"25/06/2019","966.13","964.69","966.13","961.46","42.01K","0.15%"
"24/06/2019","964.69","965.69","969.37","962.65","34.72K","-0.10%"
"21/06/2019","965.69","967.60","972.00","965.69","38.07K","-0.20%"
"20/06/2019","967.60","961.03","967.70","961.03","39.00K","0.68%"
"19/06/2019","961.03","954.82","964.41","954.82","37.68K","0.58%"
"18/06/2019","955.50","958.23","964.35","953.38","31.24K","-0.58%"
"17/06/2019","961.09","967.41","968.51","959.80","30.75K","-0.65%"
"14/06/2019","967.35","967.46","970.90","965.81","35.20K","-0.02%"
"13/06/2019","967.59","969.06","969.28","963.36","33.86K","-0.15%"
"12/06/2019","969.06","973.73","973.73","967.65","33.68K","-0.49%"
"11/06/2019","973.80","968.06","973.80","967.89","31.88K","0.60%"
"10/06/2019","968.03","963.82","969.68","963.82","41.00K","0.45%"
"07/06/2019","963.69","953.28","963.69","953.28","36.30K","1.09%"
"06/06/2019","953.28","953.63","956.24","947.67","32.12K","-0.08%"
"05/06/2019","954.02","950.90","959.74","950.90","40.74K","0.33%"
"04/06/2019","950.90","951.87","957.00","949.65","39.87K","-0.10%"
"03/06/2019","951.87","967.24","967.24","950.97","52.82K","-1.59%"
"31/05/2019","967.24","979.73","980.34","966.98","47.70K","-1.27%"
"30/05/2019","979.73","982.49","983.18","978.90","39.66K","-0.27%"
"29/05/2019","982.42","984.25","984.97","980.12","48.47K","-0.14%"
"28/05/2019","983.82","980.19","983.86","977.90","51.09K","0.38%"
"27/05/2019","980.10","979.56","982.85","978.02","39.29K","0.06%"
"24/05/2019","979.56","985.27","986.87","978.70","44.74K","-0.59%"
"23/05/2019","985.41","981.46","985.41","976.51","46.04K","0.40%"
"22/05/2019","981.46","983.44","987.14","980.59","42.96K","-0.17%"
"21/05/2019","983.11","985.57","987.21","982.63","43.40K","-0.25%"
"20/05/2019","985.54","979.32","985.54","978.77","52.73K","0.64%"
"17/05/2019","979.32","981.84","983.60","978.47","43.01K","-0.26%"
"16/05/2019","981.84","981.06","985.64","981.06","53.15K","0.09%"
"15/05/2019","980.99","969.78","981.24","969.78","63.52K","1.18%"
"14/05/2019","969.57","967.33","969.57","962.12","49.78K","0.23%"
"13/05/2019","967.38","959.14","967.52","958.64","47.01K","0.81%"
"10/05/2019","959.62","952.48","959.62","952.21","44.49K","0.79%"
"09/05/2019","952.14","952.22","957.36","947.62","39.57K","-0.01%"
"08/05/2019","952.22","956.71","956.71","947.01","39.87K","-0.52%"
"07/05/2019","957.18","955.55","963.73","952.70","41.43K","0.22%"
"06/05/2019","955.05","970.35","970.35","953.95","51.35K","-1.75%"
"03/05/2019","972.02","974.46","977.08","970.58","44.62K","-0.30%"
"02/05/2019","974.99","978.82","979.83","973.38","49.19K","-0.42%"
"26/04/2019","979.06","974.22","979.50","973.91","36.40K","0.50%"
"25/04/2019","974.23","978.01","979.78","973.29","44.00K","-0.39%"
"24/04/2019","978.04","971.62","978.74","971.62","48.31K","0.66%"
"23/04/2019","971.60","969.95","974.19","968.66","35.76K","0.17%"
"22/04/2019","969.95","979.24","981.43","968.74","42.14K","-0.89%"
"19/04/2019","978.70","972.87","983.49","972.87","36.77K","0.60%"
"18/04/2019","972.83","985.46","985.46","970.25","52.14K","-1.31%"
"17/04/2019","985.70","996.01","1,001.80","985.65","62.30K","-1.04%"
"16/04/2019","996.01","1,001.68","1,001.68","986.95","53.10K","-0.57%"
"12/04/2019","1,001.68","1,000.32","1,002.45","998.19","42.24K","0.14%"
"11/04/2019","1,000.28","998.14","1,003.95","997.54","47.12K","0.19%"
"10/04/2019","998.38","1,007.49","1,007.49","993.61","56.42K","-0.93%"
"09/04/2019","1,007.80","1,017.97","1,021.06","1,007.14","63.95K","-1.00%"
"08/04/2019","1,017.95","1,014.55","1,018.31","1,013.48","61.72K","0.34%"
"05/04/2019","1,014.55","1,009.08","1,015.71","1,009.08","54.41K","0.58%"
"04/04/2019","1,008.67","1,005.54","1,010.50","1,005.41","49.80K","0.41%"
"03/04/2019","1,004.56","1,000.48","1,004.56","998.25","51.28K","0.43%"
"02/04/2019","1,000.23","999.77","1,007.81","998.62","59.70K","0.08%"
"01/04/2019","999.39","993.38","1,000.12","993.38","51.33K","0.61%"
"29/03/2019","993.38","995.33","998.31","992.94","46.27K","-0.13%"
"28/03/2019","994.64","988.84","994.64","984.38","52.24K","0.53%"
"27/03/2019","989.37","982.94","990.72","982.94","41.37K","0.65%"
"26/03/2019","983.00","976.89","986.99","975.95","57.28K","0.63%"
"25/03/2019","976.89","998.66","998.66","974.22","70.30K","-2.20%"
"22/03/2019","998.86","999.49","1,006.13","992.70","55.48K","-0.05%"
"21/03/2019","999.35","1,016.28","1,021.84","999.34","69.36K","-1.72%"
"20/03/2019","1,016.84","1,018.80","1,018.80","1,005.05","56.57K","-0.21%"
"19/03/2019","1,018.95","1,027.23","1,030.55","1,017.30","73.72K","-0.80%"
"18/03/2019","1,027.20","1,024.00","1,029.99","1,024.00","64.78K","0.33%"
"15/03/2019","1,023.86","1,027.85","1,029.29","1,021.69","67.40K","-0.39%"
"14/03/2019","1,027.84","1,024.35","1,031.23","1,021.88","68.60K","0.33%"
"13/03/2019","1,024.43","1,024.69","1,031.35","1,024.23","67.62K","-0.03%"
"12/03/2019","1,024.69","1,016.47","1,024.69","1,016.47","67.40K","0.84%"
"11/03/2019","1,016.15","1,013.72","1,017.66","1,009.40","60.24K","0.24%"
"08/03/2019","1,013.70","1,027.20","1,027.20","1,010.13","79.97K","-1.31%"
"07/03/2019","1,027.20","1,034.30","1,038.43","1,027.01","75.35K","-0.66%"
"06/03/2019","1,033.98","1,028.36","1,033.98","1,024.52","82.74K","0.55%"
"05/03/2019","1,028.36","1,029.60","1,036.19","1,026.29","109.94K","-0.11%"
"04/03/2019","1,029.47","1,018.50","1,030.13","1,018.50","102.80K","1.07%"
"01/03/2019","1,018.55","1,005.89","1,018.55","1,005.89","59.88K","1.26%"
"28/02/2019","1,005.87","1,019.10","1,023.46","1,004.86","78.39K","-1.29%"
"27/02/2019","1,019.01","1,008.93","1,019.01","1,008.93","99.53K","1.00%"
"26/02/2019","1,008.89","1,001.24","1,008.89","1,000.90","89.93K","0.72%"
"25/02/2019","1,001.63","992.21","1,003.25","992.21","65.60K","0.95%"
"22/02/2019","992.18","989.38","992.99","984.93","67.79K","0.29%"
"21/02/2019","989.35","990.14","994.53","987.29","58.56K","-0.04%"
"20/02/2019","989.76","989.69","993.31","986.97","51.17K","0.02%"
"19/02/2019","989.58","999.98","1,002.21","989.58","70.59K","-1.02%"
"18/02/2019","999.82","988.06","999.82","988.06","62.28K","1.19%"
"15/02/2019","988.06","985.84","990.16","980.13","55.00K","0.23%"
"14/02/2019","985.78","984.60","988.77","982.01","57.73K","0.12%"
"13/02/2019","984.60","975.69","984.75","975.69","64.71K","0.91%"
"12/02/2019","975.76","962.15","978.53","962.15","68.67K","1.42%"
"11/02/2019","962.11","949.05","962.11","949.05","35.20K","1.38%"
"01/02/2019","948.98","937.86","949.14","936.84","26.72K","1.20%"
"31/01/2019","937.70","935.62","940.31","934.80","29.73K","0.22%"
"30/01/2019","935.62","936.24","937.98","933.02","28.29K","-0.07%"
"29/01/2019","936.31","931.76","936.31","925.87","28.36K","0.51%"
"28/01/2019","931.53","931.29","935.47","929.30","31.12K","-0.01%"
"25/01/2019","931.64","934.26","935.04","927.20","31.04K","-0.29%"
"24/01/2019","934.39","934.64","937.64","932.20","30.01K","-0.03%"
"23/01/2019","934.64","930.71","935.39","930.15","37.54K","0.42%"
"22/01/2019","930.70","922.98","934.76","922.98","48.46K","0.85%"
"21/01/2019","922.85","917.58","923.49","916.29","38.85K","0.58%"
"18/01/2019","917.50","918.90","920.48","914.30","37.54K","-0.16%"
"17/01/2019","918.99","921.96","924.81","918.86","55.02K","-0.32%"
"16/01/2019","921.96","921.84","926.01","920.83","42.68K","0.01%"
"15/01/2019","921.89","914.72","921.89","913.43","35.71K","0.82%"
"14/01/2019","914.38","918.84","921.25","912.43","37.63K","-0.49%"
"11/01/2019","918.84","913.32","921.16","913.32","39.52K","0.60%"
"10/01/2019","913.36","913.84","917.20","912.29","36.33K","-0.06%"
"09/01/2019","913.87","905.42","913.89","905.42","43.48K","0.95%"
"08/01/2019","905.28","907.13","908.80","902.72","35.37K","-0.20%"
"07/01/2019","907.13","905.08","913.36","902.84","29.08K","0.42%"
"04/01/2019","903.33","900.30","903.37","886.56","42.41K","0.35%"
"03/01/2019","900.18","912.29","912.79","893.53","46.74K","-1.33%"
"02/01/2019","912.29","930.06","932.11","912.29","30.85K","-1.88%"
"28/12/2018","929.79","932.12","932.95","926.76","47.35K","-0.29%"
"27/12/2018","932.49","919.19","933.95","919.19","40.98K","1.48%"
"26/12/2018","918.87","921.71","925.48","914.16","37.35K","-0.32%"
"25/12/2018","921.80","939.19","939.19","903.71","64.81K","-1.86%"
"24/12/2018","939.23","948.80","950.55","938.11","45.90K","-1.01%"
"21/12/2018","948.79","949.45","949.45","938.85","39.46K","-0.07%"
"20/12/2018","949.48","938.74","949.48","936.71","34.40K","0.93%"
"19/12/2018","940.70","944.42","947.02","934.71","38.98K","-0.43%"
"18/12/2018","944.79","955.64","955.64","932.61","60.15K","-1.14%"
"17/12/2018","955.64","975.13","975.13","955.33","60.76K","-2.00%"
"14/12/2018","975.16","976.75","981.28","972.15","50.56K","-0.17%"
"13/12/2018","976.84","977.26","981.15","976.03","57.74K","-0.03%"
"12/12/2018","977.10","967.72","977.13","967.38","65.27K","1.00%"
"11/12/2018","967.44","968.23","971.96","962.80","41.41K","-0.17%"
"10/12/2018","969.08","977.18","977.18","967.82","39.26K","-0.78%"
"07/12/2018","976.72","971.95","978.17","971.69","59.57K","0.49%"
"06/12/2018","971.95","967.55","973.22","963.83","54.65K","0.45%"
"05/12/2018","967.57","970.31","970.31","959.88","50.97K","-0.28%"
"04/12/2018","970.31","966.63","971.51","962.45","85.12K","0.42%"
"03/12/2018","966.27","946.97","966.27","946.97","52.53K","2.07%"
"30/11/2018","946.65","944.55","948.42","939.10","36.03K","0.25%"
"29/11/2018","944.30","948.46","954.09","942.43","36.70K","-0.29%"
"28/11/2018","947.08","942.72","947.08","939.72","32.41K","0.45%"
"27/11/2018","942.84","945.92","950.83","940.16","39.80K","-0.32%"
"26/11/2018","945.83","950.15","950.15","944.19","32.34K","-0.44%"
"23/11/2018","950.04","956.88","958.47","948.55","37.56K","-0.74%"
"22/11/2018","957.09","956.85","963.19","955.62","40.25K","0.03%"
"21/11/2018","956.85","955.33","957.01","946.11","43.24K","0.15%"
"20/11/2018","955.39","954.29","955.78","948.66","42.69K","0.10%"
"19/11/2018","954.42","946.50","954.45","946.50","46.60K","0.84%"
"16/11/2018","946.50","941.75","949.16","941.73","61.21K","0.51%"
"15/11/2018","941.71","945.14","949.13","938.77","48.24K","-0.42%"
"14/11/2018","945.68","945.01","949.73","938.09","40.55K","0.06%"
"13/11/2018","945.08","950.87","950.87","936.55","53.43K","-0.61%"
"12/11/2018","950.87","950.36","950.87","939.68","40.05K","-0.08%"
"09/11/2018","951.62","961.99","962.64","950.99","56.37K","-1.08%"
"08/11/2018","962.04","954.27","966.25","954.27","60.66K","0.83%"
"07/11/2018","954.14","957.98","958.97","948.51","39.78K","-0.46%"
"06/11/2018","958.54","957.04","963.17","954.51","42.95K","0.18%"
"05/11/2018","956.86","952.49","957.46","947.52","49.90K","0.35%"
"02/11/2018","953.52","940.54","953.52","939.60","65.97K","1.38%"
"01/11/2018","940.54","948.05","950.23","939.53","45.15K","-0.79%"
"31/10/2018","948.03","932.32","948.13","932.32","52.36K","2.38%"
"30/10/2018","925.97","929.93","933.07","920.33","46.49K","-0.62%"
"29/10/2018","931.76","939.03","939.04","926.53","42.45K","-0.73%"
"26/10/2018","938.62","949.42","959.02","938.62","50.10K","-1.08%"
"25/10/2018","948.91","959.22","959.22","920.35","61.82K","-1.09%"
"24/10/2018","959.35","972.48","975.24","958.97","43.64K","-1.35%"
"23/10/2018","972.50","992.45","993.23","960.11","64.09K","-2.11%"
"22/10/2018","993.50","1,009.38","1,013.61","993.50","52.14K","-1.57%"
"19/10/2018","1,009.34","1,009.59","1,009.59","991.01","48.71K","-0.04%"
"18/10/2018","1,009.77","1,020.50","1,020.50","1,007.94","36.41K","-1.04%"
"17/10/2018","1,020.43","1,013.41","1,025.23","1,013.41","47.84K","0.83%"
"16/10/2018","1,012.04","1,004.27","1,012.51","1,001.91","38.46K","0.77%"
"15/10/2018","1,004.27","1,015.09","1,016.74","1,000.97","44.61K","-1.07%"
"12/10/2018","1,015.09","992.01","1,015.23","975.24","69.52K","2.21%"
"11/10/2018","993.18","1,047.83","1,047.83","992.38","127.60K","-5.59%"
"10/10/2018","1,052.02","1,059.27","1,060.48","1,049.26","60.59K","-0.67%"
"09/10/2018","1,059.08","1,061.75","1,064.80","1,058.02","66.78K","-0.27%"
"08/10/2018","1,061.92","1,066.47","1,067.75","1,057.89","60.46K","-0.39%"
"05/10/2018","1,066.09","1,078.66","1,079.03","1,065.69","64.31K","-1.17%"
"04/10/2018","1,078.76","1,069.61","1,078.76","1,069.61","51.80K","0.85%"
"03/10/2018","1,069.64","1,065.87","1,072.82","1,065.87","50.99K","0.36%"
"02/10/2018","1,065.78","1,070.98","1,075.22","1,063.13","79.70K","-0.49%"
"01/10/2018","1,071.02","1,073.52","1,079.69","1,067.66","86.36K","-0.23%"
"28/09/2018","1,073.46","1,073.20","1,077.44","1,072.33","70.41K","0.01%"
"27/09/2018","1,073.39","1,065.96","1,075.35","1,065.96","67.86K","0.70%"
"26/09/2018","1,065.96","1,059.54","1,071.04","1,055.85","90.22K","0.61%"
"25/09/2018","1,059.54","1,051.99","1,061.26","1,049.32","87.08K","0.69%"
"24/09/2018","1,052.24","1,051.16","1,058.05","1,051.16","60.26K","0.14%"
"21/09/2018","1,050.78","1,052.20","1,058.36","1,043.59","80.48K","-0.07%"
"20/09/2018","1,051.56","1,040.57","1,051.56","1,040.23","62.47K","1.15%"
"19/09/2018","1,039.58","1,032.62","1,045.39","1,032.62","76.30K","0.67%"
"18/09/2018","1,032.62","1,022.63","1,032.98","1,016.87","57.29K","0.91%"
"17/09/2018","1,023.27","1,024.52","1,026.86","1,021.59","50.47K","-0.12%"
"14/09/2018","1,024.52","1,024.77","1,027.25","1,021.62","48.87K","-0.03%"
"13/09/2018","1,024.86","1,020.78","1,025.55","1,020.46","50.95K","0.43%"
"12/09/2018","1,020.49","1,019.91","1,025.82","1,018.53","65.30K","-0.06%"
"11/09/2018","1,021.11","1,004.35","1,021.11","1,001.69","56.38K","1.58%"
"10/09/2018","1,005.25","1,008.37","1,008.37","1,000.69","48.58K","-0.32%"
"07/09/2018","1,008.48","1,003.87","1,008.48","998.18","60.25K","0.48%"
"06/09/2018","1,003.68","1,009.23","1,010.27","999.49","53.99K","-0.49%"
"05/09/2018","1,008.62","1,015.56","1,015.96","1,004.00","61.85K","-0.68%"
"04/09/2018","1,015.56","1,027.40","1,027.58","1,011.69","72.78K","-1.15%"
"31/08/2018","1,027.40","1,031.66","1,034.99","1,025.57","60.59K","-0.41%"
"30/08/2018","1,031.66","1,024.00","1,031.66","1,020.75","61.16K","0.74%"
"29/08/2018","1,024.10","1,022.27","1,026.00","1,017.86","60.68K","0.18%"
"28/08/2018","1,022.29","1,017.82","1,022.42","1,017.02","57.78K","0.45%"
"27/08/2018","1,017.68","1,019.26","1,023.33","1,017.57","68.90K","-0.10%"
"24/08/2018","1,018.70","1,018.00","1,019.59","1,013.37","56.63K","0.08%"
"23/08/2018","1,017.93","1,013.83","1,017.93","1,011.03","59.50K","0.40%"
"22/08/2018","1,013.92","1,012.99","1,021.46","1,012.80","78.28K","0.08%"
"21/08/2018","1,013.07","999.51","1,013.07","999.01","79.71K","1.31%"
"20/08/2018","999.93","991.18","1,000.32","990.87","66.11K","0.88%"
"17/08/2018","991.18","992.37","998.23","989.51","43.70K","-0.11%"
"16/08/2018","992.31","993.08","993.08","979.66","56.21K","-0.11%"
"15/08/2018","993.41","1,007.27","1,007.84","991.05","68.60K","-1.38%"
"14/08/2018","1,007.35","1,005.27","1,009.69","1,004.30","54.04K","0.22%"
"13/08/2018","1,005.17","997.55","1,006.05","993.85","54.17K","0.69%"
"10/08/2018","998.28","995.09","998.46","985.08","87.46K","0.32%"
"09/08/2018","995.09","993.12","1,003.83","993.11","60.04K","0.22%"
"08/08/2018","992.94","987.10","994.27","986.10","58.10K","0.60%"
"07/08/2018","986.97","996.59","996.59","986.36","53.92K","-0.97%"
"06/08/2018","996.59","997.32","1,004.13","994.96","73.32K","-0.07%"
"03/08/2018","997.30","991.89","1,000.01","991.89","75.97K","0.55%"
"02/08/2018","991.86","992.79","994.24","980.64","97.78K","-0.16%"
"01/08/2018","993.41","999.48","1,003.32","988.65","91.86K","-0.45%"
"31/07/2018","997.91","996.68","1,004.65","992.84","115.12K","0.12%"
"30/07/2018","996.73","980.32","997.96","980.32","85.74K","1.68%"
"27/07/2018","980.23","962.38","980.93","962.38","75.92K","1.85%"
"26/07/2018","962.43","966.76","971.41","959.05","84.60K","-0.45%"
"25/07/2018","966.79","963.89","974.10","963.02","101.99K","0.31%"
"24/07/2018","963.78","959.32","965.13","952.81","77.97K","0.46%"
"23/07/2018","959.32","960.28","962.11","953.20","90.34K","-0.10%"
"20/07/2018","960.28","955.22","960.28","947.63","76.26K","0.43%"
"19/07/2018","956.19","953.34","960.55","951.14","78.07K","0.41%"
"18/07/2018","952.28","926.11","952.46","926.11","91.22K","2.83%"
"17/07/2018","926.04","906.89","926.04","905.84","58.52K","2.11%"
"16/07/2018","906.89","896.45","906.98","896.42","47.42K","1.18%"
"13/07/2018","896.32","880.90","896.32","880.90","55.21K","1.79%"
"12/07/2018","880.53","872.00","883.36","872.00","33.56K","0.86%"
"11/07/2018","873.05","886.33","886.33","866.44","55.29K","-2.14%"
"10/07/2018","892.16","894.25","899.12","888.81","34.77K","-0.30%"
"09/07/2018","894.84","905.48","912.99","892.39","37.73K","-1.11%"
"06/07/2018","904.85","882.90","904.85","868.71","47.81K","2.50%"
"05/07/2018","882.76","903.73","907.25","871.81","49.46K","-2.32%"
"04/07/2018","903.76","893.90","904.03","881.63","41.57K","1.11%"
"03/07/2018","893.80","927.92","930.50","893.59","54.96K","-3.68%"
"02/07/2018","927.92","950.22","950.22","916.69","56.60K","-2.38%"
"29/06/2018","950.55","952.88","956.94","944.78","41.30K","-0.25%"
"28/06/2018","952.97","976.19","976.19","949.78","50.76K","-2.39%"
"27/06/2018","976.34","985.90","992.60","975.42","66.39K","-1.03%"
"26/06/2018","986.47","989.27","989.27","977.00","61.79K","-0.28%"
"25/06/2018","989.27","982.66","994.69","982.66","52.99K","0.67%"
"22/06/2018","982.73","969.69","982.82","963.97","32.27K","1.26%"
"21/06/2018","970.50","986.48","986.51","967.95","37.09K","-1.63%"
"20/06/2018","986.60","971.04","986.60","966.75","41.95K","1.63%"
"19/06/2018","970.79","1,007.42","1,007.42","955.28","67.60K","-3.67%"
"18/06/2018","1,007.74","1,035.35","1,035.71","1,005.37","56.48K","-2.65%"
"15/06/2018","1,035.12","1,037.11","1,042.27","1,029.13","51.56K","-0.17%"
"14/06/2018","1,036.89","1,032.63","1,049.68","1,032.16","62.99K","0.40%"
"13/06/2018","1,032.73","1,029.71","1,036.66","1,022.26","34.89K","0.30%"
"12/06/2018","1,029.62","1,047.61","1,047.61","1,013.03","51.72K","-1.75%"
"11/06/2018","1,047.93","1,060.33","1,060.33","1,046.41","42.53K","-1.17%"
"08/06/2018","1,060.34","1,060.16","1,061.43","1,050.35","39.25K","-0.01%"
"07/06/2018","1,060.48","1,059.70","1,063.83","1,050.23","49.52K","0.04%"
"06/06/2018","1,060.02","1,043.25","1,060.81","1,039.06","45.66K","1.61%"
"05/06/2018","1,043.20","1,023.90","1,043.20","1,023.21","56.28K","1.88%"
"04/06/2018","1,023.90","1,002.21","1,023.90","1,002.09","45.40K","2.16%"
"01/06/2018","1,002.21","992.01","1,006.94","989.48","50.48K","1.03%"
"31/05/2018","992.01","973.13","992.22","970.33","38.05K","1.94%"
"30/05/2018","973.13","981.52","981.52","966.00","26.06K","-0.86%"
"29/05/2018","981.58","952.38","983.63","943.69","47.89K","3.05%"
"28/05/2018","952.49","1,005.05","1,005.05","952.49","67.03K","-5.23%"
"25/05/2018","1,005.05","1,023.96","1,027.68","1,004.81","41.32K","-1.85%"
"24/05/2018","1,023.96","1,032.10","1,038.96","1,020.20","32.50K","-0.79%"
"23/05/2018","1,032.10","1,025.78","1,032.10","1,010.55","36.75K","0.61%"
"22/05/2018","1,025.83","1,058.11","1,058.11","1,014.49","52.90K","-3.05%"
"21/05/2018","1,058.11","1,067.68","1,072.44","1,055.40","31.49K","-0.87%"
"18/05/2018","1,067.44","1,070.68","1,075.94","1,052.92","39.22K","-0.30%"
"17/05/2018","1,070.68","1,072.90","1,077.43","1,066.76","33.19K","-0.18%"
"16/05/2018","1,072.59","1,073.26","1,077.99","1,068.24","41.23K","-0.06%"
"15/05/2018","1,073.26","1,066.90","1,077.14","1,066.90","38.90K","0.60%"
"14/05/2018","1,066.90","1,059.36","1,067.36","1,057.35","32.51K","0.71%"
"11/05/2018","1,059.36","1,050.69","1,059.36","1,040.25","37.17K","0.80%"
"10/05/2018","1,050.96","1,069.35","1,071.04","1,050.76","43.42K","-1.79%"
"09/05/2018","1,070.09","1,068.31","1,073.47","1,062.57","45.12K","0.16%"
"08/05/2018","1,068.37","1,074.05","1,080.20","1,068.07","42.49K","-0.51%"
"07/05/2018","1,073.89","1,053.90","1,074.28","1,050.99","40.24K","2.08%"
"04/05/2018","1,051.97","1,044.66","1,057.82","1,044.66","51.49K","0.69%"
"03/05/2018","1,044.74","1,050.15","1,050.15","1,018.15","53.88K","-0.56%"
"02/05/2018","1,050.66","1,069.33","1,071.46","1,044.84","57.36K","-1.75%"
"27/04/2018","1,069.39","1,050.64","1,069.62","1,040.40","52.24K","1.78%"
"26/04/2018","1,050.64","1,079.42","1,082.63","1,045.06","59.64K","-2.64%"
"24/04/2018","1,079.11","1,087.57","1,087.57","1,065.49","57.70K","-0.80%"
"23/04/2018","1,087.86","1,129.23","1,135.61","1,087.64","69.08K","-3.65%"
"20/04/2018","1,129.04","1,116.40","1,129.04","1,110.26","48.92K","1.14%"
"19/04/2018","1,116.35","1,136.29","1,136.29","1,110.39","51.09K","-1.74%"
"18/04/2018","1,136.07","1,149.68","1,157.93","1,136.07","53.54K","-1.18%"
"17/04/2018","1,149.68","1,138.29","1,149.75","1,136.27","53.48K","1.01%"
"16/04/2018","1,138.14","1,140.82","1,144.04","1,125.63","51.91K","-0.22%"
"13/04/2018","1,140.66","1,149.14","1,161.63","1,137.52","52.09K","-0.70%"
"12/04/2018","1,148.66","1,143.37","1,149.69","1,131.21","63.72K","0.45%"
"11/04/2018","1,143.55","1,168.81","1,171.97","1,142.73","96.51K","-2.18%"
"10/04/2018","1,168.98","1,183.46","1,184.80","1,160.79","100.73K","-1.19%"
"09/04/2018","1,183.02","1,185.04","1,190.93","1,181.25","78.48K","-0.22%"
"06/04/2018","1,185.59","1,182.78","1,193.01","1,182.78","85.56K","0.24%"
"05/04/2018","1,182.78","1,170.77","1,182.78","1,170.77","79.90K","1.03%"
"04/04/2018","1,170.77","1,160.76","1,173.00","1,160.76","79.50K","0.86%"
"03/04/2018","1,160.82","1,156.84","1,161.59","1,150.76","89.17K","0.34%"
"02/04/2018","1,156.84","1,149.96","1,157.94","1,149.96","105.66K","0.63%"
"30/03/2018","1,149.62","1,136.50","1,149.62","1,134.30","62.96K","1.15%"
"29/03/2018","1,136.50","1,135.53","1,143.35","1,134.32","59.72K","0.09%"
"28/03/2018","1,135.53","1,133.21","1,141.96","1,130.81","75.23K","0.15%"
"27/03/2018","1,133.83","1,136.39","1,151.73","1,132.32","90.92K","-0.23%"
"26/03/2018","1,136.45","1,133.80","1,139.76","1,130.67","59.69K","0.24%"
"23/03/2018","1,133.72","1,152.32","1,152.32","1,121.59","90.45K","-1.68%"
"22/03/2018","1,153.05","1,153.65","1,163.24","1,148.84","83.05K","-0.05%"
"21/03/2018","1,153.62","1,144.61","1,157.83","1,144.61","80.14K","0.79%"
"20/03/2018","1,144.55","1,148.42","1,149.21","1,143.07","67.32K","-0.33%"
"19/03/2018","1,148.33","1,147.33","1,155.85","1,146.82","89.15K","0.07%"
"16/03/2018","1,147.57","1,145.79","1,148.99","1,142.64","81.91K","0.25%"
"15/03/2018","1,144.74","1,143.94","1,147.79","1,142.91","75.30K","0.04%"
"14/03/2018","1,144.29","1,136.41","1,146.10","1,136.41","76.15K","0.71%"
"13/03/2018","1,136.17","1,123.41","1,136.39","1,122.22","68.77K","1.02%"
"12/03/2018","1,124.74","1,129.24","1,135.93","1,120.83","57.64K","-0.40%"
"09/03/2018","1,129.24","1,132.11","1,138.27","1,126.79","70.23K","-0.27%"
"08/03/2018","1,132.34","1,129.59","1,135.09","1,127.05","78.18K","0.46%"
"07/03/2018","1,127.15","1,125.12","1,137.48","1,119.21","103.97K","0.25%"
"06/03/2018","1,124.33","1,107.83","1,124.33","1,100.18","78.32K","1.76%"
"05/03/2018","1,104.88","1,111.56","1,121.20","1,104.88","84.59K","0.12%"
"02/03/2018","1,103.56","1,076.91","1,103.56","1,075.47","64.63K","1.79%"
"01/03/2018","1,084.18","1,081.66","1,092.71","1,080.78","63.38K","-0.30%"
"28/02/2018","1,087.48","1,079.69","1,089.51","1,076.33","59.33K","0.36%"
"27/02/2018","1,083.55","1,083.80","1,084.30","1,073.61","56.44K","0.08%"
"26/02/2018","1,082.68","1,102.54","1,105.02","1,082.68","70.48K","-1.21%"
"23/02/2018","1,095.98","1,085.16","1,095.98","1,082.54","50.67K","1.49%"
"22/02/2018","1,079.93","1,083.82","1,089.61","1,075.58","56.56K","-1.01%"
"21/02/2018","1,090.94","1,086.47","1,095.39","1,086.08","51.97K","1.25%"
"13/02/2018","1,077.52","1,070.25","1,077.52","1,068.74","54.42K","1.68%"
"12/02/2018","1,059.71","1,037.40","1,059.71","1,037.40","62.35K","2.37%"
"09/02/2018","1,035.17","1,014.54","1,035.17","1,000.93","75.24K","-0.92%"
"08/02/2018","1,044.82","1,042.82","1,054.97","1,040.63","69.97K","-0.78%"
"07/02/2018","1,052.99","1,051.93","1,060.11","1,045.34","75.18K","2.87%"
"06/02/2018","1,023.64","1,049.96","1,049.96","1,003.11","130.25K","-4.38%"
"05/02/2018","1,070.57","1,122.08","1,122.08","1,070.03","93.52K","-4.66%"
"02/02/2018","1,122.85","1,121.63","1,124.83","1,112.88","54.75K","0.09%"
"01/02/2018","1,121.83","1,137.11","1,140.03","1,120.28","85.14K","-1.43%"
"31/01/2018","1,138.08","1,152.22","1,161.55","1,138.08","122.22K","-1.03%"
"30/01/2018","1,149.89","1,129.72","1,152.31","1,119.89","105.62K","1.21%"
"29/01/2018","1,136.18","1,140.41","1,144.79","1,132.48","86.54K","-0.18%"
"26/01/2018","1,138.27","1,135.91","1,142.58","1,123.99","94.03K","0.21%"
"25/01/2018","1,135.83","1,131.52","1,135.86","1,125.80","142.92K","0.97%"
"23/01/2018","1,124.97","1,122.12","1,126.16","1,120.03","83.23K","0.00%"
"22/01/2018","1,124.97","1,122.12","1,126.16","1,120.03","83.23K","0.70%"
"19/01/2018","1,117.15","1,113.83","1,119.68","1,110.55","80.00K","1.17%"
"18/01/2018","1,104.20","1,099.38","1,104.20","1,079.26","77.98K","0.43%"
"17/01/2018","1,099.43","1,122.99","1,126.51","1,099.43","88.07K","-2.27%"
"16/01/2018","1,124.99","1,123.02","1,128.39","1,115.29","100.87K","0.22%"
"15/01/2018","1,122.57","1,107.10","1,122.57","1,105.44","83.84K","1.28%"
"12/01/2018","1,108.36","1,116.05","1,120.93","1,105.63","92.16K","-0.57%"
"11/01/2018","1,114.71","1,111.56","1,115.53","1,107.14","104.78K","0.26%"
"10/01/2018","1,111.82","1,103.73","1,117.79","1,102.90","107.36K","0.91%"
"09/01/2018","1,101.76","1,098.01","1,101.76","1,091.23","90.79K","0.64%"
"08/01/2018","1,094.72","1,086.26","1,094.72","1,085.00","66.88K","0.86%"
"05/01/2018","1,085.35","1,090.36","1,093.98","1,082.50","92.84K","-0.30%"
"04/01/2018","1,088.61","1,076.21","1,089.78","1,074.86","86.10K","1.41%"
"03/01/2018","1,073.47","1,070.46","1,074.93","1,068.54","72.05K","0.73%"
"02/01/2018","1,065.68","1,067.93","1,071.00","1,063.03","57.80K","-0.03%"
"29/12/2017","1,066.03","1,062.41","1,067.36","1,062.41","70.27K","0.23%"
"28/12/2017","1,063.56","1,060.54","1,063.67","1,059.16","49.31K","0.32%"
"27/12/2017","1,060.12","1,063.64","1,066.65","1,057.27","60.80K","-0.29%"
"26/12/2017","1,063.25","1,056.78","1,063.31","1,054.87","51.52K","0.56%"
"25/12/2017","1,057.32","1,067.61","1,068.41","1,057.32","43.94K","-0.77%"
"22/12/2017","1,065.50","1,068.36","1,070.69","1,064.69","49.80K","-0.44%"
"21/12/2017","1,070.22","1,073.46","1,077.53","1,070.22","57.58K","-0.23%"
"20/12/2017","1,072.64","1,068.31","1,075.52","1,067.17","64.54K","0.49%"
"19/12/2017","1,067.43","1,077.96","1,078.83","1,066.40","82.73K","-0.85%"
"18/12/2017","1,076.57","1,079.18","1,080.95","1,076.33","123.73K","0.46%"
"15/12/2017","1,071.65","1,068.41","1,071.91","1,065.00","115.52K","0.51%"
"14/12/2017","1,066.25","1,051.75","1,066.25","1,049.81","64.28K","1.42%"
"13/12/2017","1,051.36","1,052.94","1,058.91","1,047.08","47.41K","-0.18%"
"12/12/2017","1,053.24","1,059.04","1,063.43","1,021.00","97.21K","-0.52%"
"11/12/2017","1,058.79","1,071.35","1,073.47","1,058.79","79.36K","-1.32%"
"08/12/2017","1,072.99","1,075.09","1,080.85","1,068.75","64.81K","-0.04%"
"07/12/2017","1,073.37","1,069.05","1,074.64","1,066.30","65.96K","0.58%"
"06/12/2017","1,067.16","1,064.11","1,075.39","1,055.46","96.28K","0.16%"
"05/12/2017","1,065.48","1,072.57","1,077.77","1,065.48","98.07K","-0.47%"
"04/12/2017","1,070.49","1,067.15","1,070.91","1,065.93","114.82K","0.61%"
"01/12/2017","1,064.00","1,056.46","1,064.00","1,056.18","104.39K","0.75%"
"30/11/2017","1,056.12","1,055.47","1,059.72","1,054.16","92.49K","0.26%"
"29/11/2017","1,053.34","1,052.44","1,054.86","1,048.68","83.88K","0.31%"
"28/11/2017","1,050.04","1,055.42","1,058.07","1,046.43","212.76K","-0.27%"
"27/11/2017","1,052.91","1,046.01","1,055.12","1,045.56","98.62K","1.36%"
"24/11/2017","1,038.82","1,019.98","1,038.82","1,017.07","92.69K","1.82%"
"23/11/2017","1,020.22","1,019.36","1,024.82","1,016.22","83.97K","0.15%"
"22/11/2017","1,018.70","1,010.99","1,018.70","1,010.99","60.23K","0.67%"
"21/11/2017","1,011.89","1,017.99","1,019.08","1,010.26","72.22K","-0.61%"
"20/11/2017","1,018.05","1,014.61","1,020.20","1,013.45","57.07K","0.38%"
"17/11/2017","1,014.18","1,022.18","1,024.48","1,009.14","58.18K","-0.34%"
"16/11/2017","1,017.63","1,004.47","1,017.63","1,004.47","61.80K","1.40%"
"15/11/2017","1,003.55","995.88","1,004.25","995.88","57.33K","0.72%"
"14/11/2017","996.39","993.13","998.31","988.99","56.60K","0.52%"
"13/11/2017","991.19","987.47","991.19","986.89","90.98K","0.25%"
"10/11/2017","988.68","985.84","991.63","984.36","53.07K","0.24%"
"09/11/2017","986.28","985.11","989.93","984.04","52.68K","0.41%"
"08/11/2017","982.30","977.44","982.30","975.98","49.71K","0.43%"
"07/11/2017","978.06","976.20","982.40","975.60","57.27K","0.24%"
"06/11/2017","975.76","962.18","975.90","962.18","45.00K","1.90%"
"03/11/2017","957.56","948.17","957.56","941.57","65.73K","0.87%"
"02/11/2017","949.27","966.23","972.13","949.27","71.15K","-1.92%"
"01/11/2017","967.89","973.10","976.01","965.74","62.58K","-0.48%"
"31/10/2017","972.59","980.79","980.79","972.12","78.78K","-0.90%"
"30/10/2017","981.39","995.99","998.98","981.39","69.78K","-1.48%"
"27/10/2017","996.10","992.93","997.28","991.16","52.25K","0.06%"
"26/10/2017","995.46","1,008.76","1,010.55","991.92","87.26K","-1.28%"
"25/10/2017","1,008.41","1,008.53","1,012.69","1,006.13","48.01K","0.28%"
"24/10/2017","1,005.56","1,001.37","1,005.56","999.47","64.54K","0.38%"
"23/10/2017","1,001.72","1,019.40","1,020.07","999.08","97.38K","-1.89%"
"20/10/2017","1,021.02","1,034.00","1,034.00","1,021.02","75.05K","-1.14%"
"19/10/2017","1,032.83","1,035.56","1,038.04","1,032.20","48.98K","-0.16%"
"18/10/2017","1,034.47","1,043.71","1,045.64","1,034.47","69.21K","-0.84%"
"17/10/2017","1,043.23","1,043.65","1,047.96","1,041.93","70.24K","0.01%"
"16/10/2017","1,043.17","1,046.05","1,048.80","1,042.72","56.69K","-0.20%"
"13/10/2017","1,045.21","1,043.37","1,045.21","1,039.19","62.75K","0.20%"
"12/10/2017","1,043.16","1,043.20","1,043.85","1,040.25","53.45K","-0.01%"
"11/10/2017","1,043.28","1,046.52","1,048.34","1,041.38","53.77K","-0.18%"
"10/10/2017","1,045.15","1,037.98","1,045.15","1,037.63","56.65K","0.79%"
"09/10/2017","1,036.92","1,034.56","1,036.92","1,033.66","54.61K","0.33%"
"06/10/2017","1,033.51","1,032.86","1,035.24","1,031.21","52.52K","0.08%"
"05/10/2017","1,032.71","1,037.51","1,038.93","1,032.71","50.73K","-0.28%"
"04/10/2017","1,035.63","1,028.05","1,035.63","1,027.91","39.52K","0.78%"
"03/10/2017","1,027.61","1,031.37","1,032.88","1,018.82","69.66K","-0.62%"
"02/10/2017","1,034.06","1,042.67","1,044.85","1,033.72","42.19K","-0.75%"
"29/09/2017","1,041.86","1,038.18","1,041.86","1,036.12","50.13K","0.27%"
"28/09/2017","1,039.03","1,048.48","1,049.70","1,038.18","71.79K","-0.82%"
"27/09/2017","1,047.61","1,053.32","1,053.89","1,047.22","72.37K","-0.60%"
"26/09/2017","1,053.98","1,052.93","1,053.98","1,047.18","64.81K","0.22%"
"25/09/2017","1,051.63","1,055.49","1,056.26","1,050.68","52.87K","-0.21%"
"22/09/2017","1,053.88","1,053.10","1,056.40","1,052.62","69.97K","0.10%"
"21/09/2017","1,052.85","1,052.16","1,056.17","1,049.89","53.34K","0.38%"
"20/09/2017","1,048.83","1,047.70","1,049.71","1,045.66","56.13K","0.29%"
"19/09/2017","1,045.81","1,046.14","1,051.27","1,045.81","69.96K","-0.08%"
"18/09/2017","1,046.65","1,044.72","1,049.53","1,044.05","68.63K","0.41%"
"15/09/2017","1,042.33","1,040.11","1,042.33","1,038.08","55.44K","0.08%"
"14/09/2017","1,041.51","1,042.57","1,044.01","1,040.91","60.50K","0.11%"
"13/09/2017","1,040.37","1,031.70","1,040.37","1,031.70","57.87K","1.14%"
"12/09/2017","1,028.67","1,021.93","1,028.67","1,021.82","53.90K","0.69%"
"11/09/2017","1,021.66","1,031.30","1,032.06","1,021.66","63.77K","-0.98%"
"08/09/2017","1,031.81","1,034.07","1,036.30","1,031.46","53.02K","-0.09%"
"07/09/2017","1,032.79","1,029.27","1,035.59","1,029.27","56.61K","0.38%"
"06/09/2017","1,028.91","1,031.61","1,033.30","1,027.13","61.54K","-0.28%"
"05/09/2017","1,031.83","1,035.92","1,036.87","1,031.71","75.03K","-0.27%"
"01/09/2017","1,034.63","1,033.45","1,035.17","1,030.44","52.49K","0.30%"
"31/08/2017","1,031.58","1,035.34","1,037.30","1,031.32","84.13K","-0.40%"
"30/08/2017","1,035.69","1,032.13","1,037.11","1,031.86","109.98K","0.20%"
"29/08/2017","1,033.61","1,032.41","1,041.28","1,031.31","157.07K","0.09%"
"28/08/2017","1,032.72","1,027.24","1,033.08","1,024.87","132.58K","0.69%"
"25/08/2017","1,025.68","1,026.14","1,026.92","1,021.34","122.61K","0.15%"
"24/08/2017","1,024.11","1,019.56","1,026.56","1,017.38","126.00K","0.49%"
"23/08/2017","1,019.13","1,017.23","1,021.34","1,013.93","76.29K","0.22%"
"22/08/2017","1,016.93","1,021.60","1,024.93","1,014.30","61.55K","-0.60%"
"21/08/2017","1,023.10","1,022.65","1,031.36","1,022.65","68.21K","-0.09%"
"18/08/2017","1,023.98","1,018.15","1,025.18","1,015.74","53.85K","0.07%"
"17/08/2017","1,023.24","1,037.65","1,037.70","1,023.24","63.13K","-1.38%"
"16/08/2017","1,037.54","1,037.02","1,038.55","1,033.32","52.38K","0.06%"
"15/08/2017","1,036.89","1,042.56","1,044.03","1,035.89","49.68K","-0.34%"
"14/08/2017","1,040.39","1,030.48","1,040.39","1,030.48","57.94K","1.01%"
"11/08/2017","1,030.03","1,029.95","1,031.55","1,023.35","58.36K","0.01%"
"10/08/2017","1,029.93","1,028.59","1,036.57","1,025.91","68.70K","-0.40%"
"09/08/2017","1,034.10","1,048.82","1,049.37","1,028.27","115.01K","-1.63%"
"08/08/2017","1,051.24","1,062.49","1,063.28","1,051.01","93.32K","-1.08%"
"07/08/2017","1,062.67","1,063.68","1,067.07","1,060.96","83.60K","0.10%"
"04/08/2017","1,061.65","1,059.72","1,062.80","1,058.65","68.35K","0.29%"
"03/08/2017","1,058.62","1,055.56","1,062.94","1,053.87","71.48K","0.34%"
"02/08/2017","1,055.00","1,055.38","1,059.02","1,049.79","72.51K","-0.47%"
"01/08/2017","1,059.94","1,063.20","1,068.86","1,059.94","88.44K","-0.34%"
"31/07/2017","1,063.55","1,062.38","1,064.62","1,059.22","119.58K","-0.02%"
"28/07/2017","1,063.71","1,059.46","1,063.71","1,057.57","63.90K","0.62%"
"27/07/2017","1,057.17","1,059.11","1,063.35","1,054.66","94.66K","-0.13%"
"26/07/2017","1,058.57","1,042.08","1,058.57","1,042.08","83.91K","1.97%"
"25/07/2017","1,038.11","1,028.61","1,038.11","1,027.97","45.47K","0.86%"
"24/07/2017","1,029.24","1,033.83","1,034.69","1,025.77","61.10K","-0.93%"
"21/07/2017","1,038.93","1,050.27","1,053.42","1,038.93","55.90K","-0.99%"
"20/07/2017","1,049.29","1,055.38","1,055.84","1,043.57","56.89K","-0.47%"
"19/07/2017","1,054.24","1,051.17","1,055.25","1,048.43","80.73K","0.61%"
"18/07/2017","1,047.88","1,056.29","1,060.11","1,046.52","51.52K","-1.31%"
"17/07/2017","1,061.75","1,072.88","1,074.45","1,055.49","79.11K","-0.87%"
"14/07/2017","1,071.02","1,068.50","1,072.33","1,066.56","55.53K","0.25%"
"13/07/2017","1,068.33","1,065.76","1,069.15","1,064.22","60.93K","0.41%"
"12/07/2017","1,064.02","1,059.14","1,064.02","1,053.30","50.08K","0.89%"
"11/07/2017","1,054.62","1,047.67","1,054.62","1,039.51","58.20K","0.64%"
"10/07/2017","1,047.95","1,063.95","1,065.77","1,046.99","63.30K","-1.54%"
"07/07/2017","1,064.36","1,070.58","1,075.14","1,062.69","75.37K","-0.49%"
"06/07/2017","1,069.56","1,072.25","1,074.79","1,067.34","61.93K","0.02%"
"05/07/2017","1,069.39","1,063.75","1,069.39","1,063.08","71.86K","0.46%"
"04/07/2017","1,064.50","1,068.37","1,068.37","1,061.80","51.96K","-0.34%"
"03/07/2017","1,068.14","1,067.90","1,070.13","1,066.23","51.77K","0.09%"
"30/06/2017","1,067.20","1,068.26","1,070.84","1,066.09","49.16K","0.19%"
"29/06/2017","1,065.21","1,062.81","1,069.55","1,062.81","66.82K","0.55%"
"28/06/2017","1,059.39","1,056.68","1,059.39","1,052.91","49.83K","0.39%"
"27/06/2017","1,055.25","1,068.34","1,068.50","1,055.20","80.76K","-1.15%"
"26/06/2017","1,067.58","1,067.78","1,071.62","1,066.69","97.40K","0.26%"
"23/06/2017","1,064.84","1,056.39","1,065.59","1,052.95","82.90K","0.89%"
"22/06/2017","1,055.41","1,048.19","1,056.70","1,048.19","57.48K","1.06%"
"21/06/2017","1,044.30","1,040.44","1,044.53","1,035.66","57.21K","0.20%"
"20/06/2017","1,042.18","1,040.13","1,044.12","1,040.13","46.39K","0.46%"
"19/06/2017","1,037.41","1,030.47","1,037.41","1,030.47","49.85K","1.14%"
"16/06/2017","1,025.70","1,021.21","1,026.58","1,020.46","46.99K","0.45%"
"15/06/2017","1,021.11","1,018.40","1,021.78","1,016.87","45.64K","0.31%"
"14/06/2017","1,018.00","1,019.02","1,021.71","1,017.83","44.29K","-0.12%"
"13/06/2017","1,019.22","1,015.02","1,019.22","1,014.85","48.23K","0.16%"
"12/06/2017","1,017.56","1,017.59","1,021.56","1,015.05","61.66K","-0.01%"
"09/06/2017","1,017.71","1,021.72","1,023.74","1,016.63","50.60K","-0.44%"
"08/06/2017","1,022.17","1,021.93","1,025.83","1,017.74","50.66K","0.08%"
"07/06/2017","1,021.33","1,018.70","1,023.75","1,018.02","50.86K","0.45%"
"06/06/2017","1,016.79","1,011.96","1,017.43","1,009.95","41.98K","0.58%"
"05/06/2017","1,010.88","1,014.28","1,019.36","1,009.54","45.60K","-0.35%"
"02/06/2017","1,014.42","1,009.58","1,014.42","1,005.71","53.22K","0.63%"
"01/06/2017","1,008.06","1,003.77","1,008.30","1,003.30","44.48K","0.53%"
"31/05/2017","1,002.71","1,005.00","1,009.48","996.19","60.85K","-0.05%"
"30/05/2017","1,003.20","1,017.87","1,020.00","1,002.73","90.10K","-1.46%"
"29/05/2017","1,018.09","1,023.42","1,025.74","1,018.09","80.65K","-0.27%"
"26/05/2017","1,020.89","1,020.97","1,023.66","1,018.48","58.74K","0.31%"
"25/05/2017","1,017.73","1,008.42","1,021.45","1,008.42","61.40K","1.00%"
"24/05/2017","1,007.68","1,000.32","1,008.11","999.97","72.06K","1.08%"
"23/05/2017","996.95","1,000.41","1,003.45","995.33","134.43K","-0.38%"
"22/05/2017","1,000.74","1,005.43","1,011.32","999.79","80.50K","-0.14%"
"19/05/2017","1,002.14","996.98","1,004.28","996.69","83.52K","0.55%"
"18/05/2017","996.64","996.30","1,003.76","994.82","89.69K","-0.23%"
"17/05/2017","998.91","994.48","1,000.24","988.05","83.02K","0.49%"
"16/05/2017","994.02","1,004.63","1,006.95","994.02","114.75K","-0.60%"
"15/05/2017","1,000.01","989.02","1,001.19","989.02","99.00K","1.22%"
"12/05/2017","987.97","982.02","988.27","981.67","61.59K","0.69%"
"11/05/2017","981.18","981.92","984.57","978.06","63.52K","-0.01%"
"10/05/2017","981.26","982.10","988.75","981.26","75.52K","0.00%"
"09/05/2017","981.24","971.50","981.24","971.50","71.52K","1.17%"
"08/05/2017","969.86","965.29","971.90","962.05","73.89K","0.96%"
"05/05/2017","960.68","955.77","960.68","954.30","78.38K","0.97%"
"04/05/2017","951.42","947.63","956.31","947.63","70.72K","0.44%"
"03/05/2017","947.28","941.73","947.28","940.52","63.96K","0.46%"
"28/04/2017","942.92","941.76","944.07","937.87","61.54K","0.01%"
"27/04/2017","942.80","937.08","943.18","936.90","71.91K","0.68%"
"26/04/2017","936.45","929.92","938.30","929.92","52.41K","0.85%"
"25/04/2017","928.60","927.40","931.31","925.20","43.97K","0.21%"
"24/04/2017","926.61","926.08","929.41","924.11","45.27K","0.00%"
"21/04/2017","926.59","921.01","926.59","920.99","55.20K","0.50%"
"20/04/2017","921.99","932.59","933.10","921.51","55.36K","-0.29%"
"19/04/2017","924.68","913.63","924.68","913.63","66.55K","1.58%"
"18/04/2017","910.34","904.58","910.34","893.80","57.02K","0.73%"
"17/04/2017","903.73","918.53","923.20","903.73","52.85K","-1.46%"
"14/04/2017","917.14","925.11","925.11","908.19","75.81K","-0.88%"
"13/04/2017","925.32","924.18","929.45","923.63","68.12K","0.19%"
"12/04/2017","923.60","930.76","932.97","922.30","78.25K","-0.56%"
"11/04/2017","928.79","927.06","932.98","927.06","88.94K","0.35%"
"10/04/2017","925.55","919.61","927.11","919.61","48.42K","0.74%"
"07/04/2017","918.77","917.61","918.77","911.44","60.62K","0.00%"
"05/04/2017","918.75","920.36","922.23","917.66","79.48K","-0.10%"
"04/04/2017","919.64","922.17","922.42","917.04","67.00K","-0.03%"
"03/04/2017","919.96","916.12","920.25","915.35","58.51K","0.53%"
"31/03/2017","915.15","917.03","918.59","913.42","84.35K","0.03%"
"30/03/2017","914.86","913.35","917.81","913.35","59.64K","0.35%"
"29/03/2017","911.63","907.37","911.63","904.97","50.32K","0.65%"
"28/03/2017","905.73","908.27","909.66","903.97","56.59K","-0.10%"
"27/03/2017","906.65","901.72","907.71","901.72","68.07K","0.64%"
"24/03/2017","900.90","906.44","909.50","899.36","58.68K","-0.43%"
"23/03/2017","904.78","904.26","906.48","902.15","63.60K","0.17%"
"22/03/2017","903.20","912.57","917.06","903.20","108.94K","-1.16%"
"21/03/2017","913.77","910.49","913.77","910.17","84.47K","0.38%"
"20/03/2017","910.35","906.55","912.19","906.55","64.94K","0.81%"
"17/03/2017","903.00","905.57","911.15","903.00","91.35K","-0.15%"
"16/03/2017","904.38","896.57","904.38","896.57","64.01K","0.86%"
"15/03/2017","896.69","895.72","898.16","894.92","58.10K","0.25%"
"14/03/2017","894.48","891.23","894.48","889.80","55.91K","0.32%"
"13/03/2017","891.63","892.42","892.42","887.31","55.19K","-0.14%"
"10/03/2017","892.86","891.92","896.27","891.43","85.39K","0.12%"
"09/03/2017","891.77","896.02","896.17","891.20","71.50K","-0.27%"
"08/03/2017","894.20","888.29","896.87","888.21","82.08K","0.64%"
"07/03/2017","888.48","880.97","888.74","880.97","88.75K","0.75%"
"06/03/2017","881.88","876.19","883.97","876.19","68.41K","0.67%"
"03/03/2017","875.97","872.05","876.84","866.87","76.62K","0.06%"
"02/03/2017","875.48","876.05","884.19","875.48","84.58K","0.10%"
"01/03/2017","874.59","874.25","877.90","865.22","109.58K","0.00%"
"28/02/2017","874.63","883.40","888.52","874.63","90.44K","-0.90%"
"27/02/2017","882.55","878.61","883.95","876.56","79.83K","0.05%"
"24/02/2017","882.10","879.02","886.92","879.02","105.17K","0.33%"
"23/02/2017","879.23","876.74","880.42","873.08","96.07K","0.26%"
"22/02/2017","876.99","878.91","881.33","873.45","94.45K","0.16%"
"21/02/2017","875.59","873.62","879.69","873.62","85.33K","0.46%"
"20/02/2017","871.60","857.79","871.60","857.79","64.81K","1.72%"
"17/02/2017","856.89","849.03","856.89","847.30","50.35K","0.82%"
"16/02/2017","849.88","850.69","858.22","849.41","58.98K","0.01%"
"15/02/2017","849.77","846.20","849.77","846.17","48.98K","0.44%"
"14/02/2017","846.01","849.63","849.87","843.96","58.30K","-0.34%"
"13/02/2017","848.90","842.43","848.90","842.16","56.70K","1.13%"
"10/02/2017","839.42","834.29","839.42","834.29","44.73K","0.68%"
"09/02/2017","833.74","830.54","833.96","830.54","40.01K","0.50%"
"08/02/2017","829.57","826.61","829.57","825.88","46.43K","0.43%"
"07/02/2017","826.01","824.34","828.72","824.34","53.91K","0.21%"
"06/02/2017","824.24","823.64","825.61","821.04","46.51K","0.23%"
"03/02/2017","822.37","824.77","825.49","820.66","44.86K","-0.36%"
"02/02/2017","825.37","822.24","826.44","822.24","22.31K","0.35%"
"25/01/2017","822.47","816.29","822.82","815.90","24.94K","1.00%"
"24/01/2017","814.29","807.19","814.49","807.19","28.96K","0.84%"
"23/01/2017","807.50","810.49","813.57","807.12","20.49K","-0.19%"
"20/01/2017","809.04","804.81","809.04","804.60","22.06K","0.58%"
"19/01/2017","804.35","805.14","806.98","803.98","21.89K","-0.11%"
"18/01/2017","805.24","806.45","808.31","805.03","23.03K","-0.18%"
"17/01/2017","806.68","806.61","808.69","805.75","28.86K","-0.26%"
"16/01/2017","808.77","813.97","814.09","806.83","21.62K","-0.46%"
"13/01/2017","812.49","812.09","815.02","811.08","21.64K","-0.04%"
"12/01/2017","812.81","810.40","812.82","810.07","22.07K","0.26%"
"11/01/2017","810.68","807.82","810.68","806.51","23.65K","0.44%"
"10/01/2017","807.09","804.65","810.43","804.45","21.03K","-0.13%"
"09/01/2017","808.11","809.24","813.10","805.89","21.12K","-0.05%"
"06/01/2017","808.53","806.10","811.21","806.02","25.68K","0.11%"
"05/01/2017","807.65","811.36","811.50","804.01","20.25K","-0.35%"
"04/01/2017","810.46","804.34","810.46","803.83","23.44K","0.65%"
"03/01/2017","805.26","801.69","805.26","800.01","19.48K","0.55%"
"30/12/2016","800.86","798.99","803.48","798.13","26.67K","-0.15%"
"29/12/2016","802.06","799.57","802.06","799.44","32.72K","0.30%"
"28/12/2016","799.70","799.14","800.75","795.40","30.26K","0.00%"
"27/12/2016","799.72","798.58","800.19","795.26","29.32K","0.16%"
"26/12/2016","798.45","801.34","802.55","796.84","23.79K","-0.29%"
"23/12/2016","800.74","802.96","803.33","794.22","21.92K","-0.17%"
"22/12/2016","802.10","805.86","806.13","798.99","25.26K","-0.43%"
"21/12/2016","805.56","806.33","806.51","801.08","24.66K","0.26%"
"20/12/2016","803.49","807.42","809.64","801.74","36.02K","-0.49%"
"19/12/2016","807.44","806.22","807.44","803.28","42.25K","0.38%"
"16/12/2016","804.36","794.28","804.36","794.13","36.97K","1.37%"
"15/12/2016","793.51","798.82","801.25","791.11","26.73K","-0.63%"
"14/12/2016","798.58","791.51","799.45","791.12","108.40K","0.90%"
"13/12/2016","791.42","794.40","795.45","788.74","35.75K","-0.81%"
"12/12/2016","797.88","803.60","805.39","796.40","23.09K","-1.20%"
"09/12/2016","807.61","805.75","808.82","805.26","22.76K","0.45%"
"08/12/2016","803.98","803.38","804.15","798.69","30.03K","0.27%"
"07/12/2016","801.81","795.38","802.72","794.79","19.03K","0.35%"
"06/12/2016","799.01","805.59","807.18","795.89","24.81K","-1.13%"
"05/12/2016","808.14","815.32","815.42","804.72","18.24K","-0.91%"
"02/12/2016","815.57","818.75","819.81","814.36","21.18K","-0.34%"
"01/12/2016","818.35","819.18","822.69","818.35","27.32K","-0.01%"
"30/11/2016","818.45","812.27","818.45","808.44","23.83K","0.55%"
"29/11/2016","813.94","821.82","824.09","811.92","29.88K","-1.02%"
"28/11/2016","822.36","829.61","830.71","819.88","24.57K","-1.02%"
"25/11/2016","830.82","835.48","835.48","828.95","30.70K","-0.45%"
"24/11/2016","834.60","833.80","836.13","831.60","30.74K","-0.17%"
"23/11/2016","835.98","835.16","836.62","833.58","31.83K","0.01%"
"22/11/2016","835.89","835.90","838.01","832.19","27.79K","0.05%"
"21/11/2016","835.48","839.76","839.81","835.26","22.67K","-0.27%"
"18/11/2016","837.75","843.55","843.55","834.64","21.05K","-0.59%"
"17/11/2016","842.68","842.87","845.16","839.91","27.50K","0.01%"
"16/11/2016","842.60","844.09","844.65","840.63","26.30K","0.03%"
"15/11/2016","842.35","845.73","847.36","838.66","28.35K","-0.36%"
"14/11/2016","845.37","848.56","848.56","843.31","31.31K","-0.40%"
"11/11/2016","848.79","851.09","853.42","848.08","26.75K","-0.28%"
"10/11/2016","851.17","848.60","851.65","847.81","30.01K","1.19%"
"09/11/2016","841.14","847.53","847.53","827.64","34.52K","-0.79%"
"08/11/2016","847.87","850.03","853.58","847.71","24.48K","-0.20%"
"07/11/2016","849.55","843.90","849.66","842.31","24.46K","0.72%"
"04/11/2016","843.49","841.39","846.90","841.39","24.35K","0.29%"
"03/11/2016","841.06","845.07","845.32","836.46","29.52K","-0.63%"
"02/11/2016","846.41","854.91","855.67","846.41","34.02K","-1.10%"
"01/11/2016","855.79","852.26","855.79","848.58","28.85K","0.01%"
"31/10/2016","855.72","857.94","860.37","854.28","32.25K","-0.35%"
"28/10/2016","858.76","850.53","858.76","849.95","29.01K","0.57%"
"27/10/2016","853.88","851.21","854.56","847.13","24.92K","0.13%"
"26/10/2016","852.75","849.74","852.75","845.86","36.84K","0.21%"
"25/10/2016","850.99","853.56","853.56","842.12","38.24K","-0.46%"
"24/10/2016","854.96","862.68","863.26","852.67","30.47K","-1.13%"
"21/10/2016","864.73","871.92","873.06","864.12","38.31K","-0.93%"
"20/10/2016","872.89","881.44","882.03","869.57","33.38K","-0.78%"
"19/10/2016","879.75","881.03","884.37","879.75","40.12K","0.00%"
"18/10/2016","879.73","879.55","882.04","876.06","34.11K","-0.23%"
"17/10/2016","881.76","885.50","887.83","881.04","37.46K","-0.17%"
"14/10/2016","883.23","884.78","886.62","882.98","48.87K","-0.01%"
"13/10/2016","883.36","880.25","883.36","878.38","41.35K","0.22%"
"12/10/2016","881.44","879.97","881.63","877.24","33.02K","0.47%"
"11/10/2016","877.32","875.28","878.56","863.49","36.85K","0.13%"
"10/10/2016","876.19","884.48","888.35","876.19","38.20K","-0.97%"
"07/10/2016","884.77","884.14","889.01","876.09","52.35K","-0.28%"
"06/10/2016","887.26","886.67","889.28","884.96","49.12K","0.27%"
"05/10/2016","884.85","881.55","886.62","881.55","33.34K","0.34%"
"04/10/2016","881.83","890.54","893.65","879.07","31.56K","-0.98%"
"03/10/2016","890.53","889.61","893.91","888.94","34.52K","0.28%"
"30/09/2016","888.04","890.85","890.85","884.72","30.25K","-0.32%"
"29/09/2016","890.86","893.29","894.87","886.35","37.69K","0.16%"
"28/09/2016","889.44","887.18","889.61","885.01","34.53K","0.48%"
"27/09/2016","885.17","878.50","885.17","878.50","32.28K","0.68%"
"26/09/2016","879.16","875.06","879.16","874.18","36.27K","0.49%"
"23/09/2016","874.85","877.29","880.11","874.85","39.23K","-0.23%"
"22/09/2016","876.89","871.37","879.18","871.37","32.03K","0.87%"
"21/09/2016","869.29","869.00","870.79","867.44","52.33K","-0.03%"
"20/09/2016","869.59","866.65","873.09","865.78","29.16K","0.50%"
"19/09/2016","865.25","859.25","869.34","859.25","27.57K","0.63%"
"16/09/2016","859.84","860.44","864.64","857.40","48.36K","-0.33%"
"15/09/2016","862.71","859.62","863.12","857.15","33.62K","0.31%"
"14/09/2016","860.08","861.94","866.78","860.08","29.19K","-0.29%"
"13/09/2016","862.54","864.27","866.51","857.89","25.52K","-0.31%"
"12/09/2016","865.19","875.41","877.02","861.74","28.38K","-1.62%"
"09/09/2016","879.44","877.82","882.75","877.82","31.06K","0.12%"
"08/09/2016","878.37","872.67","879.50","870.47","31.07K","0.64%"
"07/09/2016","872.80","869.14","872.80","862.88","26.51K","0.45%"
"06/09/2016","868.89","863.45","869.51","862.27","26.82K","0.65%"
"05/09/2016","863.27","866.13","866.60","859.35","27.31K","-0.51%"
"01/09/2016","867.69","866.85","868.05","863.42","24.71K","0.17%"
"31/08/2016","866.23","862.26","866.23","860.45","25.85K","0.73%"
"30/08/2016","859.94","852.92","859.94","852.65","27.33K","0.70%"
"29/08/2016","853.99","861.65","863.83","853.99","30.25K","-0.79%"
"26/08/2016","860.83","857.62","861.37","857.32","32.99K","0.35%"
"25/08/2016","857.87","855.74","859.34","853.70","29.02K","0.02%"
"24/08/2016","857.70","860.84","863.90","857.70","29.29K","-0.40%"
"23/08/2016","861.17","854.90","861.17","853.59","25.34K","0.31%"
"22/08/2016","858.51","858.37","862.45","857.10","24.48K","-0.37%"
"19/08/2016","861.69","865.74","867.08","859.98","30.45K","-0.53%"
"18/08/2016","866.30","869.13","870.64","862.09","40.57K","-0.17%"
"17/08/2016","867.81","859.73","867.81","857.83","32.65K","0.87%"
"16/08/2016","860.32","852.30","860.77","852.30","39.74K","0.88%"
"15/08/2016","852.83","844.53","852.83","844.40","33.97K","0.77%"
"12/08/2016","846.31","856.40","857.53","845.46","33.11K","-0.75%"
"11/08/2016","852.69","843.54","852.69","843.32","36.64K","1.20%"
"10/08/2016","842.62","829.77","842.62","829.77","29.23K","1.60%"
"09/08/2016","829.35","822.12","829.35","822.12","24.51K","0.87%"
"08/08/2016","822.23","818.13","823.20","817.84","22.90K","0.21%"
"05/08/2016","820.48","820.66","822.11","814.37","30.92K","-0.67%"
"04/08/2016","826.00","834.63","839.49","826.00","25.96K","-0.99%"
"03/08/2016","834.23","835.89","837.92","831.62","25.80K","-0.74%"
"02/08/2016","840.48","849.86","849.99","837.10","38.75K","-2.11%"
"01/08/2016","858.61","866.35","866.51","855.72","25.23K","-1.17%"
"29/07/2016","868.75","869.23","870.90","866.27","40.60K","-0.24%"
"28/07/2016","870.80","872.27","873.05","866.78","34.43K","-0.15%"
"27/07/2016","872.11","865.79","872.22","864.55","30.24K","0.71%"
"26/07/2016","865.97","864.81","867.33","857.55","28.53K","0.21%"
"25/07/2016","864.16","867.12","868.22","862.71","22.84K","-0.15%"
"22/07/2016","865.48","865.46","865.48","852.14","24.31K","-0.63%"
"21/07/2016","871.01","875.26","879.02","868.68","22.86K","-0.60%"
"20/07/2016","876.25","886.16","886.16","876.25","20.02K","-1.29%"
"19/07/2016","887.70","898.51","900.19","882.20","28.14K","-1.04%"
"18/07/2016","897.04","884.94","897.04","884.65","27.16K","1.23%"
"15/07/2016","886.11","893.75","894.21","880.61","26.36K","-0.83%"
"14/07/2016","893.53","900.34","906.88","893.53","27.80K","-0.79%"
"13/07/2016","900.61","898.23","906.13","898.23","26.79K","0.73%"
"12/07/2016","894.09","891.61","894.58","881.54","26.96K","0.33%"
"11/07/2016","891.14","904.74","908.13","886.36","33.45K","-1.35%"
"08/07/2016","903.36","903.83","913.77","900.73","32.06K","-0.03%"
"07/07/2016","903.66","886.97","904.34","886.97","33.48K","2.38%"
"06/07/2016","882.61","873.23","882.61","868.65","29.79K","0.76%"
"05/07/2016","875.99","878.10","880.47","871.67","32.42K","0.22%"
"04/07/2016","874.07","868.74","874.07","866.27","26.69K","0.96%"
"01/07/2016","865.79","862.53","869.95","862.53","28.15K","0.36%"
"30/06/2016","862.65","865.00","869.08","861.13","27.20K","0.12%"
"29/06/2016","861.64","844.27","861.64","844.27","26.36K","1.82%"
"28/06/2016","846.20","839.62","848.33","839.28","19.67K","0.26%"
"27/06/2016","844.04","841.96","844.04","828.07","29.55K","-0.59%"
"24/06/2016","849.08","853.39","853.39","808.54","58.70K","-0.58%"
"23/06/2016","854.06","843.48","854.06","843.48","28.25K","1.55%"
"22/06/2016","841.00","836.31","841.69","836.31","24.59K","0.59%"
"21/06/2016","836.03","838.09","841.47","835.32","26.42K","0.22%"
"20/06/2016","834.16","822.02","834.16","822.02","25.26K","1.82%"
"17/06/2016","819.25","822.63","825.48","817.40","26.24K","-0.58%"
"16/06/2016","824.02","823.28","827.13","821.92","28.93K","0.33%"
"15/06/2016","821.27","814.68","821.27","813.20","25.41K","0.93%"
"14/06/2016","813.69","807.55","813.69","806.36","21.65K","0.52%"
"13/06/2016","809.49","815.33","816.01","807.82","27.70K","-0.88%"
"10/06/2016","816.71","813.42","818.39","812.80","27.23K","0.41%"
"09/06/2016","813.40","811.56","813.40","809.77","27.66K","0.17%"
"08/06/2016","812.05","808.22","814.87","808.22","33.29K","0.49%"
"07/06/2016","808.10","798.55","808.53","798.55","27.97K","1.23%"
"06/06/2016","798.25","799.27","803.55","796.28","22.98K","0.10%"
"03/06/2016","797.44","794.08","798.74","793.58","27.61K","0.54%"
"02/06/2016","793.15","790.22","793.15","788.30","28.15K","0.41%"
"01/06/2016","789.95","789.41","790.50","785.79","25.31K","0.08%"
"31/05/2016","789.32","784.97","789.81","784.44","24.70K","0.79%"
"30/05/2016","783.10","779.97","783.10","778.63","28.92K","0.68%"
"27/05/2016","777.84","771.76","778.29","771.37","21.81K","0.39%"
"26/05/2016","774.82","781.10","783.17","773.18","27.20K","-0.83%"
"25/05/2016","781.31","780.93","783.19","779.52","25.76K","0.12%"
"24/05/2016","780.36","779.48","782.68","776.94","26.86K","0.54%"
"23/05/2016","776.20","775.41","778.02","774.17","22.71K","0.33%"
"20/05/2016","773.63","773.88","776.19","772.42","20.89K","0.04%"
"19/05/2016","773.35","772.49","775.08","770.93","31.08K","-0.14%"
"18/05/2016","774.47","777.00","777.98","772.89","30.30K","-0.05%"
"17/05/2016","774.82","771.59","774.82","771.59","29.79K","0.45%"
"16/05/2016","771.38","770.49","772.11","769.12","24.58K","0.07%"
"13/05/2016","770.86","772.12","773.23","769.13","30.21K","-0.12%"
"12/05/2016","771.79","773.83","775.84","771.68","27.01K","0.01%"
"11/05/2016","771.68","768.43","773.35","767.91","28.57K","0.91%"
"10/05/2016","764.70","766.65","766.79","760.59","30.10K","-0.41%"
"09/05/2016","767.85","766.05","771.17","766.05","26.34K","-0.17%"
"06/05/2016","769.15","771.70","775.30","768.81","27.36K","-0.59%"
"05/05/2016","773.69","775.33","778.39","771.48","33.51K","0.34%"
"04/05/2016","771.06","765.76","772.88","765.67","33.43K","0.45%"
"29/04/2016","767.57","761.32","767.57","761.29","26.60K","0.79%"
"28/04/2016","761.52","765.43","765.54","758.68","27.27K","-0.42%"
"27/04/2016","764.77","766.53","769.87","761.30","33.50K","-0.12%"
"26/04/2016","765.67","763.71","768.53","763.29","32.54K","0.17%"
"25/04/2016","764.40","764.02","765.73","762.56","36.18K","0.45%"
"22/04/2016","761.00","755.13","761.55","754.29","33.08K","0.89%"
"21/04/2016","754.25","753.97","757.16","753.56","27.79K","0.22%"
"20/04/2016","752.60","752.48","756.87","748.02","30.19K","0.23%"
"19/04/2016","750.87","761.53","762.97","750.87","36.38K","-1.50%"
"15/04/2016","762.34","764.42","769.05","762.34","36.91K","-0.04%"
"14/04/2016","762.62","762.14","768.49","761.07","36.49K","-0.05%"
"13/04/2016","762.98","766.45","769.24","759.76","40.34K","-0.06%"
"12/04/2016","763.42","764.80","766.99","761.10","34.32K","0.24%"
"11/04/2016","761.61","755.58","764.52","755.22","36.75K","1.11%"
"08/04/2016","753.23","747.48","753.23","747.48","35.75K","0.77%"
"07/04/2016","747.49","744.56","748.48","744.56","28.75K","0.44%"
"06/04/2016","744.21","737.71","744.21","737.71","25.04K","0.96%"
"05/04/2016","737.17","732.65","738.50","731.76","34.34K","0.29%"
"04/04/2016","735.07","737.26","744.01","735.07","31.73K","-0.41%"
"01/04/2016","738.08","745.37","747.18","738.08","25.75K","-1.17%"
"31/03/2016","746.83","757.03","759.12","745.80","42.11K","-1.30%"
"30/03/2016","756.70","753.86","758.00","750.22","32.93K","0.44%"
"29/03/2016","753.37","761.08","762.04","752.14","36.40K","-0.89%"
"28/03/2016","760.10","754.56","760.10","754.56","33.80K","0.87%"
"25/03/2016","753.54","754.65","757.14","747.23","33.31K","-0.30%"
"24/03/2016","755.79","755.63","760.28","753.50","40.86K","0.20%"
"23/03/2016","754.27","745.90","754.27","745.18","31.17K","1.18%"
"22/03/2016","745.44","749.51","750.49","742.21","38.07K","-0.62%"
"21/03/2016","750.10","756.71","759.10","750.02","37.03K","-0.81%"
"18/03/2016","756.21","758.60","760.76","754.59","46.84K","-0.20%"
"17/03/2016","757.76","755.13","758.41","755.13","35.45K","0.73%"
"16/03/2016","752.24","749.52","753.19","749.22","32.84K","0.21%"
"15/03/2016","750.70","756.11","756.33","747.29","37.56K","-0.82%"
"14/03/2016","756.92","757.75","759.23","755.84","34.80K","-0.14%"
"11/03/2016","757.97","757.14","760.14","755.22","33.12K","0.00%"
"10/03/2016","757.98","749.94","757.98","749.82","32.95K","1.28%"
"09/03/2016","748.38","747.43","750.65","746.11","39.57K","0.05%"
"08/03/2016","748.03","747.45","751.90","744.42","48.18K","-0.25%"
"07/03/2016","749.87","752.55","757.97","749.19","50.18K","-0.36%"
"04/03/2016","752.61","744.93","754.16","741.91","38.17K","0.87%"
"03/03/2016","746.12","749.83","750.34","744.76","26.07K","-0.57%"
"02/03/2016","750.38","743.90","751.22","743.86","37.10K","0.69%"
"01/03/2016","745.22","745.30","748.76","744.78","27.27K","-0.02%"
"29/02/2016","745.34","748.57","748.97","743.90","29.87K","-0.04%"
"26/02/2016","745.65","742.58","747.27","742.58","29.61K","0.34%"
"25/02/2016","743.09","748.17","749.47","741.93","28.14K","-0.66%"
"24/02/2016","748.03","744.71","749.75","743.60","31.42K","0.16%"
"23/02/2016","746.85","748.89","751.78","744.56","38.84K","-0.07%"
"22/02/2016","747.35","739.90","748.11","739.90","34.05K","1.11%"
"19/02/2016","739.14","736.56","739.84","735.47","26.70K","0.28%"
"18/02/2016","737.04","734.28","738.21","732.81","23.75K","0.60%"
"17/02/2016","732.65","734.85","737.01","731.81","26.16K","0.04%"
"16/02/2016","732.38","725.16","732.38","724.98","28.43K","1.28%"
"15/02/2016","723.13","719.97","723.26","717.74","16.91K","0.36%"
"05/02/2016","720.55","715.08","720.62","714.31","17.63K","0.83%"
"04/02/2016","714.64","711.21","717.26","711.21","15.30K","0.64%"
"03/02/2016","710.09","706.72","710.70","703.81","19.54K","0.11%"
"02/02/2016","709.29","709.99","714.24","707.90","26.46K","-0.28%"
"01/02/2016","711.31","715.96","718.18","710.63","31.29K","-0.75%"
"29/01/2016","716.72","710.92","716.72","709.52","28.57K","0.85%"
"28/01/2016","710.65","713.75","716.68","710.65","34.56K","-0.50%"
"27/01/2016","714.25","710.97","714.63","710.97","28.69K","0.89%"
"26/01/2016","707.98","709.56","713.40","706.30","36.31K","-1.11%"
"25/01/2016","715.93","703.66","716.20","703.09","36.48K","2.60%"
"22/01/2016","697.80","694.23","697.80","686.39","26.19K","0.68%"
"21/01/2016","693.08","695.03","698.90","691.05","25.11K","-0.68%"
"20/01/2016","697.85","702.44","704.57","697.01","18.85K","-0.75%"
"19/01/2016","703.11","692.06","703.11","691.19","22.29K","1.46%"
"18/01/2016","692.97","701.19","701.19","683.38","36.56K","-2.31%"
"15/01/2016","709.35","716.16","718.92","709.35","21.52K","-0.85%"
"14/01/2016","715.45","719.06","719.06","710.65","22.00K","-1.06%"
"13/01/2016","723.08","724.68","727.71","720.68","24.10K","-0.13%"
"12/01/2016","724.00","711.00","724.00","708.88","29.75K","1.67%"
"11/01/2016","712.12","716.64","717.34","710.92","23.14K","-0.98%"
"08/01/2016","719.20","721.30","721.30","712.01","35.48K","-0.76%"
"07/01/2016","724.74","735.48","735.48","719.45","32.56K","-1.48%"
"06/01/2016","735.65","730.63","736.10","730.63","16.78K","0.63%"
"05/01/2016","731.05","733.62","735.44","728.37","19.20K","-0.66%"
"04/01/2016","735.89","738.52","741.54","734.89","22.39K","-0.54%"
"31/12/2015","739.87","736.41","739.87","733.98","27.99K","0.30%"
"30/12/2015","737.69","731.97","738.28","731.94","22.64K","0.78%"
"29/12/2015","731.95","727.51","731.95","724.58","21.59K","0.41%"
"28/12/2015","728.99","728.98","731.76","727.73","21.69K","0.04%"
"25/12/2015","728.69","728.07","731.32","726.54","19.87K","-0.24%"
"24/12/2015","730.43","728.76","732.55","727.72","22.28K","0.31%"
"23/12/2015","728.18","732.13","734.65","724.17","17.43K","-0.58%"
"22/12/2015","732.42","737.00","738.30","730.81","21.32K","-0.60%"
"21/12/2015","736.84","739.58","740.69","732.23","24.63K","-0.27%"
"18/12/2015","738.84","742.18","742.62","738.84","34.47K","-0.63%"
"17/12/2015","743.54","740.97","743.54","739.35","24.91K","0.87%"
"16/12/2015","737.16","729.84","739.64","729.84","36.54K","1.23%"
"15/12/2015","728.22","724.76","728.35","724.35","42.01K","0.64%"
"14/12/2015","723.62","721.98","724.04","720.92","18.38K","0.20%"
"11/12/2015","722.17","717.23","722.98","715.55","20.58K","0.82%"
"10/12/2015","716.28","723.97","724.94","716.28","26.63K","-1.23%"
"09/12/2015","725.22","732.87","735.20","724.36","25.00K","-1.17%"
"08/12/2015","733.80","725.81","733.80","721.13","26.14K","1.11%"
"07/12/2015","725.74","731.00","731.40","725.37","18.77K","-0.50%"
"04/12/2015","729.42","730.04","730.41","722.32","20.38K","-0.09%"
"03/12/2015","730.05","730.55","734.10","729.16","18.39K","-0.37%"
"02/12/2015","732.78","726.78","733.14","726.78","20.14K","0.85%"
"01/12/2015","726.60","723.85","729.01","723.85","24.22K","0.26%"
"30/11/2015","724.74","730.88","730.88","721.11","24.94K","-1.06%"
"27/11/2015","732.49","742.05","743.37","731.85","31.12K","-1.35%"
"26/11/2015","742.55","745.33","747.23","742.44","37.74K","-0.36%"
"25/11/2015","745.26","744.54","746.22","738.64","32.79K","0.05%"
"24/11/2015","744.87","748.53","748.53","739.18","37.89K","-0.50%"
"23/11/2015","748.58","746.19","752.10","746.19","35.23K","0.45%"
"20/11/2015","745.24","740.32","746.68","740.32","33.68K","0.66%"
"19/11/2015","740.35","736.88","740.35","733.66","31.36K","0.64%"
"18/11/2015","735.62","731.20","736.39","730.51","27.70K","-0.01%"
"17/11/2015","735.70","736.40","738.52","734.41","37.18K","-0.22%"
"16/11/2015","737.35","732.72","739.08","731.74","28.83K","0.42%"
"13/11/2015","734.26","726.21","734.26","725.38","30.99K","1.60%"
"12/11/2015","722.71","713.84","722.71","712.79","23.94K","1.24%"
"11/11/2015","713.86","714.18","716.35","711.91","20.60K","-0.12%"
"10/11/2015","714.73","715.07","715.65","711.32","18.95K","-0.16%"
"09/11/2015","715.88","716.30","717.08","714.87","19.70K","0.08%"
"06/11/2015","715.28","719.86","719.86","710.26","23.63K","-0.61%"
"05/11/2015","719.70","715.42","719.91","714.19","29.21K","0.56%"
"04/11/2015","715.72","720.17","720.87","715.62","28.39K","-0.31%"
"03/11/2015","717.95","710.26","718.00","705.59","29.31K","1.11%"
"02/11/2015","710.07","720.91","722.34","708.43","25.79K","-1.44%"
"30/10/2015","720.41","717.62","720.78","716.20","23.34K","0.45%"
"29/10/2015","717.16","710.26","717.16","710.26","26.71K","1.16%"
"28/10/2015","708.97","708.03","711.70","707.27","26.98K","0.28%"
"27/10/2015","706.99","703.89","706.99","703.01","30.63K","0.17%"
"26/10/2015","705.76","711.11","712.91","705.76","25.34K","-0.31%"
"23/10/2015","707.96","708.51","711.27","706.00","27.67K","0.32%"
"22/10/2015","705.67","698.28","705.67","698.28","26.58K","0.99%"
"21/10/2015","698.73","700.75","703.65","698.12","23.54K","-0.26%"
"20/10/2015","700.53","704.42","706.75","697.03","33.35K","-0.49%"
"19/10/2015","704.01","700.75","705.75","700.75","32.31K","0.52%"
"16/10/2015","700.34","698.45","703.69","698.45","36.61K","0.43%"
"15/10/2015","697.37","692.31","697.67","692.26","31.77K","0.71%"
"14/10/2015","692.43","691.41","695.78","691.18","26.33K","0.33%"
"13/10/2015","690.14","686.61","690.14","685.64","26.87K","0.44%"
"12/10/2015","687.13","689.35","691.22","687.13","28.66K","-0.32%"
"09/10/2015","689.36","694.12","694.88","689.36","37.82K","-0.42%"
"08/10/2015","692.24","681.05","692.96","681.05","41.32K","1.56%"
"07/10/2015","681.63","688.86","689.54","680.66","35.87K","-0.63%"
"06/10/2015","685.95","681.37","686.81","681.35","34.53K","1.85%"
"05/10/2015","673.51","667.65","673.51","666.03","31.13K","1.05%"
"02/10/2015","666.52","663.62","667.06","662.53","21.65K","0.55%"
"01/10/2015","662.86","661.43","662.86","659.75","21.17K","0.26%"
"30/09/2015","661.14","657.19","663.24","657.19","20.03K","0.67%"
"29/09/2015","656.72","656.76","657.76","652.64","23.85K","-0.54%"
"28/09/2015","660.29","665.73","666.20","659.96","18.75K","-0.60%"
"25/09/2015","664.30","659.40","664.30","658.52","17.27K","0.74%"
"24/09/2015","659.40","658.37","663.34","658.37","31.18K","0.11%"
"23/09/2015","658.70","655.07","658.70","654.36","24.91K","0.33%"
"22/09/2015","656.51","655.05","656.54","654.10","24.06K","0.46%"
"21/09/2015","653.49","647.63","653.49","647.63","24.02K","0.86%"
"18/09/2015","647.94","642.16","650.04","642.16","38.36K","1.07%"
"17/09/2015","641.06","640.74","642.12","639.24","15.09K","0.30%"
"16/09/2015","639.16","638.47","639.47","636.82","15.24K","0.18%"
"15/09/2015","638.03","639.33","640.72","637.58","19.26K","-0.25%"
"14/09/2015","639.66","646.21","647.20","637.21","16.89K","-1.06%"
"11/09/2015","646.49","648.53","649.97","645.85","18.13K","-0.25%"
"10/09/2015","648.12","647.03","649.57","645.10","13.53K","-0.31%"
"09/09/2015","650.12","646.94","650.58","646.91","23.53K","0.63%"
"08/09/2015","646.03","640.39","646.03","639.05","21.19K","0.93%"
"07/09/2015","640.09","645.28","646.98","639.76","16.30K","-0.79%"
"04/09/2015","645.21","642.53","646.54","642.17","16.46K","0.38%"
"03/09/2015","642.75","646.39","647.91","640.17","27.06K","-1.03%"
"01/09/2015","649.45","649.17","653.21","646.04","24.45K","0.05%"
"31/08/2015","649.15","653.29","653.45","646.03","29.87K","-0.35%"
"28/08/2015","651.42","647.89","651.42","644.54","40.20K","0.85%"
"27/08/2015","645.90","644.33","648.68","643.81","24.24K","0.94%"
"26/08/2015","639.91","624.60","639.91","624.60","26.64K","2.33%"
"25/08/2015","625.36","610.76","629.77","609.70","36.37K","-0.07%"
"24/08/2015","625.82","650.38","650.38","621.81","37.95K","-4.96%"
"21/08/2015","658.48","664.13","664.13","643.53","42.40K","-1.27%"
"20/08/2015","666.97","671.99","673.22","663.26","20.24K","-0.88%"
"19/08/2015","672.86","672.92","673.99","665.43","21.85K","-0.21%"
"18/08/2015","674.27","674.08","674.83","669.50","22.21K","0.21%"
"17/08/2015","672.86","680.18","680.62","669.97","22.79K","-0.83%"
"14/08/2015","678.49","675.09","680.78","673.02","21.30K","0.33%"
"13/08/2015","676.29","682.51","682.51","672.90","30.07K","-1.11%"
"12/08/2015","683.87","687.65","689.69","680.10","33.22K","-0.62%"
"11/08/2015","688.11","691.49","692.79","687.59","23.76K","-0.16%"
"10/08/2015","689.23","684.57","689.63","684.25","22.61K","0.82%"
"07/08/2015","683.62","683.19","683.62","678.95","17.30K","0.23%"
"06/08/2015","682.08","685.93","686.48","680.95","29.29K","-0.57%"
"05/08/2015","686.01","678.40","686.01","678.40","26.27K","1.43%"
"04/08/2015","676.33","675.18","678.28","672.61","20.41K","0.24%"
"03/08/2015","674.68","678.68","679.17","669.20","30.52K","-1.58%"
"31/07/2015","685.49","691.85","693.31","685.49","28.58K","-0.68%"
"30/07/2015","690.15","689.02","690.53","687.49","30.75K","0.33%"
"29/07/2015","687.87","693.44","693.44","687.87","24.62K","-0.85%"
"28/07/2015","693.76","702.14","702.14","692.18","30.29K","-0.82%"
"27/07/2015","699.51","691.51","699.51","691.30","30.36K","1.43%"
"24/07/2015","689.67","684.57","690.74","683.48","35.58K","0.99%"
"23/07/2015","682.94","684.71","687.76","682.94","36.62K","0.06%"
"22/07/2015","682.50","673.10","683.02","672.59","36.04K","1.09%"
"21/07/2015","675.13","676.70","681.61","673.68","25.52K","-0.27%"
"20/07/2015","676.95","676.71","679.19","673.02","28.23K","-0.46%"
"17/07/2015","680.07","676.20","681.51","675.94","26.94K","0.58%"
"16/07/2015","676.18","677.03","680.14","673.62","37.04K","-0.79%"
"15/07/2015","681.55","689.30","689.68","681.55","44.85K","-1.03%"
"14/07/2015","688.62","688.25","691.34","682.31","45.69K","0.59%"
"13/07/2015","684.58","677.48","685.80","676.44","45.56K","1.42%"
"10/07/2015","674.98","669.56","676.39","669.56","36.54K","1.07%"
"09/07/2015","667.84","665.44","669.94","663.23","37.12K","-0.31%"
"08/07/2015","669.95","670.94","677.04","663.91","45.82K","0.08%"
"07/07/2015","669.42","666.16","672.83","664.00","54.59K","0.39%"
"06/07/2015","666.80","661.05","667.33","661.04","46.58K","1.34%"
"03/07/2015","657.99","654.55","659.98","654.55","42.91K","0.87%"
"02/07/2015","652.34","642.17","653.73","642.17","37.77K","1.24%"
"01/07/2015","644.38","645.62","647.35","640.80","26.25K","-0.40%"
"30/06/2015","646.97","648.79","652.22","646.24","30.26K","-0.73%"
"29/06/2015","651.73","646.63","651.73","646.21","23.56K","0.48%"
"26/06/2015","648.64","652.26","656.22","648.64","32.11K","-0.68%"
"25/06/2015","653.09","655.32","657.08","652.25","30.01K","-0.46%"
"24/06/2015","656.14","657.76","658.69","655.48","23.73K","-0.19%"
"23/06/2015","657.38","654.44","657.38","653.76","22.01K","-0.06%"
"22/06/2015","657.80","658.18","659.93","656.43","23.11K","-0.13%"
"19/06/2015","658.63","660.00","662.40","657.26","24.96K","0.18%"
"18/06/2015","657.43","656.63","659.37","655.80","20.83K","-0.08%"
"17/06/2015","657.96","658.45","660.61","654.52","29.80K","-0.10%"
"16/06/2015","658.63","665.89","667.78","658.63","35.22K","-0.85%"
"15/06/2015","664.27","662.52","666.53","660.77","38.46K","0.29%"
"12/06/2015","662.37","661.40","663.77","656.09","47.59K","0.37%"
"11/06/2015","659.92","655.63","659.92","654.07","37.02K","0.78%"
"10/06/2015","654.78","657.52","657.52","649.82","32.66K","-0.31%"
"09/06/2015","656.82","661.76","665.49","654.67","39.27K","-1.04%"
"08/06/2015","663.75","661.11","668.75","661.11","41.65K","0.75%"
"05/06/2015","658.84","651.25","661.04","651.25","37.57K","1.16%"
"04/06/2015","651.28","649.07","653.80","649.07","29.10K","0.58%"
"03/06/2015","647.51","644.85","649.85","644.10","22.68K","0.12%"
"02/06/2015","646.74","654.40","656.99","646.74","26.48K","-1.22%"
"01/06/2015","654.76","654.96","661.37","653.89","21.48K","-0.02%"
"29/05/2015","654.92","656.18","661.90","654.70","32.02K","0.08%"
"28/05/2015","654.39","647.45","659.49","645.78","35.04K","1.26%"
"27/05/2015","646.27","642.17","648.44","642.09","22.96K","0.20%"
"26/05/2015","645.00","645.42","648.00","642.82","37.81K","0.10%"
"25/05/2015","644.37","638.25","644.37","638.25","24.66K","0.88%"
"22/05/2015","638.77","634.13","639.79","632.63","30.55K","0.77%"
"21/05/2015","633.86","631.12","635.30","629.09","22.67K","0.45%"
"20/05/2015","631.00","618.45","632.37","618.35","32.99K","2.07%"
"19/05/2015","618.20","611.14","618.84","611.14","24.24K","1.37%"
"18/05/2015","609.84","621.58","621.58","609.84","22.35K","-1.77%"
"15/05/2015","620.81","628.82","629.31","620.81","19.95K","-1.24%"
"14/05/2015","628.62","622.82","628.62","622.47","13.73K","0.81%"
"13/05/2015","623.56","623.37","626.69","619.14","16.76K","-0.14%"
"12/05/2015","624.46","631.51","631.51","620.54","18.61K","-1.04%"
"11/05/2015","631.02","635.49","635.49","628.54","13.47K","-0.67%"
"08/05/2015","635.29","632.22","635.46","631.31","18.76K","0.25%"
"07/05/2015","633.69","624.50","633.69","623.95","21.54K","1.19%"
"06/05/2015","626.25","631.49","633.93","624.23","29.59K","-1.02%"
"05/05/2015","632.73","627.40","632.73","621.25","30.10K","0.63%"
"04/05/2015","628.78","648.91","649.65","628.39","34.71K","-3.09%"
"27/04/2015","648.84","651.57","654.86","648.64","17.68K","-0.49%"
"24/04/2015","652.02","650.08","653.88","649.90","17.84K","0.25%"
"23/04/2015","650.42","653.56","653.97","645.97","22.97K","-0.42%"
"22/04/2015","653.18","651.29","654.86","649.82","36.60K","0.17%"
"21/04/2015","652.04","653.47","655.61","651.78","25.47K","-0.26%"
"20/04/2015","653.76","655.94","656.06","649.25","22.67K","-0.46%"
"17/04/2015","656.77","657.04","659.16","655.17","29.66K","0.05%"
"16/04/2015","656.45","653.87","658.07","653.87","29.98K","0.61%"
"15/04/2015","652.47","646.18","652.47","645.78","20.00K","0.70%"
"14/04/2015","647.92","651.64","654.03","647.36","18.84K","-0.65%"
"13/04/2015","652.19","656.78","657.87","650.46","18.72K","-0.34%"
"10/04/2015","654.41","654.15","658.34","653.27","25.44K","0.01%"
"09/04/2015","654.32","648.93","654.32","647.75","30.54K","0.89%"
"08/04/2015","648.52","645.69","648.52","643.68","19.29K","0.65%"
"07/04/2015","644.35","639.26","644.35","636.70","19.96K","0.67%"
"06/04/2015","640.03","643.28","645.71","638.72","13.24K","-0.52%"
"03/04/2015","643.36","644.03","645.40","640.30","15.95K","0.21%"
"02/04/2015","642.04","633.47","642.04","631.91","17.12K","1.40%"
"01/04/2015","633.20","643.10","644.69","630.75","18.98K","-1.60%"
"31/03/2015","643.49","635.62","643.49","635.62","14.03K","1.02%"
"30/03/2015","636.97","640.91","643.19","632.96","17.09K","-0.71%"
"27/03/2015","641.50","646.65","647.57","637.87","16.00K","-0.50%"
"26/03/2015","644.70","638.94","646.15","638.35","15.32K","0.53%"
"25/03/2015","641.32","643.81","644.50","639.23","20.58K","-0.10%"
"24/03/2015","641.96","642.50","642.95","637.18","20.03K","-0.52%"
"23/03/2015","645.29","650.23","651.34","644.04","17.90K","-0.65%"
"20/03/2015","649.54","645.84","650.86","643.97","14.10K","0.66%"
"19/03/2015","645.28","646.31","649.58","644.76","18.24K","-0.41%"
"18/03/2015","647.93","650.51","650.86","644.86","19.09K","-0.35%"
"17/03/2015","650.23","649.26","652.39","649.13","18.80K","-0.19%"
"16/03/2015","651.48","652.86","653.52","649.30","20.24K","-0.46%"
"13/03/2015","654.52","654.19","657.86","652.91","17.56K","0.06%"
"12/03/2015","654.10","654.61","658.11","653.95","18.22K","0.02%"
"11/03/2015","654.00","654.62","658.21","653.85","17.63K","-0.53%"
"10/03/2015","657.49","656.00","658.58","655.41","19.25K","0.00%"
"09/03/2015","657.48","662.67","663.22","654.86","25.71K","-0.77%"
"06/03/2015","662.57","659.32","663.72","657.62","23.26K","0.21%"
"05/03/2015","661.17","660.37","662.26","657.32","29.35K","0.12%"
"04/03/2015","660.41","657.68","660.41","654.83","22.59K","0.69%"
"03/03/2015","655.87","649.92","656.20","649.92","21.39K","0.62%"
"02/03/2015","651.85","653.17","654.67","650.58","17.56K","-0.35%"
"27/02/2015","654.14","656.53","656.70","651.39","18.34K","-0.16%"
"26/02/2015","655.17","652.12","655.17","650.94","17.89K","0.62%"
"25/02/2015","651.11","652.36","656.59","651.11","22.50K","-0.30%"
"24/02/2015","653.10","650.43","653.74","649.69","11.32K","0.41%"
"13/02/2015","650.46","649.64","651.88","648.01","15.25K","0.14%"
"12/02/2015","649.56","647.15","651.21","647.15","16.54K","0.41%"
"11/02/2015","646.88","639.76","647.25","639.42","13.23K","0.95%"
"10/02/2015","640.80","640.35","643.14","639.26","13.58K","0.15%"
"09/02/2015","639.82","642.89","645.02","639.42","15.42K","-0.55%"
"06/02/2015","643.36","636.19","643.36","636.19","13.58K","1.13%"
"05/02/2015","636.14","632.95","636.56","632.54","15.40K","0.82%"
"04/02/2015","630.94","627.08","630.94","622.85","19.89K","0.40%"
"03/02/2015","628.44","645.67","645.72","628.44","23.15K","-2.40%"
"02/02/2015","643.91","646.73","649.82","643.41","16.27K","-0.57%"
"30/01/2015","647.59","654.82","655.92","643.18","28.43K","-1.10%"
"29/01/2015","654.79","653.37","656.94","649.27","23.38K","0.55%"
"28/01/2015","651.21","644.61","652.41","644.01","25.74K","0.85%"
"27/01/2015","645.75","644.29","651.33","639.89","34.44K","0.18%"
"26/01/2015","644.60","639.78","644.92","639.78","27.52K","1.02%"
"23/01/2015","638.11","637.12","641.67","637.12","26.18K","0.29%"
"22/01/2015","636.25","635.26","636.25","632.00","12.96K","0.33%"
"21/01/2015","634.17","639.64","640.60","633.58","10.78K","-0.59%"
"20/01/2015","637.93","636.22","640.55","635.78","17.42K","0.23%"
"19/01/2015","636.49","637.94","639.69","633.38","18.28K","-0.18%"
"16/01/2015","637.63","638.51","641.21","637.59","20.50K","-0.07%"
"15/01/2015","638.10","639.12","641.25","636.70","20.88K","0.28%"
"14/01/2015","636.34","634.47","637.22","629.65","19.50K","0.56%"
"13/01/2015","632.80","628.77","632.80","627.92","16.43K","0.73%"
"12/01/2015","628.24","634.33","636.44","628.24","17.66K","-0.94%"
"09/01/2015","634.22","629.33","635.46","629.33","17.81K","0.90%"
"08/01/2015","628.54","633.01","634.50","626.03","13.32K","-0.46%"
"07/01/2015","631.47","632.07","637.99","631.47","21.90K","-0.15%"
"06/01/2015","632.42","623.29","632.42","622.55","16.14K","0.77%"
"05/01/2015","627.56","631.76","633.85","627.50","13.41K","-0.60%"
"31/12/2014","631.36","619.01","631.36","618.77","20.59K","2.39%"
"30/12/2014","616.62","606.33","616.62","598.60","15.14K","1.73%"
"29/12/2014","606.12","609.47","615.81","601.46","18.07K","-1.03%"
"26/12/2014","612.44","619.77","619.77","610.57","18.08K","-1.27%"
"25/12/2014","620.30","622.83","623.73","618.31","14.18K","-0.71%"
"24/12/2014","624.73","624.71","626.55","622.33","14.73K","0.47%"
"23/12/2014","621.80","624.65","626.62","620.37","14.79K","-0.36%"
"22/12/2014","624.03","618.26","624.40","618.22","15.03K","1.42%"
"19/12/2014","615.29","622.24","625.60","612.58","21.27K","-1.26%"
"18/12/2014","623.16","622.42","627.24","620.53","20.04K","0.25%"
"17/12/2014","621.62","637.10","637.95","608.76","37.73K","-2.51%"
"16/12/2014","637.64","648.76","650.23","637.64","30.26K","-1.91%"
"15/12/2014","650.08","652.98","656.84","649.92","17.76K","-0.50%"
"12/12/2014","653.36","649.42","653.62","649.42","18.15K","0.60%"
"11/12/2014","649.47","650.52","656.07","648.68","19.47K","-0.73%"
"10/12/2014","654.24","639.75","654.24","637.62","23.66K","2.18%"
"09/12/2014","640.26","659.59","659.59","637.11","41.16K","-3.01%"
"08/12/2014","660.13","666.21","666.48","660.13","31.89K","-0.62%"
"05/12/2014","664.28","663.81","667.66","661.68","26.96K","0.16%"
"04/12/2014","663.23","662.48","668.31","662.48","28.76K","0.23%"
"03/12/2014","661.72","659.84","663.92","658.65","26.85K","0.54%"
"02/12/2014","658.18","656.18","658.81","656.03","19.31K","0.39%"
"01/12/2014","655.63","657.95","662.25","655.63","21.98K","-0.43%"
"28/11/2014","658.45","655.58","661.15","654.72","38.13K","0.44%"
"27/11/2014","655.56","648.84","655.56","644.47","21.28K","0.77%"
"26/11/2014","650.56","657.91","660.56","648.87","30.27K","-0.96%"
"25/11/2014","656.87","654.45","659.93","654.45","16.42K","0.40%"
"24/11/2014","654.25","654.70","656.62","650.19","23.65K","-0.53%"
"21/11/2014","657.75","666.94","667.78","657.61","29.49K","-1.16%"
"20/11/2014","665.47","659.04","665.47","658.98","29.29K","1.39%"